# Blender 4.3.2
# www.blender.org
o Cylinder
v -1.302949 1.145407 -10.727664
v -7.871958 7.549469 -8.428514
v 0.862520 1.145407 -10.804312
v -6.630826 7.453627 -10.728563
v 3.327359 1.145407 -11.383107
v -5.072919 7.326474 -12.945422
v 4.730342 1.145407 -9.606095
v -2.824690 7.238503 -12.306170
v 6.039128 1.145407 -7.960715
v -0.767603 7.101206 -10.990077
v 7.442560 1.145407 -6.571653
v 1.111771 6.994236 -9.756002
v 9.071434 1.145407 -5.223090
v 3.334325 7.091999 -8.929603
v 9.932370 1.145407 -3.430614
v 5.558350 7.225369 -8.098458
v 10.105549 1.145407 -1.409325
v 7.504122 7.339028 -6.929634
v 10.837858 1.209530 -0.442842
v 9.132347 7.340362 -5.577135
v 9.214573 1.224933 3.944604
v 11.211580 7.490259 -1.090379
v 7.958513 1.076072 5.970745
v 11.321189 7.672058 0.444703
v 7.409341 0.767325 8.330597
v 11.665142 8.015751 2.598273
v 5.754013 0.406647 10.131727
v 11.486888 8.458003 4.890838
v 3.958081 0.778839 11.105689
v 9.587215 8.200377 6.812387
v 2.888370 1.081358 11.153511
v 7.653210 7.798000 8.304294
v -2.046039 1.227680 10.425539
v 3.351293 7.542377 10.991680
v -4.270962 1.145407 9.305972
v 1.753233 7.620975 11.189893
v -6.278318 1.145407 8.844428
v -0.450519 7.630341 11.617115
v -7.866877 1.144675 7.366455
v -2.819513 7.684186 12.636680
v -9.795054 1.142479 6.229629
v -5.429684 7.803654 13.323214
v -9.869543 1.144675 3.751073
v -7.404553 7.903053 10.766809
v -10.151005 1.145407 1.557024
v -9.370829 7.838580 8.046197
v -10.587870 1.221851 0.492406
v -11.167848 7.593265 5.927230
v -9.987308 1.228737 -4.382755
v -11.363887 7.730892 0.865767
v -8.515618 1.145407 -6.425667
v -11.145924 7.793974 -0.683793
v -6.890890 1.145407 -7.771924
v -10.821959 7.734540 -2.775092
v -5.176793 1.145407 -8.887963
v -10.170147 7.664495 -4.775676
v -3.255283 1.145407 -9.618489
v -9.126038 7.604199 -6.620210
v 7.979900 4.281713 5.192483
v 7.633465 4.338289 7.442010
v 6.994603 4.365437 9.688321
v 4.490316 4.347231 9.705790
v 2.035533 4.316792 9.271856
v 0.103573 4.265893 9.437741
v -1.706120 4.294312 9.101025
v -3.438363 4.325461 8.849990
v -5.139490 4.303060 7.822242
v -6.855925 4.327640 6.879292
v -9.444771 4.323767 3.694601
v -9.539738 4.280511 1.919381
v -10.631214 4.233873 -0.283072
v -11.778086 4.248407 -2.723313
v -9.726924 4.269731 -4.014748
v -8.202356 4.335119 -5.260713
v -5.578070 4.284328 -7.970234
v -3.799101 4.223087 -8.716376
v -1.995056 4.260409 -9.130637
v 0.099692 4.297945 -10.277308
v 2.470762 4.317455 -11.232280
v 3.858057 4.276046 -9.508619
v 4.972213 4.247123 -7.854389
v 6.297521 4.219725 -6.543820
v 8.459286 4.330322 -3.642667
v 8.987416 4.301708 -1.973192
v 9.314154 4.306463 -0.129592
v 9.073216 4.290720 1.710675
v 8.993098 4.278792 3.533346
v 0.864391 5.685711 -12.210057
v 3.916064 5.757803 -12.895222
v 7.337656 5.811156 -13.218418
v 8.319764 5.775147 -10.161879
v 9.717409 5.798916 -7.738909
v 11.659723 5.865590 -5.987791
v 12.616307 5.915000 -3.698923
v 13.105235 5.955849 -1.219681
v 13.093264 5.985837 1.332316
v 13.562828 6.008269 4.114348
v 10.451645 6.157878 8.568918
v 7.946053 6.234882 10.002718
v 5.694259 6.325427 11.765032
v 3.586950 6.501827 14.295585
v 1.208939 6.170034 14.135618
v -1.254129 6.018634 14.101914
v -6.034794 5.942249 11.804752
v -7.726288 5.926696 9.583371
v -9.716317 6.143737 7.973614
v -11.907983 6.240233 6.370260
v -14.291870 6.292274 4.455673
v -13.616643 6.235218 1.304885
v -12.758061 6.075883 -1.482741
v -12.384268 5.926600 -3.866184
v -10.162303 5.915384 -8.320952
v -8.055090 5.799595 -9.817713
v -6.125066 5.687272 -11.122197
v -3.847605 5.616251 -11.925656
v -1.510649 5.621237 -12.012848
v -12.631966 2.742863 -0.720913
v -13.573581 2.754353 -3.343601
v -11.577675 2.736273 -5.303328
v -9.667013 2.689991 -7.070775
v -8.022792 2.663593 -8.630906
v -6.311229 2.683926 -10.347932
v -4.028136 2.663754 -10.966536
v -1.789222 2.693330 -11.497192
v 0.573997 2.690425 -12.022226
v 5.319085 2.698760 -11.136105
v 7.351597 2.665561 -10.034355
v 9.433478 2.574827 -8.921410
v 11.512086 2.387030 -7.994781
v 12.428823 2.608241 -4.795449
v 11.810754 2.732069 -1.710092
v 12.054290 2.743772 2.964306
v 10.737173 2.711771 5.025877
v 9.554725 2.719354 7.112414
v 8.914806 2.708040 9.891513
v 8.141347 2.684573 12.786164
v 4.674463 2.699265 11.931546
v 1.722805 2.673575 11.166150
v -0.477787 2.729908 11.976717
v -5.103411 2.724079 10.798323
v -6.965848 2.690220 9.396414
v -8.627825 2.686698 7.830792
v -10.172007 2.709882 6.215928
v -11.220215 2.738780 4.101453
v -11.900328 2.745462 1.685855
v -4.429015 6.228872 -11.888296
v -7.047573 6.874397 -10.144719
v -5.350876 6.806764 -12.311000
v -2.044600 6.223880 -13.619611
v -3.198963 6.752337 -13.989720
v 0.719500 6.223016 -14.610794
v -0.914039 6.665580 -12.853330
v 2.595833 6.135767 -12.387595
v 1.201920 6.571424 -11.332822
v 4.533749 6.114745 -10.422930
v 3.225704 6.555396 -9.925641
v 6.854301 6.188548 -9.146970
v 5.527611 6.659898 -8.930543
v 9.080132 6.291609 -7.815315
v 7.786400 6.780429 -7.832271
v 11.145380 6.387032 -6.273568
v 9.498617 6.877233 -6.268916
v 11.893493 6.441106 -3.899604
v 10.808250 6.952436 -4.370742
v 13.077568 6.488832 -1.543866
v 11.880735 7.055629 -0.029461
v 12.334204 6.606523 3.308524
v 11.969648 7.210509 2.248203
v 11.486536 6.740039 5.592649
v 11.832803 7.577503 4.657146
v 10.393106 7.084324 8.103251
v 10.955298 7.970601 7.123890
v 8.685519 7.521175 10.729536
v 8.663807 7.595829 8.713737
v 6.205083 6.943487 11.543582
v 6.518281 7.270506 10.198464
v 4.440586 6.711682 13.423717
v 2.465485 7.106724 12.347376
v -0.725380 6.567704 14.011880
v 0.104533 7.086495 12.372345
v -3.106217 6.529523 12.490211
v -2.315683 7.113291 12.488319
v -5.567734 6.630286 11.784786
v -4.943331 7.206110 12.986099
v -8.272913 6.768142 11.402260
v -7.615666 7.354775 12.663162
v -10.991485 6.928785 10.252225
v -9.311397 7.467700 9.665187
v -11.806988 6.997897 6.728935
v -10.803186 7.421253 6.814481
v -12.153062 6.862670 3.769676
v -11.775565 7.269273 4.259326
v -12.499245 6.747781 1.317173
v -12.006898 7.261222 -0.221884
v -12.655708 6.585120 -3.472333
v -11.658470 7.184238 -2.419187
v -11.170569 6.476631 -5.498776
v -10.952127 7.079910 -4.562704
v -9.937494 6.328960 -7.599657
v -9.924520 6.982757 -6.585169
v -8.438216 6.218412 -9.421250
v -8.587230 6.933057 -8.382063
v -6.489214 6.243747 -10.601795
v 9.565044 5.352491 -7.958992
v 11.433237 4.867823 -0.074031
v 12.688302 5.406877 -6.856741
v 12.969172 4.907754 2.279792
v 12.355176 5.403389 -4.001079
v 11.075481 4.904613 4.098193
v 12.315419 5.413687 -1.512814
v 9.054943 4.897798 5.519278
v 12.214690 5.427602 0.790968
v 7.776437 4.881926 7.234516
v 11.668876 5.443034 3.141778
v 6.151734 4.892656 8.544827
v 11.132177 5.456209 5.577445
v 4.691663 4.907208 10.089541
v 9.336636 5.483463 7.159664
v 2.377561 4.907274 10.251606
v 8.159757 5.519704 9.182660
v 0.303103 4.911356 10.574570
v 3.729801 5.503217 11.233850
v -4.086237 4.861209 9.822479
v 1.420352 5.462072 11.708236
v -5.600944 4.813596 8.685521
v -1.373759 5.484248 12.183340
v -8.080741 4.829618 7.671267
v -4.310337 5.625136 12.817741
v -10.685740 4.890192 6.432116
v -5.687173 5.508035 11.082121
v -10.333657 4.907373 4.250182
v -7.542000 5.380174 10.139870
v -10.647059 4.885892 2.591198
v -10.277586 5.487243 5.998147
v -10.155341 4.869894 -1.711089
v -10.948717 5.420399 3.528737
v -9.837962 4.799358 -3.795487
v -11.493813 5.479514 1.289785
v -9.122530 4.817870 -5.759233
v -12.343854 5.479377 -1.030261
v -8.107533 4.859114 -7.913507
v -13.261896 5.480586 -3.633707
v -6.983544 4.862385 -10.240850
v -11.165456 5.361767 -5.493872
v -4.527970 4.793545 -10.164089
v -9.544716 5.318715 -7.393457
v -2.429889 4.793493 -10.149550
v -7.776492 5.320676 -8.892091
v -0.369150 4.801062 -10.509367
v -3.927551 5.328762 -11.384513
v 3.484075 4.831535 -9.525466
v -1.536575 5.266560 -11.904284
v 5.512623 4.822930 -8.923110
v 0.609424 5.140733 -11.368453
v 6.839232 4.740029 -7.285122
v 2.944559 5.212849 -11.229603
v 8.117287 4.749694 -5.818457
v 4.994663 5.236650 -10.194013
v 9.451109 4.804451 -4.171420
v 9.826609 4.772351 -2.138816
v 6.709653 5.222398 -8.757557
v -6.755360 3.245339 8.328604
v 1.446805 3.744785 9.724117
v -0.409996 3.800432 10.989852
v -8.798038 3.256866 7.476865
v -2.607716 3.829432 12.078131
v -11.277625 3.291088 6.587059
v -4.483097 3.808316 10.124934
v -11.353841 3.275020 3.856383
v -5.986244 3.789160 8.022060
v -11.056275 3.227498 1.194527
v -7.537754 3.777672 6.660174
v -11.169105 3.250527 -0.954076
v -8.662436 3.747888 4.971376
v -10.639445 3.238700 -3.135777
v -9.569309 3.764283 3.351543
v -9.804665 3.202287 -5.024671
v -9.817640 3.764449 1.360919
v -8.650443 3.241719 -6.881825
v -10.106627 3.766252 -0.595177
v -7.297184 3.206964 -8.597525
v -9.714547 3.748219 -4.453041
v -3.205864 3.170750 -10.050511
v -8.189903 3.768677 -5.974926
v -1.186196 3.219366 -10.749705
v -7.564789 3.683262 -8.338537
v 0.750119 3.129004 -11.880647
v -6.951678 3.659291 -11.008932
v 2.872325 3.015233 -13.192678
v -4.132548 3.715235 -10.593968
v 5.106351 3.165737 -10.841594
v -1.554896 3.746101 -10.321680
v 6.966326 3.268779 -8.846167
v 2.392181 3.791730 -9.670959
v 9.908995 3.291743 -5.339416
v 4.261727 3.762317 -9.102823
v 10.432955 3.266253 -3.349693
v 6.102714 3.801996 -8.038788
v 11.096242 3.281550 -1.235389
v 8.374804 3.818243 -7.170367
v 12.149005 3.278526 1.217913
v 10.880448 3.823118 -6.103558
v 13.277534 3.279863 3.919535
v 10.280459 3.781828 -3.640776
v 10.743941 3.270803 5.396549
v 9.495533 3.711096 -1.386773
v 8.336844 3.226163 6.658138
v 10.010078 3.742656 0.680929
v 7.335383 3.268255 8.712182
v 8.799546 3.792381 4.219548
v 3.173659 3.247924 10.335191
v 7.779581 3.748170 5.870006
v 1.166784 3.210460 10.796399
v 6.493803 3.745866 7.235892
v -0.984574 3.225832 10.799253
v 4.934793 3.754200 8.476752
v -3.180412 3.239637 10.720855
v 3.294564 3.746460 9.222507
v -5.107634 3.257870 9.704969
v -9.557167 2.188985 -8.155266
v -3.827613 1.655075 -11.163875
v -8.548209 2.205234 -10.924766
v -1.682227 1.666429 -13.133337
v -5.841213 2.178271 -11.152672
v 0.620760 1.653868 -12.037009
v -3.385770 2.101438 -11.360439
v 2.860107 1.630864 -11.269408
v -1.046340 2.076341 -11.161640
v 4.839710 1.612480 -10.089030
v 1.283572 2.109239 -11.562467
v 7.319037 1.639265 -9.507252
v 3.477683 2.132235 -11.175060
v 8.636112 1.642883 -7.777480
v 5.596595 2.152779 -10.125668
v 9.749685 1.634053 -5.822462
v 8.033313 2.144475 -9.450128
v 11.095188 1.574772 -4.099508
v 10.153442 2.164081 -5.395385
v 11.352374 1.651585 0.545620
v 11.841125 2.169667 -3.473806
v 11.277593 1.634868 2.747881
v 13.049912 2.023318 -1.250787
v 11.707210 1.439674 5.414926
v 13.106438 1.718697 0.830041
v 10.445085 1.059840 7.505865
v 12.211401 1.962846 3.534536
v 8.345027 1.312003 9.078334
v 10.872250 2.118686 6.084352
v 6.195587 1.325971 10.436255
v 7.427719 2.184657 9.123286
v 1.856307 1.651976 11.399062
v 5.441771 2.175336 10.335229
v -0.361689 1.650795 11.317602
v 3.416065 2.170674 11.514207
v -2.575588 1.650526 11.188014
v 1.323248 2.189220 12.993748
v -4.822428 1.655921 10.874402
v -0.962124 2.188042 14.337140
v -7.347434 1.661334 10.845695
v -3.398173 2.158613 11.976583
v -8.563112 1.628454 8.260847
v -5.442359 2.126165 9.879841
v -9.752003 1.629996 6.043143
v -7.208202 2.180840 8.750345
v -10.110415 1.629571 3.665544
v -10.192676 2.174037 5.334573
v -11.523742 1.653769 -0.541178
v -11.159969 2.170479 3.326071
v -10.761439 1.649449 -2.615756
v -11.463845 2.187855 1.053136
v -9.996586 1.654388 -4.697668
v -11.390636 2.185923 -1.186026
v -8.959933 1.653812 -6.656052
v -10.867297 2.175200 -3.376734
v -7.432555 1.649389 -8.251624
v -5.788893 1.654691 -9.755738
v -10.489456 2.194163 -5.758922
v -0.283367 1.145407 -10.767607
v -7.575285 7.211183 -9.267278
v -7.257473 7.508426 -9.489324
v -1.347902 1.398690 -11.214797
v 2.158057 1.145407 -11.217550
v -5.935216 7.387614 -12.066122
v 1.017359 1.404504 -12.533421
v 4.125465 1.145407 -10.692746
v -3.987013 7.282406 -12.900727
v 2.900034 1.399069 -11.047620
v 5.368677 1.145407 -8.701055
v -1.747161 7.176428 -11.644120
v 4.732440 1.393249 -9.849574
v 6.708292 1.145407 -7.251966
v 0.152673 7.028637 -10.337173
v 6.425156 1.382515 -8.514265
v 8.283226 1.145407 -5.925289
v 2.189657 7.024733 -9.306634
v 8.569840 1.397599 -7.541071
v 9.632976 1.145407 -4.380679
v 4.470069 7.161178 -8.543475
v 9.605513 1.396095 -5.637910
v 10.014325 1.145407 -2.429017
v 6.573497 7.284648 -7.560850
v 10.226720 1.387190 -3.583645
v 10.407373 1.153549 -0.528423
v 8.348845 7.376729 -6.232456
v 11.196181 1.353786 -1.771891
v 10.447356 1.409205 2.533442
v 8.385074 1.138184 4.982790
v 11.188211 7.592933 -0.533086
v 9.788747 1.356427 4.618285
v 7.747123 0.959438 7.139910
v 11.496457 7.803988 1.500616
v 9.756875 1.111536 7.198826
v 6.680823 0.527935 9.332958
v 11.749354 8.286947 3.755354
v 8.235513 0.733282 9.153011
v 4.863800 0.535858 10.741990
v 10.681760 8.394323 5.916300
v 6.154943 1.034079 10.363008
v 3.075496 0.967909 11.192258
v 8.526845 8.005243 7.589052
v 4.058265 1.155284 11.057387
v -0.345022 1.407228 11.136642
v -3.259043 1.155854 9.748898
v 2.754268 7.613816 10.986353
v -2.490164 1.396285 10.520672
v -5.316847 1.145407 9.129345
v 0.661926 7.621914 11.375252
v -4.630855 1.397088 10.120613
v -7.041164 1.145315 8.140256
v -1.591235 7.649203 12.037009
v -6.597219 1.397302 9.157979
v -8.944185 1.143303 6.857865
v -4.157884 7.738616 13.270509
v -8.876773 1.399524 8.563567
v -9.978633 1.143303 5.091460
v -6.475553 7.865548 12.313643
v -9.521145 1.381860 6.025381
v -9.929239 1.145315 2.586246
v -8.362124 7.896323 9.319093
v -10.271574 1.387727 3.831242
v -10.411078 1.155114 0.666507
v -10.379220 7.730965 6.903973
v -10.541938 1.390363 1.611006
v -10.916750 1.410003 -2.731105
v -9.214602 1.155988 -5.558774
v -11.238234 7.798916 0.302935
v -9.729565 1.395707 -4.708474
v -7.731174 1.145407 -7.132655
v -11.016657 7.767647 -1.736348
v -8.525702 1.396141 -6.459318
v -6.050299 1.145407 -8.386889
v -10.544704 7.699222 -3.791713
v -7.143989 1.396914 -8.035312
v -4.233585 1.145407 -9.222488
v -9.690826 7.632464 -5.718257
v -5.376938 1.396462 -9.213307
v -2.281813 1.145407 -10.241658
v -8.505264 7.578918 -7.498882
v 5.159761 4.013382 8.049386
v 10.219684 4.605037 3.945760
v 10.661733 4.637543 6.411978
v 8.307479 4.626818 7.409489
v 5.848242 4.605045 7.945412
v 4.165732 4.567227 8.946698
v 2.339820 4.592986 9.454957
v 0.621256 4.616406 10.141858
v -1.510044 4.601341 9.685695
v -3.562258 4.613026 9.329183
v -7.234681 4.587894 7.261411
v -8.124547 4.539670 5.648272
v -10.010338 4.527480 3.954514
v -11.971376 4.557741 2.022425
v -10.708307 4.585428 0.151750
v -10.078213 4.623283 -1.477413
v -8.393422 4.562773 -5.239140
v -7.301666 4.495082 -6.706738
v -5.974392 4.523012 -7.977409
v -4.305588 4.570537 -9.763129
v -2.429476 4.584302 -11.525258
v -0.345197 4.535645 -10.548429
v 1.447538 4.527086 -9.619098
v 3.186250 4.507661 -9.123469
v 6.432551 4.585328 -6.980864
v 7.798083 4.572431 -5.772806
v 8.678136 4.539722 -3.943944
v 9.207076 4.524467 -2.140949
v 9.916682 4.548323 -0.299814
v 8.518221 4.274699 4.340595
v 9.096454 4.283907 2.644801
v 9.198377 4.300547 0.789626
v 9.221296 4.303373 -1.062674
v 8.725020 4.312081 -2.825934
v 5.613781 4.234024 -7.184977
v 4.399212 4.259212 -8.595019
v 3.272433 4.300385 -10.575614
v 1.340398 4.313694 -10.999076
v -1.011097 4.281170 -9.598060
v -2.911224 4.234462 -8.900115
v -4.687005 4.243815 -8.392588
v -8.827048 4.297735 -4.610440
v -10.967810 4.256615 -3.467952
v -11.482814 4.236578 -1.582650
v -9.936004 4.252410 0.893274
v -9.417514 4.304155 2.835356
v -5.995854 4.309331 7.319452
v -4.288747 4.314700 8.398261
v -2.580742 4.316616 9.017715
v -0.808162 4.271804 9.297552
v 1.030714 4.287039 9.356262
v 3.183261 4.335454 9.418349
v 5.885328 4.359130 9.921832
v 7.503194 4.358831 8.741622
v 7.716368 4.307376 6.223665
v 3.924650 5.448137 -10.979550
v 0.737019 5.976635 -13.685409
v 3.879042 6.006348 -14.395459
v 5.362029 5.941511 -11.655952
v 7.106299 5.950367 -9.446965
v 9.442679 6.032473 -8.012330
v 11.148199 6.111453 -6.196455
v 12.485874 6.180039 -4.156058
v 12.926428 6.217906 -1.554791
v 13.888101 6.248274 1.088629
v 11.921108 6.399343 5.963261
v 10.149837 6.513290 7.876893
v 8.447536 6.734972 10.115219
v 6.556387 7.048450 12.853951
v 4.051582 6.558163 13.253071
v 1.944394 6.374836 14.285606
v -3.260424 6.244502 13.454752
v -5.379409 6.221110 11.468141
v -7.723554 6.401695 10.297137
v -10.265973 6.533350 9.299558
v -12.921043 6.645265 7.775221
v -13.037771 6.653995 4.307442
v -12.736985 6.487174 1.377804
v -12.811783 6.342256 -1.093367
v -11.918325 6.242732 -5.858618
v -10.043856 6.124636 -7.677040
v -8.456819 5.993127 -9.531430
v -6.554483 5.885720 -10.885581
v -4.339830 5.907477 -11.558157
v -0.358676 5.649724 -12.063608
v -2.670122 5.608976 -12.014805
v -5.023401 5.643777 -11.616912
v -7.103422 5.741151 -10.508945
v -9.082101 5.857818 -9.080369
v -12.539889 5.998271 -2.696905
v -13.099379 6.160694 -0.173168
v -14.224387 6.280733 2.951926
v -13.323307 6.272430 5.538005
v -10.723587 6.207876 7.180423
v -8.704479 6.027353 8.733821
v -6.848831 5.908020 10.632499
v -0.021916 6.061939 14.028742
v 2.427803 6.365469 14.438323
v 4.653900 6.450797 13.191042
v 6.784449 6.260313 10.739070
v 9.179026 6.201301 9.293022
v 13.267510 5.997538 2.701982
v 13.100279 5.972224 0.034105
v 12.924454 5.936326 -2.462646
v 12.245464 5.892594 -4.906437
v 10.740103 5.831840 -6.880729
v 8.870386 5.776766 -8.767513
v 8.009896 5.796119 -11.914764
v 5.809294 5.793971 -13.371054
v 2.255392 5.721365 -12.474232
v -11.552023 3.000867 3.635766
v -13.429285 3.023583 1.737970
v -12.384881 3.008200 -0.785900
v -11.180933 2.962362 -3.158537
v -10.360623 2.962817 -5.212349
v -9.145718 2.969286 -7.294990
v -7.446359 2.931369 -8.616170
v -5.652973 2.969187 -9.912107
v -3.697650 2.946398 -11.081776
v 1.250678 2.932105 -11.415555
v 3.284249 2.936717 -11.212935
v 5.460343 2.851166 -11.198101
v 7.844649 2.701874 -11.368213
v 9.498390 2.893417 -8.414918
v 10.080339 3.006760 -5.708672
v 11.893137 3.022314 -1.292115
v 11.427197 2.991082 0.906054
v 11.132998 3.001471 3.140898
v 11.355226 2.989479 5.958011
v 11.538811 2.976533 9.000357
v 8.312728 2.986819 9.346043
v 5.440472 2.956750 9.617170
v 3.698422 3.003962 11.197949
v -1.048236 2.987045 11.422489
v -3.097314 2.949178 10.896458
v -5.165756 2.955208 10.063354
v -7.213705 2.976163 9.166437
v -8.830544 3.005817 7.472600
v -11.909629 2.473279 -2.267222
v -12.177834 2.742844 0.508798
v -13.321815 2.749147 -2.064317
v -12.810599 2.750280 -4.389198
v -10.533015 2.714389 -6.212778
v -8.835364 2.669918 -7.832053
v -7.219833 2.675019 -9.557756
v -5.207506 2.673343 -10.755744
v -2.902321 2.675804 -11.214376
v -0.625270 2.696850 -11.766242
v 6.335877 2.682219 -10.607885
v 8.372416 2.641595 -9.414116
v 10.535450 2.453244 -8.624839
v 12.176837 2.469996 -6.574304
v 12.242845 2.691541 -3.178794
v 11.392397 2.723478 4.003307
v 10.105453 2.713598 6.035135
v 9.146139 2.718088 8.360720
v 8.769713 2.692352 11.634783
v 6.590100 2.693596 12.678969
v 3.045042 2.684500 11.344967
v 0.579823 2.692128 11.442397
v -6.054578 2.704744 10.115457
v -7.812160 2.684300 8.620729
v -9.438014 2.695941 7.056621
v -10.758556 2.725733 5.224343
v -11.596416 2.745053 2.898061
v -2.037659 5.943895 -12.400436
v -6.064548 6.542804 -11.064257
v -6.125663 7.126342 -11.517387
v -4.053174 6.502889 -13.075171
v -4.266598 7.037850 -13.485929
v -1.614452 6.475536 -14.403892
v -1.966148 6.952133 -12.657998
v 0.531540 6.384235 -12.765554
v 0.139210 6.833052 -11.262354
v 2.590816 6.325458 -11.044899
v 2.070826 6.769440 -9.897104
v 4.765737 6.361100 -9.723075
v 4.318669 6.869879 -8.981853
v 7.131056 6.470031 -8.636149
v 6.541793 6.997121 -8.015621
v 9.433537 6.581736 -7.386843
v 8.459047 7.105255 -6.701077
v 10.672879 6.658167 -5.419572
v 9.905877 7.179527 -5.030143
v 11.928653 6.721059 -3.311515
v 11.484435 7.296420 -0.877748
v 12.230173 6.822198 1.319433
v 11.696331 7.443361 1.232385
v 11.999691 6.972385 3.684775
v 11.838968 7.795922 3.509647
v 11.445727 7.353626 6.214173
v 11.340622 8.194347 5.896670
v 10.113645 7.791509 8.744071
v 9.227354 7.898990 7.697584
v 7.704661 7.284921 9.976912
v 7.036828 7.544320 9.074379
v 5.831450 7.001660 11.838645
v 3.224501 7.355499 11.462601
v 1.175562 6.849844 13.428937
v 1.043943 7.353835 11.826096
v -1.260252 6.816141 12.695567
v -1.279236 7.369548 12.145821
v -3.733222 6.865825 12.447763
v -3.784477 7.440631 12.929131
v -6.446798 6.985636 12.565928
v -6.423813 7.572855 13.095136
v -9.153975 7.152278 11.808438
v -8.304009 7.682319 10.345230
v -10.500305 7.254891 8.497349
v -10.095632 7.638210 7.561811
v -11.483176 7.170051 5.577567
v -11.552447 7.442737 5.123630
v -12.092304 7.051004 3.065024
v -11.603221 7.541045 0.647045
v -12.518592 6.932516 -1.585583
v -11.454123 7.498933 -1.457975
v -11.633908 6.837656 -3.735456
v -10.947432 7.419439 -3.573179
v -10.692946 6.703916 -5.899836
v -10.105808 7.334730 -5.583408
v -9.471199 6.598251 -7.909284
v -8.948796 7.270489 -7.449542
v -7.846433 6.589631 -9.475006
v -5.472903 6.241976 -11.192158
v -7.831903 6.906509 -9.235016
v -7.497807 6.224531 -10.056343
v -9.290549 6.954848 -7.509136
v -9.248043 6.258339 -8.584722
v -10.477138 7.026355 -5.597658
v -10.547654 6.405855 -6.552451
v -11.351973 7.134562 -3.500524
v -11.883756 6.534752 -4.475172
v -11.861865 7.225319 -1.324066
v -12.327142 6.798383 2.523268
v -11.343107 7.351914 5.528698
v -11.977015 6.943182 5.119743
v -10.090874 7.464098 8.153619
v -11.586282 6.987586 8.627442
v -8.546728 7.425437 11.351187
v -9.776713 6.849535 11.087822
v -6.355835 7.277186 13.110720
v -6.863851 6.696461 11.592135
v -3.590437 7.150986 12.716752
v -4.321956 6.567389 12.049200
v -1.090975 7.092312 12.390657
v -1.910720 6.535417 13.178447
v 1.287551 7.093258 12.361710
v 5.234065 6.765239 12.327332
v 7.543233 7.407726 9.442883
v 7.443135 7.289661 11.205727
v 9.898252 7.840997 7.997887
v 9.658092 7.386524 9.575843
v 11.562581 7.837775 5.955700
v 10.986994 6.865496 6.777192
v 11.946404 7.359495 3.420035
v 11.925364 6.662496 4.445862
v 11.938352 7.118059 1.103841
v 12.407085 6.464569 -2.698696
v 10.180041 6.916443 -5.342478
v 11.591291 6.417651 -5.148870
v 8.713652 6.832105 -7.108203
v 10.234228 6.343279 -7.123593
v 6.701756 6.722458 -8.428279
v 7.963620 6.239031 -8.493121
v 4.347645 6.598083 -9.396091
v 5.682679 6.143768 -9.757560
v 2.196986 6.548159 -10.594518
v 3.505804 6.111285 -11.265470
v 0.170528 6.614570 -12.066899
v 1.738377 6.182761 -13.730540
v -2.048096 6.713412 -13.662492
v -0.616586 6.231504 -14.438052
v -4.321644 6.780567 -13.412379
v -3.310842 6.221632 -12.714148
v -6.241317 6.839233 -11.177318
v 7.012329 5.557822 -10.947087
v 11.145434 5.120638 -4.193817
v 10.448776 5.617218 -10.629068
v 13.611565 5.167970 -2.345726
v 10.832829 5.602222 -7.547174
v 12.456026 5.167941 0.089969
v 11.645736 5.622986 -4.988238
v 11.353734 5.170488 2.188257
v 12.621415 5.662530 -2.881879
v 10.539438 5.169143 4.359922
v 12.802968 5.691029 -0.405059
v 9.363810 5.176815 6.306090
v 12.708310 5.713470 2.186132
v 8.343084 5.187527 8.417096
v 11.812738 5.742759 4.369127
v 6.092461 5.203845 9.286725
v 11.481087 5.774028 6.948626
v 4.312564 5.223558 10.474608
v 7.546026 5.847937 10.375720
v -0.302560 5.168025 11.108188
v 4.943397 5.861421 11.388896
v -2.259315 5.113969 10.771286
v 2.322685 5.892236 12.551329
v -5.027789 5.138140 10.502850
v -0.225225 6.030291 14.280055
v -7.985253 5.246830 10.121847
v -2.223599 5.821782 13.312990
v -8.548182 5.210515 7.970185
v -4.575927 5.679991 12.697410
v -9.705366 5.126471 6.621743
v -8.545878 5.712509 9.268064
v -10.814242 5.194952 2.193920
v -9.721087 5.674411 6.881056
v -11.044908 5.120258 -0.208213
v -11.040393 5.826813 4.891346
v -10.930281 5.138917 -2.477057
v -12.670284 5.865723 2.826314
v -10.824476 5.151043 -4.816225
v -14.461188 5.881631 0.504573
v -10.698153 5.149082 -7.428936
v -13.001154 5.778019 -2.108468
v -8.248018 5.049191 -8.346302
v -11.731846 5.672093 -4.586215
v -6.278979 5.040948 -9.349495
v -10.644666 5.592563 -6.599054
v -4.180288 5.067016 -10.339479
v -7.401694 5.609256 -10.336432
v -0.129682 5.074245 -11.073586
v -5.113820 5.514300 -11.381730
v 2.215854 5.045804 -11.049520
v -2.952474 5.397824 -11.791171
v 4.021966 4.929715 -9.825097
v -0.505100 5.407974 -12.147593
v 5.938507 4.987061 -9.000375
v 1.757081 5.413504 -11.631475
v 7.698285 5.035962 -7.607316
v 9.566093 4.534606 1.641841
v 8.789136 4.999522 -5.716640
v 10.446702 4.811529 -1.133798
v 7.945702 5.280494 -8.290322
v 12.502610 4.898841 1.110367
v 11.410681 5.393668 -7.591896
v 12.312540 4.907513 3.278816
v 12.773057 5.406243 -5.532161
v 9.936637 4.902367 4.791732
v 12.232155 5.406648 -2.679672
v 8.409091 4.888661 6.393774
v 12.339164 5.420570 -0.359816
v 6.970618 4.884356 7.880706
v 11.938264 5.435584 1.936216
v 5.470257 4.901468 9.400120
v 11.503981 5.448912 4.429675
v 3.592373 4.908030 10.278393
v 10.292756 5.467977 6.406678
v 1.291122 4.908551 10.357036
v 8.651414 5.501079 8.103356
v -4.772406 4.832450 9.243323
v 2.607888 5.481309 11.493690
v -6.692485 4.812603 8.164412
v 0.106609 5.453420 11.877573
v -9.638993 4.860306 7.156620
v -2.972937 5.566724 12.690742
v -10.697003 4.905747 5.373298
v -5.089986 5.590423 12.086351
v -10.344738 4.899144 3.344605
v -6.524428 5.437503 10.466350
v -10.026616 4.826390 -2.764663
v -10.627446 5.439295 4.741654
v -9.539621 4.799927 -4.788480
v -11.225644 5.446302 2.388201
v -8.609176 4.839556 -6.754314
v -11.819931 5.483575 0.179777
v -7.662798 4.870894 -9.257934
v -13.054248 5.488830 -2.374299
v -5.832792 4.827604 -10.398146
v -12.412014 5.426159 -4.616999
v -3.418812 4.786062 -10.071566
v -10.262399 5.328065 -6.452458
v -1.414891 4.798810 -10.311084
v -8.709934 5.318127 -8.189961
v 4.564795 4.836625 -9.333479
v -2.701369 5.309575 -11.766544
v 6.239817 4.781164 -8.164903
v -0.463791 5.191762 -11.665781
v 7.437691 4.729880 -6.523566
v 1.768100 5.162044 -11.306217
v 8.879878 4.785692 -5.050439
v 4.041353 5.239513 -10.841046
v 9.635167 4.784569 -3.173563
v 5.806639 5.217606 -9.438242
v -10.034087 3.000597 5.433719
v -2.719455 3.490256 9.819566
v 3.936976 4.070899 9.972574
v -4.870715 3.525776 10.080902
v 2.397433 4.096824 11.758812
v -7.427719 3.560266 10.239681
v 0.049744 4.075300 10.724011
v -8.520494 3.541632 7.702121
v -2.070437 4.051636 9.368263
v -9.174953 3.508686 5.140775
v -3.962723 4.012593 8.717414
v -10.112194 3.524212 3.250206
v -5.566145 4.012639 7.620056
v -10.445805 3.494198 1.199105
v -7.029509 4.043334 6.582752
v -10.539406 3.481960 -0.760349
v -8.052960 4.026493 4.997889
v -10.063973 3.505401 -2.854439
v -9.146254 4.047197 3.461948
v -9.494323 3.482915 -4.863013
v -10.408462 4.043633 -0.444625
v -7.126028 3.448529 -7.691930
v -9.618148 4.026753 -2.158613
v -5.223976 3.498853 -8.931535
v -9.845052 3.955417 -4.599244
v -3.839297 3.407443 -10.870841
v -10.120495 3.956231 -7.322641
v -2.371385 3.340145 -13.057135
v -7.520226 3.984855 -7.839289
v 0.289814 3.441067 -11.618578
v -5.310966 4.031588 -8.409675
v 2.809884 3.503208 -10.465140
v -1.831298 4.032214 -9.530263
v 6.528392 3.547242 -8.239547
v 0.209139 3.986781 -9.633204
v 7.869534 3.524033 -6.883785
v 2.190901 4.029275 -9.265309
v 9.267015 3.551730 -5.197781
v 4.528150 4.055557 -9.454935
v 11.062346 3.558481 -3.416152
v 7.144128 4.068715 -9.422438
v 13.024443 3.562770 -1.415687
v 7.592182 4.026249 -7.160852
v 11.401702 3.533790 0.791380
v 7.791861 3.971203 -5.032978
v 9.718157 3.470439 2.746238
v 8.758551 3.970019 -3.220956
v 9.534675 3.512773 4.926829
v 9.345635 4.064925 0.243041
v 6.636262 3.517677 7.768450
v 9.059801 4.024647 2.059591
v 5.002751 3.476557 8.971943
v 8.594380 4.030883 3.766997
v 3.124050 3.482922 9.745837
v 7.640802 4.027146 5.410193
v 1.119850 3.494762 10.401828
v 6.698236 4.007963 6.850673
v -0.839664 3.500216 10.261892
v -7.658337 3.245924 7.823253
v 0.546363 3.769347 10.245594
v -10.192076 3.275760 7.190981
v -1.497621 3.822122 11.798000
v -11.554543 3.291448 5.369728
v -3.611338 3.822158 11.363984
v -11.137009 3.246557 2.438925
v -5.242645 3.796469 8.956367
v -11.132353 3.234767 0.100061
v -6.785621 3.785596 7.325445
v -10.980719 3.252913 -2.057798
v -8.139561 3.760312 5.840316
v -10.251979 3.213834 -4.105965
v -9.176128 3.753319 4.175700
v -9.265635 3.221121 -5.959119
v -9.741621 3.766669 2.387915
v -7.986000 3.233910 -7.755400
v -9.941002 3.764379 0.367994
v -2.184125 3.206410 -10.388530
v -8.878430 3.770121 -5.160064
v -0.222495 3.192245 -11.188007
v -7.761406 3.730653 -7.002842
v 1.778691 3.049423 -12.827100
v -7.453966 3.657532 -9.912524
v 4.012278 3.072882 -12.288315
v -5.697883 3.684548 -11.042147
v 6.075449 3.229058 -9.709030
v -2.761614 3.734707 -10.359758
v 10.159954 3.274384 -4.351889
v 3.334008 3.769471 -9.440635
v 10.745414 3.272447 -2.317252
v 5.171770 3.778904 -8.595532
v 11.512086 3.282045 -0.076400
v 7.122552 3.813562 -7.564533
v 13.000138 3.277860 2.643838
v 9.853657 3.823217 -6.773455
v 12.318673 3.280927 4.791356
v 10.869573 3.810463 -4.964127
v 9.347635 3.244683 5.958985
v 9.739460 3.740320 -2.454640
v 7.724663 3.237635 7.608889
v 9.639884 3.716137 -0.349346
v 2.182204 3.223741 10.615520
v 8.309050 3.766447 5.072794
v 0.109339 3.214685 10.820534
v 7.177910 3.742788 6.575614
v -2.096549 3.232807 10.821853
v 5.732077 3.751078 7.891248
v -4.190082 3.250855 10.325033
v 4.135262 3.752420 8.919815
v -5.938748 3.253002 8.993238
v 2.378853 3.739973 9.434866
v -11.778349 2.468649 -4.846282
v -6.706543 1.917592 -10.230527
v -11.696850 2.480379 -7.722452
v -5.003448 1.933405 -12.688004
v -9.158632 2.456357 -8.846954
v -2.401531 1.911795 -12.159858
v -6.852277 2.390975 -9.818141
v 0.038767 1.856392 -11.818008
v -4.695032 2.359367 -10.520315
v 2.275821 1.834901 -10.990355
v -2.626871 2.388349 -11.608692
v 4.783639 1.867417 -10.843015
v -0.205916 2.394498 -11.727632
v 6.541398 1.884754 -9.730666
v 2.134195 2.420773 -11.432405
v 8.199797 1.889755 -8.112035
v 4.696596 2.425330 -11.347329
v 10.132029 1.850335 -6.849055
v 8.253687 2.436931 -8.788427
v 11.236406 1.903630 -2.146884
v 10.268910 2.415737 -7.151983
v 12.080605 1.908395 -0.015322
v 11.961406 2.299734 -5.341329
v 12.890949 1.740650 2.510137
v 13.117317 2.056113 -3.656327
v 12.129015 1.387027 4.684040
v 13.140102 2.295214 -0.560682
v 10.463262 1.627320 6.812114
v 12.017529 2.455287 2.420923
v 8.708414 1.692354 8.799739
v 10.270991 2.462657 6.511108
v 4.504334 1.914257 10.756967
v 8.498736 2.440662 8.232650
v 2.351235 1.911332 11.322513
v 6.762376 2.441568 9.965067
v 0.173600 1.907597 11.794454
v 5.287463 2.445916 12.251628
v -2.154848 1.923288 12.342143
v 3.639387 2.430248 14.472343
v -4.714827 1.928891 12.935429
v 0.535585 2.425433 12.684698
v -6.513130 1.890254 10.358214
v -2.051906 2.393965 11.091542
v -8.103458 1.873660 8.111547
v -4.262537 2.456531 10.940869
v -9.092371 1.900539 6.176092
v -8.165495 2.449453 8.494712
v -11.309792 1.909938 2.204995
v -9.708354 2.431016 6.646073
v -11.380328 1.908756 0.118975
v -10.717925 2.436488 4.598261
v -11.098740 1.923209 -2.152403
v -11.460219 2.447973 2.537013
v -10.455570 1.919065 -4.345420
v -11.727317 2.457092 0.271893
v -9.329314 1.906916 -6.294935
v -3.476799 1.397680 -10.454493
v -8.266060 1.920213 -8.253291
v -6.633119 1.651979 -9.041672
v -10.710794 2.184805 -4.573672
v -8.232693 1.650769 -7.477067
v -11.134616 2.177710 -2.262176
v -9.537693 1.655283 -5.716302
v -11.486470 2.190334 -0.083780
v -10.390776 1.651529 -3.658088
v -11.379554 2.178775 2.208907
v -11.138989 1.650582 -1.577091
v -10.736702 2.169772 4.356942
v -10.023900 1.631181 4.899373
v -6.341954 2.144821 9.251305
v -9.190912 1.625769 7.076864
v -4.474625 2.135761 10.756861
v -8.050636 1.645149 9.731045
v -2.197368 2.176980 13.444407
v -6.171163 1.662512 11.044954
v 0.213356 2.192374 13.976667
v -3.645401 1.651782 10.965519
v 2.384414 2.179315 12.161581
v -1.480169 1.650412 11.292826
v 4.434467 2.170486 10.921425
v 0.750640 1.651354 11.351009
v 6.437865 2.180254 9.734476
v 7.265763 1.360935 9.769866
v 11.568250 2.065272 4.843332
v 9.427205 1.149400 8.334838
v 12.746190 1.800370 2.138628
v 11.284839 1.206215 6.551747
v 13.226050 1.835438 -0.245488
v 11.574114 1.580198 4.083719
v 12.555687 2.132740 -2.358730
v 11.224695 1.651227 1.587881
v 11.020422 2.173784 -4.473464
v 10.403127 1.609399 -4.941421
v 6.781919 2.151611 -9.739661
v 9.163862 1.642429 -6.771641
v 4.517069 2.144372 -10.654880
v 8.102378 1.643829 -8.772699
v 2.402966 2.122031 -11.506991
v 6.121360 1.624247 -9.820107
v 0.128454 2.090383 -11.348463
v 3.805605 1.617168 -10.667048
v -2.223254 2.079189 -11.247907
v 1.785666 1.643337 -11.610241
v -4.547460 2.139912 -11.250289
v -0.546094 1.662953 -12.800733
v -7.313803 2.200519 -11.236934
v -2.773944 1.661446 -12.355736
v -9.184784 2.196891 -9.714075
v -4.844935 1.654158 -10.354901
v -10.041350 2.191852 -6.875807
v -6.875690 7.171335 -10.323752
v -5.265473 7.080839 -12.743307
v -3.132851 6.997774 -13.328213
v -0.870573 6.894192 -11.955103
v 1.088227 6.783778 -10.545275
v 3.165583 6.805615 -9.402229
v 5.454365 6.935573 -8.532563
v 7.557020 7.054055 -7.410033
v 9.222933 7.148208 -5.889914
v 11.585800 7.357577 0.150245
v 11.792080 7.585463 2.344795
v 11.764019 8.049461 4.734264
v 10.408628 8.106513 6.877553
v 8.094930 7.710151 8.412035
v 2.161554 7.356637 11.649944
v -0.104619 7.356380 11.958308
v -2.492313 7.396613 12.486864
v -5.156789 7.502272 13.299877
v -7.427272 7.639553 11.944777
v -9.211628 7.682995 8.873438
v -10.870512 7.551918 6.322350
v -11.555176 7.526137 -0.385476
v -11.249278 7.461895 -2.526307
v -10.566213 7.375599 -4.593935
v -9.564301 7.300123 -6.536581
v -8.273921 7.242747 -8.334531
v 5.952104 4.003994 7.419993
v 7.213710 4.017584 6.176960
v 8.137061 4.032142 4.599210
v 8.883951 4.024760 2.924407
v 9.206214 4.039973 1.161254
v 8.207436 3.965256 -4.114133
v 7.607700 3.994593 -6.016970
v 7.578715 4.053886 -8.455667
v 5.984333 4.066226 -9.648307
v 3.264639 4.045434 -9.276821
v 1.193543 4.002868 -9.447059
v -0.801586 4.000226 -9.641322
v -6.300388 4.006535 -8.058965
v -9.019357 3.968812 -7.757366
v -10.233766 3.947215 -6.128238
v -9.588826 3.989767 -3.254838
v -9.933743 4.042439 -1.252152
v -8.581259 4.031656 4.208656
v -7.570091 4.036401 5.835762
v -6.339527 4.030973 7.127886
v -4.786266 4.005518 8.200176
v -3.048399 4.031366 9.035514
v -1.055024 4.064667 9.947099
v 1.263342 4.088586 11.500910
v 3.270607 4.091159 11.104977
v 4.516842 4.040063 8.903588
v 2.794992 5.421123 -11.258304
v 0.667637 5.413341 -11.982068
v -1.744572 5.393006 -12.024590
v -4.049469 5.447278 -11.620170
v -6.236500 5.567396 -10.927323
v -11.198712 5.630514 -5.634011
v -12.266832 5.720599 -3.397553
v -13.979567 5.840437 -0.784802
v -13.819405 5.881376 1.705573
v -11.750993 5.858305 3.886670
v -10.367607 5.745947 5.859223
v -9.119846 5.671202 8.033891
v -3.349963 5.734116 12.893534
v -1.241079 5.951326 13.999718
v 0.992255 5.981816 13.593693
v 3.642230 5.859074 11.853475
v 6.243908 5.858431 10.902532
v 11.569234 5.758399 5.607999
v 12.282093 5.727356 3.281571
v 12.835916 5.701964 0.930032
v 12.773435 5.678380 -1.695210
v 12.209702 5.643060 -3.949404
v 11.110289 5.606896 -6.127789
v 10.858783 5.611798 -9.267617
v 8.971450 5.599407 -11.050357
v 5.300776 5.500111 -10.878247
v -11.812258 2.470981 -3.497662
v -11.925865 2.474599 -6.398461
v -10.609011 2.475283 -8.432882
v -7.926427 2.424835 -9.340108
v -5.765627 2.366423 -10.149177
v -3.682766 2.372293 -11.093199
v -1.436054 2.392270 -11.792147
v 0.962614 2.406827 -11.574232
v 3.388118 2.426036 -11.365526
v 9.285362 2.428819 -8.001420
v 11.163992 2.385834 -6.218340
v 12.642204 2.146458 -4.599087
v 13.294641 2.140264 -2.217656
v 12.666674 2.396929 0.980759
v 9.386515 2.449642 7.378522
v 7.612141 2.438579 9.074854
v 5.985421 2.446025 10.985840
v 4.606726 2.437700 13.692905
v 2.164615 2.430522 13.905171
v -0.857695 2.405282 11.680791
v -3.171151 2.414966 10.905005
v -8.986840 2.438039 7.590899
v -10.263373 2.431374 5.635335
v -11.138428 2.442719 3.574184
v -11.624527 2.451590 1.446584
v -11.856062 2.466706 -0.993539
v -3.211357 5.927958 -11.927052
v -6.968508 6.571192 -10.227962
v -5.465265 5.885558 -11.258947
v -8.695520 6.590054 -8.730466
v -7.560543 5.927382 -10.304390
v -10.132289 6.639598 -6.950524
v -9.248015 6.060615 -8.626790
v -11.182287 6.773699 -4.819966
v -10.945935 6.184782 -6.755813
v -12.076999 6.888975 -2.657932
v -12.743859 6.408545 0.123658
v -11.825193 7.109445 4.307515
v -12.838105 6.580880 2.726380
v -11.019533 7.228547 6.926085
v -13.222745 6.672236 6.151136
v -9.954969 7.223485 10.312709
v -11.777879 6.593111 8.741395
v -7.907888 7.067580 12.470151
v -8.923575 6.475800 9.798841
v -5.044886 6.917783 12.501130
v -6.535267 6.300241 10.809159
v -2.481903 6.830294 12.502689
v -4.297176 6.211029 12.383988
v -0.042645 6.826132 13.024549
v 2.943000 6.413559 13.639716
v 6.690243 7.095438 10.809967
v 5.319845 6.847019 13.204844
v 8.941676 7.598020 9.418081
v 7.574526 6.956104 11.648696
v 10.930326 7.651628 7.597133
v 9.293508 6.589836 8.877981
v 11.783263 7.119897 4.906053
v 11.028578 6.454282 6.918846
v 12.135182 6.882779 2.496070
v 13.331977 6.233061 -0.222893
v 11.271254 6.690104 -4.361869
v 12.736598 6.201871 -2.901797
v 10.135579 6.623558 -6.467025
v 11.911542 6.148511 -5.227090
v 8.374840 6.529274 -8.081936
v 10.361332 6.073418 -7.149208
v 5.918090 6.410584 -9.164170
v 8.290923 5.987904 -8.726712
v 3.659121 6.331293 -10.348121
v 6.117063 5.932255 -10.370968
v 1.553342 6.344884 -11.826487
v 4.752482 5.977081 -13.261278
v -0.501803 6.434114 -13.816854
v 2.421502 6.000392 -14.373272
v -2.842295 6.494042 -14.033265
v -0.751771 5.958101 -12.985170
v -5.115065 6.518569 -12.031121
v 9.748674 4.564269 2.726278
v 9.768797 5.050944 -4.930923
v 10.699836 4.629722 5.276250
v 12.685869 5.157734 -3.359742
v 9.720249 4.634439 7.078640
v 13.319738 5.168805 -1.134626
v 6.964133 4.618818 7.632306
v 11.791889 5.169183 1.162253
v 4.974349 4.582489 8.457312
v 10.984634 5.169587 3.287291
v 3.259560 4.573981 9.211318
v 9.939925 5.172004 5.314108
v 1.499565 4.609879 9.863081
v 8.939604 5.181778 7.446733
v -0.412764 4.609572 10.006246
v 7.287965 5.194990 8.933951
v -2.556580 4.603607 9.464156
v 5.120274 5.213510 9.813540
v -7.605846 4.561341 6.456520
v -1.222716 5.136367 10.943977
v -8.915277 4.527386 4.826589
v -3.513823 5.110611 10.598672
v -11.271600 4.540375 3.005612
v -6.708393 5.197862 10.478229
v -11.549856 4.571765 1.059664
v -8.416040 5.245290 9.127102
v -10.244133 4.603025 -0.683880
v -9.002719 5.168920 7.168532
v -7.862964 4.519948 -6.001502
v -10.959901 5.147919 0.982862
v -6.680089 4.500128 -7.330230
v -11.026102 5.123640 -1.362645
v -5.172724 4.548223 -8.769780
v -10.819201 5.145901 -3.580222
v -3.400351 4.585853 -10.873693
v -10.959903 5.160060 -6.239296
v -1.379131 4.560858 -11.255294
v -9.616031 5.100228 -8.020352
v 0.582433 4.527765 -9.989757
v -7.184150 5.033060 -8.803822
v 2.313226 4.519932 -9.348404
v -5.272288 5.053697 -9.860830
v 7.150844 4.580938 -6.440107
v 1.099593 5.073307 -11.195856
v 8.313583 4.557331 -4.901357
v 3.151674 4.980781 -10.484535
v 8.918901 4.525907 -3.030345
v 4.953547 4.940852 -9.389775
v 9.645139 4.538686 -1.230407
v 6.909763 5.026762 -8.411699
v 9.761877 4.537913 0.647015
v 8.214567 5.009442 -6.653257
v -10.672865 2.997159 4.507215
v -3.712147 3.503240 9.844672
v -12.696113 3.012920 2.751296
v -6.227425 3.547708 10.392929
v -13.166317 3.022558 0.518071
v -8.141148 3.557287 9.195503
v -11.695962 2.983630 -2.026727
v -8.814809 3.520407 6.310448
v -10.775286 2.956585 -4.185717
v -9.666515 3.516303 4.172265
v -9.826185 2.972102 -6.306813
v -10.340462 3.513438 2.237212
v -8.329107 2.946520 -8.017470
v -10.540174 3.481704 0.218204
v -6.561304 2.947703 -9.258451
v -10.353335 3.494901 -1.799135
v -4.691674 2.966226 -10.514620
v -9.773711 3.499492 -3.872169
v 2.262067 2.939169 -11.323215
v -6.129594 3.487304 -8.274602
v 4.335040 2.913480 -11.108191
v -4.473845 3.465459 -9.750192
v 6.675394 2.751321 -11.523723
v -3.219116 3.355047 -12.250100
v 8.813068 2.774992 -10.128551
v -1.122175 3.381159 -12.611110
v 9.876158 2.967415 -6.951918
v 1.594620 3.480134 -10.915135
v 11.650467 3.001996 -0.187668
v 7.196108 3.529943 -7.593295
v 11.244792 2.994775 1.993633
v 8.555712 3.535874 -6.069738
v 11.136971 2.998968 4.431357
v 10.047462 3.557593 -4.319221
v 11.731720 2.979287 7.678599
v 12.313093 3.561460 -2.455869
v 10.187216 2.984703 9.420421
v 12.533273 3.555851 -0.299638
v 6.692050 2.969817 9.332514
v 10.376545 3.496359 1.775799
v 4.489689 2.971352 10.293550
v 9.500036 3.480314 3.805986
v -2.072582 2.963974 11.193578
v 5.840631 3.492487 8.415065
v -4.124854 2.948145 10.492744
v 4.091971 3.475822 9.385380
v -6.217072 2.963956 9.668513
v 2.125550 3.489283 10.128306
v -8.088789 2.993095 8.414978
v 0.127427 3.499985 10.430161
v -9.454969 3.006329 6.445938
v -1.779152 3.492988 10.004926
v -4.440490 1.397104 -9.887651
v -8.825493 1.913313 -7.295219
v -6.295233 1.396588 -8.630304
v -9.908817 1.910648 -5.329093
v -7.876557 1.396728 -7.295137
v -10.841379 1.924217 -3.280142
v -9.137214 1.395552 -5.601431
v -11.283005 1.915978 -1.003573
v -10.317069 1.398934 -3.750662
v -11.374585 1.907394 1.180774
v -10.474405 1.387891 2.719491
v -8.658613 1.883615 7.144357
v -9.884334 1.383401 4.866315
v -7.351728 1.876110 9.116563
v -9.318940 1.390208 7.429974
v -5.683064 1.911877 11.878894
v -7.842520 1.400375 8.980670
v -3.478678 1.931045 12.893790
v -5.567709 1.396534 9.615041
v -0.944982 1.913692 11.988039
v -3.588225 1.396839 10.370651
v 1.267066 1.908010 11.579007
v -1.418235 1.398061 10.783233
v 3.429302 1.913380 11.044599
v 5.074576 1.132805 10.745986
v 9.581689 1.694456 7.822034
v 7.215954 0.839900 9.840151
v 11.341997 1.469039 5.752420
v 9.166485 0.871896 8.284244
v 12.703037 1.524761 3.633464
v 9.839185 1.275185 5.907066
v 12.596236 1.865952 1.246585
v 10.007767 1.390992 3.521144
v 11.625916 1.913766 -1.130066
v 10.674737 1.371027 -2.625633
v 9.141706 1.874370 -7.439848
v 9.896947 1.394124 -4.592148
v 7.340530 1.890938 -8.910072
v 9.225811 1.398686 -6.687474
v 5.741573 1.878308 -10.429134
v 7.535436 1.389220 -8.059763
v 3.562118 1.848900 -10.910514
v 5.535304 1.385932 -9.168503
v 1.128424 1.837897 -11.393328
v 3.835174 1.396956 -10.385854
v -1.123611 1.884381 -11.965572
v 1.997681 1.402538 -11.998476
v -3.767879 1.929156 -12.640542
v -0.140325 1.402158 -12.048785
v -5.927656 1.925695 -11.665926
v -2.458786 1.397606 -10.770278
v -7.521169 1.918681 -9.138174
vn -0.1287 -0.7266 -0.6748
vn -0.6254 0.6306 -0.4596
vn -0.0718 -0.9839 -0.1636
vn -0.8689 0.0029 -0.4949
vn 0.4502 0.5483 -0.7047
vn -0.6001 0.1075 -0.7927
vn 0.6506 0.4024 -0.6440
vn 0.1947 0.9426 -0.2713
vn 0.2764 -0.9130 -0.3000
vn 0.2169 0.9509 -0.2206
vn 0.1014 -0.9814 -0.1632
vn 0.1812 0.9396 -0.2904
vn 0.1840 -0.9723 -0.1443
vn 0.1474 0.8185 -0.5552
vn 0.7917 -0.5922 -0.1499
vn 0.2160 0.7927 -0.5701
vn 0.2186 -0.9719 -0.0875
vn 0.2996 0.8384 -0.4554
vn 0.1214 -0.9892 -0.0823
vn 0.4059 0.8264 -0.3902
vn 0.2616 -0.9584 0.1142
vn 0.6362 0.7636 -0.1102
vn 0.1120 -0.9919 -0.0596
vn 0.7082 0.6912 -0.1438
vn 0.0594 -0.9826 -0.1762
vn 0.9301 0.3396 -0.1397
vn 0.3203 -0.7583 0.5678
vn 0.7777 0.5915 0.2126
vn 0.2671 0.1250 0.9555
vn 0.0820 0.9389 0.3344
vn 0.1824 -0.2775 0.9433
vn 0.0912 0.9215 0.3775
vn -0.3602 -0.4206 0.8326
vn 0.0846 0.9085 0.4092
vn -0.0460 -0.9630 0.2654
vn 0.0784 0.8913 0.4466
vn -0.4047 -0.6982 0.5906
vn 0.1290 0.8048 0.5794
vn -0.0607 -0.9835 0.1707
vn 0.3740 -0.1006 0.9220
vn -0.9048 0.3261 0.2739
vn -0.1255 0.0511 0.9908
vn -0.7873 -0.6014 0.1362
vn -0.3146 0.9272 0.2035
vn -0.3797 -0.9212 0.0854
vn -0.3939 0.8842 0.2511
vn -0.6748 -0.7327 0.0890
vn -0.7819 -0.2744 0.5597
vn -0.7875 0.3523 -0.5057
vn -0.6008 0.7985 -0.0388
vn -0.7348 0.2580 -0.6273
vn -0.5787 0.8120 -0.0759
vn -0.4224 -0.7965 -0.4326
vn -0.6055 0.7749 -0.1816
vn -0.3053 -0.7570 -0.5776
vn -0.6436 0.6996 -0.3103
vn -0.1569 -0.9584 -0.2385
vn -0.5692 0.7180 -0.4005
vn 0.5842 -0.6946 0.4199
vn 0.1096 -0.9935 0.0316
vn 0.5545 -0.0200 0.8320
vn -0.0243 0.9952 0.0951
vn 0.1766 0.5672 0.8044
vn -0.0304 0.0254 0.9992
vn -0.2285 -0.2674 0.9361
vn -0.2634 -0.6721 0.6920
vn -0.5706 -0.1049 0.8145
vn -0.2262 -0.9397 0.2565
vn -0.1244 0.9922 -0.0056
vn -0.9598 -0.1911 0.2056
vn -0.0868 -0.9942 0.0633
vn -0.9741 0.0164 -0.2253
vn -0.0896 0.9906 -0.1029
vn -0.2327 0.9400 -0.2496
vn -0.5521 0.4566 -0.6976
vn -0.3445 0.3913 -0.8534
vn -0.1310 -0.4802 -0.8673
vn -0.0514 -0.9923 -0.1125
vn 0.2501 0.0267 -0.9678
vn 0.0704 0.9972 -0.0267
vn 0.3060 0.8665 -0.3944
vn 0.7644 -0.1696 -0.6220
vn 0.2880 -0.9332 -0.2149
vn 0.8195 -0.5560 -0.1388
vn 0.9675 0.2500 0.0385
vn 0.7955 -0.5749 0.1916
vn 0.9242 -0.1675 0.3433
vn -0.0071 -0.9589 -0.2837
vn -0.0108 -0.9913 -0.1314
vn 0.5437 0.0292 -0.8388
vn 0.0691 0.9975 -0.0132
vn 0.5936 0.5041 -0.6273
vn 0.7990 -0.1560 -0.5808
vn 0.9031 -0.3159 -0.2910
vn 0.9934 -0.0976 -0.0609
vn 0.4761 -0.8793 0.0139
vn 0.1376 -0.9905 -0.0076
vn 0.2464 0.9287 0.2770
vn 0.5425 0.0944 0.8348
vn 0.2647 -0.9065 0.3288
vn 0.1031 0.1631 0.9812
vn -0.0926 0.9957 0.0102
vn 0.0344 -0.9824 0.1835
vn -0.1922 0.9731 0.1266
vn -0.7143 0.1289 0.6878
vn -0.2979 -0.9142 0.2748
vn -0.1215 -0.9818 0.1459
vn -0.9629 -0.0737 0.2594
vn -0.2274 0.9660 -0.1232
vn -0.8057 0.5545 -0.2083
vn -0.3397 -0.9388 -0.0574
vn -0.1366 0.9615 -0.2385
vn -0.5185 0.4287 -0.7399
vn -0.3692 -0.6969 -0.6149
vn -0.1923 -0.0021 -0.9813
vn -0.0339 0.1877 -0.9816
vn -0.1491 -0.9873 0.0548
vn -0.9795 0.0181 -0.2007
vn -0.0516 0.9950 -0.0851
vn -0.1648 0.9691 -0.1835
vn -0.6813 -0.1690 -0.7123
vn -0.5121 0.0726 -0.8559
vn -0.1097 0.9080 -0.4043
vn -0.1920 -0.4491 -0.8726
vn -0.0307 -0.9623 -0.2702
vn 0.1145 0.9363 -0.3319
vn 0.3150 -0.5936 -0.7405
vn -0.0869 -0.9962 0.0040
vn 0.7144 -0.1262 -0.6883
vn 0.4408 0.8943 -0.0771
vn 0.2115 0.9767 0.0370
vn 0.1185 0.9903 0.0725
vn 0.3692 0.9009 0.2282
vn 0.3397 -0.9247 0.1720
vn 0.0910 -0.9958 0.0065
vn 0.5298 0.0004 0.8481
vn -0.0341 0.9961 0.0817
vn 0.2110 0.3788 0.9011
vn 0.0338 -0.9744 0.2223
vn -0.1090 0.9777 0.1797
vn -0.3992 0.7995 0.4488
vn -0.6933 -0.2083 0.6899
vn -0.7856 -0.2554 0.5635
vn -0.9264 0.2407 0.2895
vn -0.8465 -0.4585 0.2705
vn -0.2675 -0.8837 -0.3841
vn -0.7641 0.0559 -0.6427
vn -0.5648 -0.6846 -0.4608
vn -0.1455 -0.9618 -0.2318
vn -0.1968 0.4192 -0.8863
vn 0.0859 0.2065 -0.9747
vn 0.1984 0.9579 -0.2074
vn 0.1062 0.9929 -0.0541
vn 0.2159 0.9434 -0.2517
vn 0.1618 0.9544 -0.2509
vn 0.1682 0.9186 -0.3575
vn 0.2386 0.8389 -0.4893
vn 0.1817 0.8183 -0.5454
vn 0.4338 0.5542 -0.7104
vn 0.2221 0.8819 -0.4159
vn 0.6767 0.5284 -0.5126
vn 0.3323 0.8938 -0.3012
vn 0.4461 0.8765 -0.1811
vn 0.4647 0.8226 -0.3276
vn 0.5766 -0.7681 -0.2785
vn 0.6884 0.7203 -0.0850
vn 0.6209 0.7766 0.1065
vn 0.8928 0.4490 -0.0372
vn 0.8933 0.2458 0.3762
vn 0.9879 0.0610 0.1427
vn 0.7212 -0.5355 0.4394
vn 0.4828 0.8071 0.3398
vn 0.5167 0.5994 0.6113
vn -0.0708 0.9787 0.1926
vn -0.1544 0.9869 0.0468
vn 0.1032 0.9626 0.2503
vn 0.2381 -0.9533 0.1860
vn 0.0068 0.9532 0.3024
vn -0.1233 0.9766 0.1760
vn -0.0085 0.8913 0.4532
vn -0.2625 0.7025 0.6615
vn 0.1196 0.0916 0.9886
vn -0.1375 -0.8805 0.4537
vn 0.0613 -0.7769 0.6266
vn -0.0948 -0.9614 0.2582
vn -0.4457 0.4621 0.7667
vn -0.7487 0.0931 0.6563
vn -0.3060 0.9389 0.1577
vn -0.2528 0.9673 0.0185
vn -0.5990 0.7605 0.2507
vn -0.5213 0.8529 0.0291
vn -0.9127 0.3283 0.2433
vn -0.9075 0.4135 0.0733
vn -0.4962 0.8646 -0.0785
vn -0.2302 0.9551 -0.1863
vn -0.5441 0.8203 -0.1761
vn -0.4130 0.8593 -0.3018
vn -0.6093 0.7376 -0.2910
vn -0.7590 0.3735 -0.5333
vn -0.5662 0.7302 -0.3823
vn -0.4884 0.6178 -0.6163
vn -0.5511 0.6656 -0.5033
vn -0.4641 0.3155 -0.8277
vn 0.0527 -0.9942 -0.0940
vn 0.0953 -0.9943 -0.0488
vn 0.9092 -0.0184 -0.4159
vn 0.9690 -0.0603 0.2395
vn 0.1357 0.9906 0.0191
vn 0.0750 0.9910 0.1111
vn 0.7287 -0.6846 0.0186
vn 0.7362 0.0172 0.6765
vn 0.4822 -0.8727 0.0762
vn 0.3446 -0.8808 0.3248
vn 0.2681 -0.9612 0.0656
vn 0.1582 -0.9616 0.2241
vn 0.8286 -0.2540 0.4989
vn 0.3220 -0.2852 0.9027
vn 0.6302 -0.2421 0.7377
vn 0.0357 -0.1506 0.9880
vn 0.1199 -0.9883 0.0943
vn 0.0112 -0.9676 0.2523
vn 0.1769 -0.8117 0.5567
vn -0.3061 0.7403 0.5986
vn 0.0735 -0.9102 0.4077
vn -0.3144 -0.8584 0.4055
vn 0.0306 -0.9719 0.2335
vn -0.0646 -0.9879 0.1406
vn -0.4545 -0.0299 0.8902
vn -0.8950 -0.0119 0.4459
vn -0.5855 0.6042 0.5405
vn -0.2029 0.9792 -0.0058
vn 0.0293 -0.9978 0.0602
vn -0.3766 -0.9258 0.0335
vn -0.2946 0.9529 0.0719
vn -0.2014 -0.9789 0.0342
vn -0.6050 -0.7743 0.1856
vn -0.2903 -0.9549 -0.0624
vn -0.3887 -0.9187 0.0697
vn -0.2846 -0.9467 -0.1505
vn -0.1368 -0.9889 0.0572
vn -0.1249 -0.9903 -0.0603
vn -0.9088 -0.0898 -0.4076
vn -0.4387 0.0112 -0.8986
vn -0.2480 0.9348 -0.2544
vn 0.0168 0.9907 -0.1347
vn -0.4424 -0.8142 -0.3759
vn -0.0319 -0.2738 -0.9612
vn -0.2794 -0.8312 -0.4806
vn -0.0069 -0.9718 -0.2355
vn -0.1507 -0.9333 -0.3261
vn 0.0154 -0.9881 -0.1528
vn 0.1572 -0.0338 -0.9870
vn 0.7015 0.0664 -0.7096
vn 0.1752 -0.1692 -0.9699
vn 0.8093 0.0535 -0.5849
vn 0.1522 -0.8363 -0.5267
vn 0.2263 -0.9590 -0.1704
vn 0.5834 0.1949 -0.7884
vn 0.9461 -0.0132 -0.3237
vn 0.6308 -0.7734 -0.0632
vn 0.2388 -0.9317 -0.2737
vn -0.5060 0.2023 0.8385
vn 0.1584 -0.5567 0.8154
vn 0.0585 -0.9919 0.1127
vn -0.0517 -0.9907 0.1255
vn -0.1891 0.0220 0.9817
vn -0.8192 0.0101 0.5735
vn -0.0723 0.9966 0.0388
vn -0.0765 0.9968 -0.0252
vn -0.1488 0.9757 0.1605
vn -0.2884 0.9568 0.0357
vn -0.4316 0.8300 0.3533
vn -0.6391 0.7658 -0.0719
vn -0.4966 0.7747 0.3915
vn -0.2865 0.9520 -0.1075
vn -0.5255 0.8365 0.1554
vn -0.3277 0.9299 -0.1669
vn -0.5525 0.8242 0.1243
vn -0.6111 0.6377 -0.4690
vn -0.8540 -0.5189 -0.0385
vn -0.4620 -0.7354 -0.4957
vn -0.1384 0.9838 -0.1139
vn -0.3174 0.6891 -0.6515
vn -0.7349 -0.3480 -0.5821
vn -0.1871 -0.5711 -0.7993
vn -0.0715 -0.9972 0.0196
vn -0.0599 -0.9981 0.0108
vn -0.5975 -0.0019 -0.8018
vn 0.1112 -0.0609 -0.9919
vn 0.0080 0.9926 -0.1215
vn 0.1090 0.9828 -0.1493
vn 0.0240 0.9705 -0.2401
vn 0.1832 0.9714 -0.1512
vn 0.0566 0.8816 -0.4685
vn 0.1291 0.9905 -0.0470
vn 0.2035 0.8942 -0.3988
vn 0.3801 0.9130 -0.1481
vn 0.4892 -0.3800 -0.7850
vn 0.6075 -0.7790 -0.1553
vn 0.0446 -0.9915 -0.1223
vn 0.1060 -0.9926 -0.0588
vn 0.8451 0.0423 -0.5329
vn 0.9797 0.0423 0.1958
vn 0.0373 0.9984 0.0421
vn 0.0118 0.9977 0.0663
vn 0.2474 0.9684 -0.0299
vn 0.6018 0.7268 0.3311
vn 0.3088 -0.9504 -0.0370
vn 0.1817 -0.9748 0.1294
vn 0.2272 0.9675 0.1106
vn 0.1277 0.9455 0.2995
vn 0.4231 0.8569 0.2944
vn 0.0238 0.9424 0.3336
vn 0.3612 0.8493 0.3850
vn 0.0246 0.5278 0.8490
vn 0.5220 0.4866 0.7005
vn -0.2242 0.3562 0.9071
vn 0.1092 0.9380 0.3291
vn -0.1255 0.9780 0.1665
vn -0.1505 -0.9872 -0.0520
vn -0.1145 -0.9836 -0.1394
vn -0.6058 -0.0026 -0.7956
vn -0.0455 -0.0601 -0.9972
vn 0.0153 0.9918 -0.1268
vn 0.1473 0.9457 -0.2896
vn 0.0162 0.9753 -0.2205
vn 0.4275 0.1093 -0.8974
vn -0.0649 0.0412 -0.9970
vn 0.1587 -0.9067 -0.3907
vn -0.0144 -0.8621 -0.5065
vn 0.4661 -0.4707 -0.7491
vn 0.2166 0.8056 -0.5514
vn 0.6809 0.6327 -0.3688
vn 0.3584 -0.6482 -0.6719
vn 0.3167 -0.9227 -0.2196
vn 0.0458 -0.9855 -0.1631
vn 0.1033 -0.9885 -0.1101
vn 0.1414 -0.9798 -0.1415
vn 0.4781 -0.8774 -0.0413
vn 0.1118 -0.9890 -0.0963
vn 0.1369 -0.9896 -0.0438
vn -0.2652 -0.9636 -0.0325
vn -0.2068 -0.9545 -0.2151
vn 0.5781 0.8117 0.0833
vn 0.7907 -0.3130 0.5261
vn 0.7874 0.5208 0.3298
vn 0.5835 0.2190 0.7820
vn 0.8201 -0.0376 0.5710
vn 0.3059 -0.7172 0.6262
vn 0.5142 0.5376 0.6682
vn 0.0781 0.5480 0.8328
vn 0.3770 -0.6338 0.6754
vn -0.0057 -0.8541 0.5201
vn 0.1295 -0.9628 0.2371
vn -0.0377 -0.9356 0.3511
vn 0.0637 -0.9942 0.0868
vn -0.0127 -0.9851 0.1714
vn -0.1638 0.0062 0.9865
vn -0.6714 -0.0662 0.7381
vn -0.0983 0.9927 0.0702
vn -0.3620 0.9216 0.1399
vn -0.3893 0.5762 0.7186
vn -0.9133 0.1010 0.3946
vn -0.7416 0.0060 0.6708
vn -0.6047 0.7950 0.0475
vn -0.4955 -0.7975 0.3443
vn -0.5136 0.8532 -0.0908
vn -0.9295 -0.2520 0.2693
vn -0.9390 -0.0980 -0.3296
vn -0.8975 -0.4367 0.0613
vn -0.5558 -0.7964 -0.2384
vn -0.9232 -0.3642 -0.1228
vn -0.6874 -0.5230 -0.5039
vn -0.5734 -0.8013 -0.1705
vn -0.3391 -0.8795 -0.3338
vn -0.2237 -0.9315 -0.2867
vn -0.2899 -0.9530 -0.0875
vn -0.0767 -0.9272 -0.3667
vn -0.7105 0.4728 -0.5212
vn -0.7713 0.4068 -0.4894
vn -0.0855 -0.9716 -0.2205
vn -0.0486 -0.9867 -0.1549
vn -0.7865 -0.3732 -0.4921
vn 0.2485 -0.2270 -0.9416
vn 0.2628 0.9411 -0.2128
vn 0.1036 0.9198 -0.3784
vn 0.4262 0.6511 -0.6280
vn 0.3158 -0.8684 -0.3822
vn 0.2140 0.9453 -0.2464
vn 0.4179 -0.7172 -0.5577
vn 0.1864 -0.9561 -0.2262
vn 0.2062 0.9538 -0.2187
vn 0.1231 -0.9702 -0.2087
vn 0.0953 -0.9855 -0.1402
vn 0.1528 0.8849 -0.4399
vn 0.2236 -0.9481 -0.2261
vn 0.4841 -0.8573 -0.1750
vn 0.1742 0.7928 -0.5841
vn 0.8234 -0.4763 -0.3085
vn 0.4780 -0.8725 -0.1014
vn 0.2583 0.8146 -0.5193
vn 0.3197 -0.9401 -0.1186
vn 0.1395 -0.9867 -0.0833
vn 0.3496 0.8437 -0.4074
vn 0.1187 -0.9891 -0.0866
vn 0.3982 -0.9110 0.1076
vn 0.1606 -0.9870 0.0086
vn 0.6463 0.7543 -0.1154
vn 0.1295 -0.9909 -0.0365
vn 0.0849 -0.9899 -0.1139
vn 0.8215 0.5440 -0.1706
vn 0.0232 -0.9842 -0.1758
vn 0.1179 -0.9923 -0.0391
vn 0.9684 0.2488 -0.0151
vn 0.4630 -0.7111 0.5291
vn 0.3588 -0.2894 0.8874
vn 0.2476 0.9152 0.3181
vn 0.4094 -0.0559 0.9106
vn 0.1925 -0.2281 0.9544
vn 0.0854 0.9271 0.3651
vn 0.1871 -0.2936 0.9375
vn -0.1884 -0.0659 0.9799
vn -0.1405 -0.8940 0.4255
vn 0.0837 0.9050 0.4170
vn -0.0769 -0.9239 0.3747
vn -0.0735 -0.9541 0.2903
vn 0.0748 0.8734 0.4813
vn -0.1338 -0.9103 0.3916
vn -0.2234 -0.9154 0.3348
vn 0.2746 0.5420 0.7942
vn -0.1002 -0.9693 0.2247
vn -0.0759 -0.9854 0.1524
vn 0.2372 -0.5298 0.8143
vn -0.7977 -0.3223 0.5097
vn -0.5073 0.8614 0.0257
vn -0.3145 0.8934 0.3208
vn -0.9064 0.3418 0.2482
vn -0.3412 -0.9351 0.0957
vn -0.3393 0.9158 0.2151
vn -0.8187 -0.5415 0.1909
vn -0.6412 -0.7622 0.0890
vn -0.5619 0.7457 0.3580
vn -0.7188 -0.6890 0.0922
vn -0.5634 0.7776 -0.2790
vn -0.7829 0.2853 -0.5529
vn -0.5966 0.8013 -0.0447
vn -0.8544 -0.0618 -0.5160
vn -0.6751 -0.3474 -0.6508
vn -0.5767 0.8074 -0.1244
vn -0.5593 -0.6888 -0.4612
vn -0.3349 -0.8393 -0.4282
vn -0.6393 0.7288 -0.2453
vn -0.3763 -0.8098 -0.4502
vn -0.2052 -0.8944 -0.3974
vn -0.6110 0.7030 -0.3640
vn -0.2136 -0.9216 -0.3240
vn -0.1510 -0.9505 -0.2717
vn -0.5571 0.7109 -0.4292
vn 0.3726 -0.7536 0.5415
vn 0.1060 -0.9943 -0.0128
vn 0.8129 -0.0681 0.5784
vn 0.0199 0.9930 0.1161
vn 0.4708 0.2511 0.8458
vn 0.2227 -0.8444 0.4872
vn 0.0612 -0.8544 0.5160
vn 0.0113 -0.8247 0.5654
vn -0.2518 -0.5201 0.8162
vn -0.0874 -0.9619 0.2592
vn -0.1691 0.9817 0.0873
vn -0.7960 -0.4034 0.4512
vn -0.0814 -0.9918 0.0988
vn -0.9938 -0.0099 0.1108
vn -0.1611 0.9841 -0.0754
vn -0.6814 0.6502 -0.3360
vn -0.2352 -0.9694 -0.0708
vn -0.3779 -0.8280 -0.4142
vn -0.2008 -0.9346 -0.2935
vn -0.0902 -0.9917 -0.0919
vn -0.0968 0.0075 -0.9953
vn 0.0611 0.9944 -0.0857
vn 0.2707 0.2568 -0.9278
vn 0.1765 -0.9180 -0.3552
vn 0.0868 -0.9829 -0.1623
vn 0.3314 -0.9093 -0.2518
vn 0.8570 -0.4017 -0.3227
vn 0.3844 -0.9193 -0.0847
vn 0.9865 -0.1631 -0.0159
vn 0.7652 0.4722 0.4376
vn 0.2589 -0.9657 0.0194
vn 0.9911 0.0700 0.1133
vn 0.7737 -0.6243 -0.1075
vn 0.9622 -0.1176 -0.2456
vn 0.6576 0.1024 -0.7464
vn 0.1084 0.9906 -0.0838
vn 0.0662 0.9973 -0.0329
vn -0.0403 -0.9918 -0.1213
vn -0.0638 -0.9799 -0.1891
vn -0.2716 0.0878 -0.9584
vn -0.4550 0.3574 -0.8156
vn -0.3558 0.9058 -0.2303
vn -0.0713 0.9936 -0.0874
vn -0.1345 -0.9895 0.0527
vn -0.1176 -0.9905 0.0713
vn -0.3123 0.9481 0.0593
vn -0.2905 -0.8734 0.3908
vn -0.4419 0.4826 0.7562
vn -0.1314 -0.8641 0.4859
vn -0.1018 0.3253 0.9401
vn 0.0808 -0.0508 0.9954
vn -0.0246 0.9914 0.1284
vn -0.0026 0.9931 0.1176
vn 0.1067 -0.9933 0.0438
vn 0.1591 -0.9853 0.0627
vn 0.0981 -0.9565 -0.2747
vn -0.0607 -0.9834 -0.1711
vn 0.2942 0.0764 -0.9527
vn 0.0693 0.9974 -0.0195
vn 0.1882 0.9400 -0.2845
vn 0.5565 0.3603 -0.7486
vn 0.7159 0.3146 -0.6234
vn 0.8858 0.3582 -0.2951
vn 0.9360 0.2904 -0.1988
vn 0.2470 -0.9663 -0.0729
vn 0.3296 0.9286 0.1704
vn 0.7282 0.3425 0.5937
vn 0.4758 -0.7768 0.4127
vn 0.4316 0.2476 0.8674
vn -0.1546 0.9879 -0.0078
vn 0.1279 -0.9595 0.2509
vn -0.1762 0.9702 0.1661
vn -0.5032 0.3765 0.7779
vn -0.2249 -0.9075 0.3548
vn -0.1122 -0.9759 0.1874
vn -0.8668 -0.0073 0.4986
vn -0.2299 0.9718 -0.0532
vn -0.4682 0.8814 -0.0627
vn -0.7882 -0.6154 0.0123
vn -0.1561 0.9667 -0.2026
vn -0.3749 0.8459 -0.3793
vn -0.6928 -0.2241 -0.6854
vn -0.3298 0.5774 -0.7469
vn -0.2819 0.1346 -0.9500
vn 0.0258 -0.7349 -0.6777
vn -0.0441 0.6646 -0.7459
vn -0.3362 -0.3386 -0.8788
vn -0.4760 -0.5214 -0.7082
vn -0.2622 0.8570 -0.4436
vn -0.7649 -0.6357 -0.1039
vn -0.3382 0.9276 -0.1584
vn -0.3412 0.9362 -0.0842
vn -0.1690 -0.9726 0.1595
vn -0.1848 -0.9653 0.1846
vn -0.4565 -0.7782 0.4313
vn -0.2916 0.9257 0.2408
vn 0.0697 -0.9620 0.2639
vn -0.1682 0.7610 0.6266
vn 0.2509 -0.9209 0.2982
vn 0.3970 -0.6842 0.6118
vn 0.3809 0.7037 0.5998
vn 0.2070 -0.9780 -0.0250
vn 0.9933 0.1020 0.0546
vn 0.7680 -0.6134 -0.1840
vn 0.9175 0.0820 -0.3891
vn 0.5009 -0.6791 -0.5366
vn 0.1336 0.9861 -0.0985
vn 0.0715 0.9973 -0.0140
vn 0.0109 -0.9857 -0.1684
vn -0.0116 -0.9843 -0.1763
vn -0.1179 -0.9874 0.1059
vn -0.9777 0.0189 0.2091
vn -0.0660 0.9963 -0.0543
vn -0.2649 0.9603 -0.0872
vn -0.6715 0.6597 -0.3375
vn -0.5163 0.7228 -0.4594
vn -0.2560 0.9216 -0.2917
vn -0.5522 0.0842 -0.8294
vn -0.1726 -0.8952 -0.4110
vn -0.0736 0.8704 -0.4868
vn 0.1198 -0.0603 -0.9910
vn -0.0639 -0.9980 0.0031
vn 0.4231 -0.0838 -0.9022
vn 0.1916 0.9731 -0.1281
vn 0.1668 0.9853 -0.0367
vn 0.1137 0.9933 0.0221
vn 0.3399 0.9400 0.0290
vn 0.5934 -0.7989 0.0981
vn 0.1032 -0.9944 -0.0237
vn 0.8338 0.0246 0.5516
vn -0.0072 0.9970 0.0776
vn 0.5358 0.4587 0.7089
vn 0.1188 -0.9752 0.1867
vn -0.0197 0.9763 0.2155
vn -0.1056 0.9443 0.3118
vn -0.3637 0.0374 0.9308
vn -0.5670 0.1400 0.8117
vn -0.2961 0.9344 0.1982
vn -0.3895 -0.9210 0.0050
vn -0.3435 -0.9352 0.0861
vn -0.1489 -0.9877 0.0481
vn -0.0835 0.9924 -0.0899
vn -0.0835 0.9900 -0.1138
vn -0.4214 0.8206 -0.3861
vn -0.6280 -0.4726 -0.6183
vn -0.1454 0.8297 -0.5389
vn -0.2446 0.4900 -0.8367
vn -0.1017 -0.8980 -0.4281
vn 0.4207 -0.0451 -0.9061
vn 0.0490 -0.9886 -0.1424
vn -0.0875 -0.9959 -0.0214
vn 0.7203 0.6450 -0.2554
vn 0.2597 0.9657 -0.0002
vn 0.2014 0.9689 0.1436
vn 0.8816 0.0320 0.4709
vn 0.1422 -0.9890 0.0402
vn 0.1084 -0.9937 0.0293
vn -0.0169 0.9952 0.0959
vn -0.0314 0.9928 0.1156
vn 0.0641 -0.9189 0.3892
vn -0.3345 0.8489 0.4092
vn -0.4731 0.7123 0.5185
vn -0.4919 -0.7377 0.4625
vn -0.8997 0.1559 0.4076
vn -0.9592 0.1024 0.2635
vn -0.1146 -0.9410 -0.3184
vn -0.5476 -0.6269 -0.5542
vn -0.7881 -0.3536 -0.5039
vn -0.3067 -0.8914 -0.3338
vn -0.3074 0.4984 -0.8106
vn -0.0588 0.3352 -0.9403
vn 0.2023 0.9462 -0.2527
vn 0.1650 0.9776 -0.1310
vn 0.2160 0.9495 -0.2274
vn 0.1927 0.9479 -0.2537
vn 0.1689 0.9253 -0.3394
vn 0.1829 0.8910 -0.4156
vn 0.1623 0.8143 -0.5572
vn 0.2575 0.7467 -0.6133
vn 0.2270 0.8311 -0.5077
vn 0.3149 0.8511 -0.4201
vn 0.3250 0.8566 -0.4007
vn 0.3488 0.9123 -0.2147
vn 0.4230 0.8394 -0.3413
vn 0.7884 0.3768 -0.4863
vn 0.6447 0.7569 -0.1070
vn 0.7159 0.6980 -0.0164
vn 0.7909 0.5975 -0.1322
vn 0.9616 0.2330 0.1448
vn 0.9734 0.2271 -0.0317
vn 0.9153 -0.2262 0.3334
vn 0.5750 0.7592 0.3051
vn 0.4387 0.8026 0.4042
vn 0.0331 0.9517 0.3053
vn -0.1432 0.9858 0.0875
vn 0.0575 0.9541 0.2940
vn 0.6535 -0.5880 0.4767
vn 0.0687 0.9191 0.3881
vn -0.0650 0.9760 0.2080
vn 0.0508 0.8905 0.4521
vn -0.0993 0.8587 0.5028
vn 0.1747 0.6449 0.7441
vn -0.0314 -0.7043 0.7092
vn 0.2394 -0.5158 0.8225
vn -0.0503 -0.9161 0.3979
vn -0.3268 0.5116 0.7946
vn -0.6058 0.2640 0.7506
vn -0.3152 0.9294 0.1922
vn -0.2891 0.9524 0.0970
vn -0.4995 0.8156 0.2920
vn -0.6143 0.7752 0.1474
vn -0.8853 -0.1954 0.4220
vn -0.8525 0.5052 0.1342
vn -0.5855 0.8094 -0.0446
vn -0.3402 0.9299 -0.1400
vn -0.5762 0.8097 -0.1111
vn -0.4833 0.8396 -0.2480
vn -0.6098 0.7580 -0.2314
vn -0.6695 0.6389 -0.3788
vn -0.6076 0.7150 -0.3458
vn -0.5513 0.6881 -0.4717
vn -0.5605 0.7059 -0.4331
vn -0.5333 0.5509 -0.6420
vn -0.4337 -0.5306 -0.7282
vn -0.6355 0.4966 -0.5912
vn -0.3932 0.6477 -0.6526
vn -0.5416 0.7191 -0.4353
vn -0.6672 0.4416 -0.5999
vn -0.5963 0.7289 -0.3365
vn -0.6291 0.6538 -0.4204
vn -0.5934 0.7688 -0.2384
vn -0.2552 0.9412 -0.2213
vn -0.4748 0.8719 -0.1199
vn -0.7419 0.6672 0.0657
vn -0.8960 0.2747 0.3488
vn -0.3454 0.9384 0.0104
vn -0.4124 0.8894 0.1971
vn -0.2722 0.9584 0.0858
vn -0.2768 0.9414 0.1928
vn -0.2857 -0.8464 0.4494
vn -0.1667 -0.5002 0.8497
vn -0.0961 -0.9476 0.3047
vn 0.1339 -0.5929 0.7941
vn -0.2819 -0.4772 0.8323
vn 0.0252 0.7207 0.6927
vn -0.1617 0.9552 0.2477
vn -0.0110 0.9463 0.3232
vn 0.6665 0.2957 0.6844
vn 0.0292 0.9659 0.2574
vn -0.2122 0.9772 -0.0019
vn -0.0516 0.9852 0.1632
vn 0.7841 -0.2328 0.5753
vn 0.9218 0.2473 0.2985
vn 0.8275 -0.3449 0.4431
vn 0.9758 0.2163 0.0317
vn 0.6938 0.6906 0.2042
vn 0.7533 0.6549 -0.0602
vn 0.8497 0.3284 -0.4125
vn 0.4152 0.8527 -0.3169
vn 0.3381 0.9316 -0.1336
vn 0.2636 0.9063 -0.3304
vn 0.6158 0.2258 -0.7549
vn 0.2016 0.8305 -0.5193
vn 0.2797 0.8061 -0.5215
vn 0.1644 0.8623 -0.4789
vn 0.2027 0.8924 -0.4031
vn 0.1928 0.9424 -0.2734
vn 0.1304 0.9831 -0.1284
vn 0.2166 0.9483 -0.2322
vn 0.0925 0.9947 -0.0445
vn 0.1557 0.9582 -0.2399
vn -0.1393 -0.8378 -0.5280
vn -0.5059 -0.5219 -0.6868
vn -0.1874 -0.9478 -0.2580
vn -0.7098 -0.4503 -0.5417
vn 0.0240 -0.9939 -0.1080
vn 0.0777 -0.9941 -0.0763
vn 0.7531 0.0050 -0.6578
vn 0.9931 -0.0476 -0.1074
vn 0.0957 0.9954 -0.0075
vn 0.1367 0.9878 0.0751
vn 0.7451 -0.5951 -0.3010
vn 0.8945 -0.2059 0.3968
vn 0.5532 -0.8237 -0.1244
vn 0.4308 -0.8788 0.2053
vn 0.4800 -0.8772 -0.0121
vn 0.2094 -0.9690 0.1309
vn 0.8265 -0.5383 0.1647
vn 0.6284 -0.1363 0.7658
vn 0.6338 -0.6656 0.3939
vn 0.3876 0.0126 0.9217
vn 0.1150 -0.9928 0.0326
vn 0.0973 -0.9764 0.1928
vn 0.3830 0.5011 0.7760
vn 0.0277 -0.8903 0.4545
vn 0.2810 -0.6610 0.6958
vn -0.0584 -0.9441 0.3243
vn 0.1251 -0.9531 0.2756
vn -0.0314 -0.9817 0.1877
vn -0.0207 -0.5472 0.8368
vn -0.7062 0.0024 0.7080
vn -0.1501 0.5587 0.8157
vn -0.6752 0.6062 0.4203
vn 0.0304 -0.9955 0.0902
vn -0.0362 -0.9965 0.0753
vn -0.1672 0.9838 0.0643
vn -0.3910 -0.9137 0.1105
vn -0.8614 -0.2135 0.4609
vn -0.4411 -0.8969 0.0328
vn -0.3540 -0.9176 0.1806
vn -0.3549 -0.9338 -0.0453
vn -0.1295 -0.9858 0.1070
vn -0.1443 -0.9895 -0.0063
vn -0.9875 -0.1437 -0.0651
vn -0.7170 -0.0115 -0.6970
vn -0.2239 0.9576 -0.1814
vn -0.1197 0.9621 -0.2452
vn -0.6906 -0.6652 -0.2839
vn -0.2764 -0.7556 -0.5938
vn -0.3967 -0.8567 -0.3297
vn -0.0944 -0.9466 -0.3083
vn -0.3165 0.7429 -0.5899
vn -0.0362 -0.9848 -0.1697
vn -0.3037 -0.6657 -0.6816
vn 0.6353 0.3148 -0.7052
vn -0.0534 -0.5265 -0.8485
vn 0.5017 0.0360 -0.8643
vn 0.0435 -0.2144 -0.9758
vn 0.1728 -0.9509 -0.2567
vn 0.2432 0.3635 -0.8993
vn 0.8077 0.0306 -0.5888
vn 0.7210 -0.6628 0.2022
vn 0.4535 -0.8603 -0.2329
vn 0.1443 -0.9879 -0.0570
vn 0.0884 -0.9870 -0.1342
vn 0.0892 -0.9952 -0.0403
vn 0.0486 -0.9955 -0.0819
vn 0.1404 0.9807 0.1357
vn 0.1520 0.9883 0.0158
vn 0.2171 0.9520 0.2160
vn 0.7743 0.6237 -0.1071
vn 0.2615 -0.9436 0.2032
vn 0.4031 -0.9151 0.0115
vn 0.2892 -0.8657 0.4087
vn 0.4739 -0.8696 0.1385
vn 0.1187 -0.9845 0.1294
vn 0.2650 -0.9620 0.0652
vn 0.0683 0.2499 0.9658
vn 0.5892 0.5890 0.5531
vn 0.0350 -0.9336 0.3566
vn 0.1722 -0.9726 0.1562
vn -0.5379 0.1686 0.8260
vn 0.1015 -0.8729 0.4773
vn -0.0806 -0.9822 0.1695
vn 0.0469 -0.9527 0.3002
vn -0.1023 -0.9825 0.1556
vn 0.0093 -0.9752 0.2209
vn -0.1614 0.9866 -0.0219
vn -0.1279 0.9912 0.0328
vn -0.9880 -0.1421 0.0603
vn -0.0356 -0.9915 0.1251
vn -0.2220 -0.9750 -0.0073
vn -0.8663 -0.3960 0.3046
vn -0.3375 -0.9315 -0.1354
vn -0.5398 -0.8342 0.1125
vn -0.1851 -0.9772 -0.1044
vn -0.2176 -0.9742 0.0599
vn -0.1075 -0.9928 -0.0525
vn -0.1373 -0.9895 0.0449
vn 0.0302 0.9949 -0.0963
vn -0.0819 0.9861 -0.1449
vn -0.1578 0.5233 -0.8374
vn -0.7545 0.0505 -0.6543
vn -0.0339 -0.9297 -0.3668
vn -0.3546 -0.8494 -0.3909
vn 0.0417 -0.9875 -0.1522
vn -0.0933 -0.9536 -0.2861
vn 0.7790 0.2685 -0.5667
vn 0.0670 0.8370 -0.5431
vn 0.5575 -0.7530 -0.3496
vn 0.0499 -0.9533 -0.2979
vn 0.2530 -0.9519 -0.1729
vn 0.4639 -0.0870 -0.8816
vn 0.9641 0.1741 -0.2003
vn 0.6384 0.0381 -0.7688
vn -0.7293 0.3855 0.5652
vn -0.1462 -0.2135 0.9659
vn 0.0965 -0.9921 0.0796
vn 0.0066 -0.9920 0.1263
vn 0.2138 0.0241 0.9766
vn -0.5472 0.0147 0.8369
vn -0.0535 0.9964 0.0663
vn -0.0806 0.9967 0.0075
vn -0.0800 0.9725 0.2186
vn -0.2416 0.9612 0.1329
vn -0.2381 0.8457 0.4776
vn -0.5512 0.8176 0.1665
vn -0.4613 0.3422 0.8186
vn -0.4419 0.8924 0.0909
vn -0.5336 0.6893 0.4900
vn -0.4145 0.9088 -0.0476
vn -0.7369 0.3719 0.5646
vn -0.4912 0.8623 -0.1229
vn -0.4922 -0.8453 0.2077
vn -0.8892 0.0677 -0.4525
vn -0.1129 0.9922 -0.0528
vn -0.2276 0.9304 -0.2872
vn -0.9794 -0.0310 -0.1995
vn -0.3153 -0.8235 -0.4716
vn -0.0825 -0.9959 0.0360
vn -0.0617 -0.9980 0.0136
vn -0.8465 0.0222 -0.5319
vn -0.2487 -0.0350 -0.9679
vn -0.0332 0.9937 -0.1071
vn 0.0523 0.9884 -0.1428
vn -0.0657 0.9748 -0.2131
vn 0.1315 0.9531 -0.2726
vn -0.0413 0.9551 -0.2934
vn 0.1613 0.9549 -0.2494
vn 0.0386 0.9115 -0.4095
vn 0.3169 0.8983 -0.3044
vn 0.1554 -0.2347 -0.9596
vn 0.6169 -0.6451 -0.4509
vn -0.0054 -0.9918 -0.1279
vn 0.0877 -0.9914 -0.0967
vn 0.5737 0.0453 -0.8178
vn 0.9833 0.0468 -0.1757
vn 0.0555 0.9983 0.0193
vn 0.0238 0.9983 0.0540
vn 0.1851 0.9799 -0.0743
vn 0.4584 0.8864 0.0653
vn 0.5215 -0.8171 -0.2457
vn 0.2492 -0.9666 0.0608
vn 0.3925 0.9197 -0.0041
vn 0.2300 0.9450 0.2327
vn 0.9671 0.2179 0.1310
vn 0.1779 0.9248 0.3363
vn 0.5874 0.7599 0.2783
vn 0.2282 0.8039 0.5493
vn 0.8145 -0.1936 0.5469
vn 0.0966 0.7439 0.6613
vn 0.4703 0.6991 0.5386
vn -0.0405 0.9784 0.2029
vn -0.3142 -0.8558 0.4110
vn 0.0737 -0.9821 0.1733
vn -0.0610 -0.9904 0.1241
vn 0.0516 -0.9890 0.1389
vn -0.1129 0.9936 -0.0000
vn -0.0762 0.9947 0.0687
vn -0.1019 0.9945 -0.0225
vn -0.0885 0.9945 0.0562
vn -0.6272 0.7764 0.0618
vn -0.3432 0.8501 0.3994
vn -0.4092 0.9053 -0.1141
vn -0.2353 0.9603 0.1495
vn -0.2804 0.9530 -0.1145
vn -0.6935 0.6008 0.3975
vn -0.4760 0.8234 -0.3090
vn -0.3066 0.9510 0.0391
vn -0.7843 0.1084 -0.6108
vn -0.9886 0.0072 0.1502
vn -0.3362 0.3355 -0.8800
vn -0.2155 0.9554 -0.2020
vn -0.0655 -0.9906 -0.1197
vn -0.0910 -0.9959 0.0010
vn -0.0628 -0.9977 -0.0269
vn -0.1134 -0.9933 -0.0234
vn 0.1082 0.9795 -0.1700
vn -0.0026 0.9911 -0.1329
vn 0.1404 0.9709 -0.1938
vn -0.0049 0.9846 -0.1750
vn 0.1736 0.9835 -0.0503
vn 0.1277 0.9251 -0.3576
vn 0.8713 0.3805 -0.3100
vn 0.2864 0.8096 -0.5124
vn 0.2000 -0.9769 -0.0746
vn 0.1317 -0.9626 -0.2368
vn 0.1329 -0.9897 -0.0533
vn 0.0610 -0.9897 -0.1296
vn 0.0389 0.9969 0.0691
vn 0.0593 0.9979 0.0262
vn 0.0224 0.9969 0.0755
vn 0.0497 0.9979 0.0413
vn 0.4174 -0.8556 0.3062
vn 0.9610 -0.2305 -0.1530
vn 0.0572 0.9546 0.2922
vn 0.3079 0.9297 0.2021
vn 0.0060 0.9099 0.4149
vn 0.3996 0.8529 0.3358
vn -0.0393 -0.0756 0.9964
vn 0.4383 0.7144 0.5455
vn -0.1563 0.9396 0.3047
vn 0.2938 0.8015 0.5208
vn -0.1415 0.9710 0.1928
vn 0.2995 0.5552 0.7759
vn -0.1581 -0.9874 -0.0016
vn -0.1338 -0.9865 -0.0942
vn -0.8329 0.0075 -0.5534
vn -0.3393 -0.0220 -0.9404
vn -0.0249 0.9933 -0.1132
vn 0.0564 0.9857 -0.1587
vn -0.0713 0.9705 -0.2304
vn 0.1191 0.8777 -0.4642
vn -0.3379 -0.2035 -0.9189
vn 0.2016 -0.0035 -0.9795
vn -0.2357 -0.3373 -0.9114
vn 0.1554 -0.7227 -0.6735
vn 0.0508 0.7215 -0.6905
vn 0.2956 0.8958 -0.3319
vn 0.1258 -0.6429 -0.7556
vn 0.4352 -0.7761 -0.4564
vn 0.0174 -0.9801 -0.1976
vn 0.0775 -0.9872 -0.1393
vn 0.2017 -0.9249 -0.3224
vn 0.2473 -0.9608 -0.1256
vn 0.1363 -0.9749 -0.1762
vn 0.1334 -0.9887 -0.0678
vn -0.1522 -0.9883 -0.0026
vn -0.4603 -0.8784 -0.1284
vn 0.6644 -0.6896 -0.2881
vn 0.2362 0.9584 0.1601
vn 0.7424 0.6605 0.1123
vn 0.7304 0.3959 0.5566
vn 0.4873 0.8486 0.2060
vn 0.5683 -0.5133 0.6431
vn 0.2350 0.9484 0.2129
vn 0.3279 0.5381 0.7765
vn 0.6880 0.1148 0.7166
vn 0.1542 -0.7088 0.6884
vn 0.1995 -0.9620 0.1866
vn 0.0506 -0.9487 0.3122
vn 0.0795 -0.9959 0.0424
vn 0.0347 -0.9909 0.1301
vn 0.1595 -0.0025 0.9872
vn -0.4427 -0.0114 0.8966
vn -0.0637 0.9950 0.0765
vn -0.1621 0.9833 0.0822
vn -0.1645 0.3397 0.9260
vn -0.4098 0.8573 0.3116
vn -0.0959 -0.9485 0.3018
vn -0.4443 0.8837 0.1475
vn -0.5320 0.6257 0.5705
vn -0.9242 -0.2654 0.2745
vn -0.8295 0.0406 0.5571
vn -0.9923 -0.1063 -0.0629
vn -0.8844 -0.3002 0.3573
vn -0.7565 -0.6402 -0.1337
vn -0.7279 -0.6659 0.1635
vn -0.9100 -0.1305 -0.3936
vn -0.5733 -0.8184 0.0402
vn -0.5426 -0.7654 -0.3460
vn -0.1756 -0.9141 -0.3655
vn -0.2642 -0.9454 -0.1910
vn -0.2466 -0.9361 -0.2507
vn -0.2948 -0.9535 -0.0626
vn -0.5775 -0.6252 -0.5250
vn -0.9325 -0.2663 -0.2441
vn -0.5452 -0.7879 -0.2862
vn -0.7886 -0.6149 -0.0073
vn -0.7399 -0.6066 -0.2910
vn -0.9870 -0.0605 0.1486
vn -0.7940 0.5610 -0.2341
vn -0.7792 -0.5368 0.3236
vn -0.7922 0.5841 0.1765
vn -0.5834 -0.1011 0.8059
vn -0.8611 0.2657 0.4335
vn -0.1307 0.9830 0.1286
vn -0.4557 0.8634 0.2165
vn -0.0974 0.9906 0.0965
vn -0.0065 -0.9900 0.1409
vn 0.0524 -0.9945 0.0909
vn -0.0720 -0.9471 0.3128
vn 0.0849 -0.9854 0.1478
vn -0.0041 -0.9261 0.3771
vn 0.2121 -0.8989 0.3835
vn -0.0402 -0.2923 0.9555
vn 0.5108 0.1363 0.8488
vn 0.5350 -0.2331 0.8121
vn 0.7230 0.5635 0.3996
vn 0.6363 0.2321 0.7357
vn 0.8414 0.4840 0.2405
vn -0.7356 0.0093 -0.6774
vn -0.5529 -0.8285 -0.0884
vn 0.0524 -0.9947 -0.0882
vn -0.0119 -0.9982 -0.0587
vn 0.2933 -0.9558 0.0193
vn 0.1614 -0.9790 -0.1249
vn 0.1316 -0.9820 -0.1353
vn 0.0672 -0.9727 -0.2223
vn 0.8395 -0.2312 -0.4918
vn 0.3624 0.4122 -0.8359
vn 0.7558 0.0398 -0.6536
vn 0.1957 0.1284 -0.9722
vn 0.0652 -0.9653 -0.2528
vn -0.0457 -0.9152 -0.4004
vn 0.5079 0.2567 -0.8223
vn -0.0004 0.9391 -0.3436
vn 0.3367 0.3825 -0.8604
vn 0.0052 0.9823 -0.1872
vn 0.1602 0.9173 -0.3646
vn -0.0106 0.9870 -0.1603
vn -0.0967 -0.9886 -0.1152
vn -0.1409 -0.9884 -0.0572
vn -0.1712 -0.9460 -0.2752
vn -0.2299 -0.9687 -0.0941
vn -0.8368 0.0834 -0.5412
vn -0.6761 -0.3488 -0.6490
vn 0.1430 0.9363 -0.3208
vn 0.2179 0.9453 -0.2426
vn 0.1971 0.9506 -0.2398
vn 0.1522 0.8645 -0.4791
vn 0.1914 0.8096 -0.5550
vn 0.2696 0.8520 -0.4487
vn 0.3861 0.8452 -0.3695
vn 0.6893 0.7156 -0.1131
vn 0.9055 0.4079 -0.1167
vn 0.9358 0.3224 0.1422
vn 0.1096 0.9520 0.2857
vn 0.0630 0.9396 0.3363
vn 0.0536 0.9191 0.3904
vn 0.0739 0.8348 0.5455
vn 0.3020 0.0550 0.9517
vn 0.0178 -0.4240 0.9055
vn -0.3034 0.9201 0.2476
vn -0.3703 0.9020 0.2220
vn -0.8236 0.2883 0.4883
vn -0.5578 0.8272 -0.0678
vn -0.5890 0.7899 -0.1704
vn -0.6218 0.7271 -0.2911
vn -0.5794 0.7147 -0.3919
vn -0.5906 0.6525 -0.4748
vn 0.5600 0.5101 0.6528
vn 0.6602 -0.5176 0.5442
vn 0.6869 0.6322 0.3584
vn 0.9297 0.2788 0.2406
vn 0.7311 0.6815 0.0314
vn 0.7547 0.4683 -0.4595
vn 0.0776 0.9970 0.0074
vn 0.0632 0.9980 0.0019
vn 0.0089 -0.9902 -0.1392
vn 0.0288 -0.9646 -0.2623
vn 0.0423 0.8024 -0.5954
vn 0.0048 0.9074 -0.4201
vn -0.0916 0.9803 -0.1751
vn -0.0359 0.9941 -0.1025
vn -0.1361 -0.9907 0.0086
vn -0.1126 -0.9932 0.0287
vn -0.1706 0.9828 -0.0713
vn -0.8024 -0.4060 0.4373
vn -0.3166 0.9220 0.2228
vn -0.5812 -0.2241 0.7823
vn -0.2034 0.9152 0.3480
vn -0.1851 0.6316 0.7529
vn -0.0629 0.9942 0.0870
vn -0.0438 0.9951 0.0882
vn 0.0948 -0.9905 0.0995
vn 0.1333 -0.9828 0.1274
vn 0.3628 -0.2625 -0.8941
vn 0.2013 0.1429 -0.9691
vn -0.0644 -0.8837 -0.4636
vn -0.2603 0.1779 -0.9490
vn -0.4292 -0.2888 -0.8558
vn -0.4554 -0.8585 -0.2359
vn -0.6507 0.6696 -0.3580
vn -0.2318 0.9591 -0.1624
vn -0.1480 -0.9841 0.0980
vn -0.1996 -0.9715 0.1279
vn -0.5463 -0.7899 0.2784
vn -0.4185 0.8809 0.2211
vn 0.0373 -0.9919 0.1210
vn -0.1394 0.9873 0.0759
vn 0.0999 -0.9683 0.2289
vn 0.1719 -0.8887 0.4251
vn 0.3626 -0.3437 0.8663
vn 0.1508 -0.9876 0.0431
vn 0.9123 -0.0845 0.4006
vn 0.4774 -0.8787 0.0089
vn 0.7060 -0.7066 -0.0477
vn 0.3679 -0.9188 -0.1430
vn 0.3436 0.9246 -0.1647
vn 0.1042 0.9945 -0.0111
vn 0.0307 -0.9941 -0.1039
vn 0.0424 -0.9870 -0.1548
vn -0.2603 -0.9654 -0.0173
vn -0.1520 -0.9883 -0.0094
vn -0.0531 0.9902 -0.1290
vn -0.0519 0.9851 -0.1638
vn -0.2631 0.7891 -0.5550
vn -0.1560 -0.9297 -0.3336
vn -0.0515 0.1533 -0.9868
vn 0.0801 0.3113 -0.9469
vn 0.0137 -0.9580 -0.2864
vn 0.1635 -0.9615 -0.2208
vn 0.0036 -0.9980 -0.0637
vn -0.2079 -0.9779 -0.0235
vn 0.9139 0.4057 -0.0115
vn 0.5092 0.8472 0.1518
vn 0.4555 0.7330 0.5052
vn 0.4269 -0.7987 0.4241
vn 0.1167 -0.9892 0.0891
vn 0.0746 -0.9957 0.0550
vn -0.0524 0.9941 0.0946
vn -0.0762 0.9890 0.1265
vn -0.1831 -0.7689 0.6125
vn -0.7503 -0.1393 0.6463
vn -0.8552 0.2749 0.4394
vn -0.6504 -0.7289 0.2139
vn -0.8352 -0.5448 0.0754
vn -0.4349 -0.8998 0.0337
vn -0.1914 -0.7421 -0.6424
vn -0.6514 0.0386 -0.7577
vn -0.2248 0.6685 -0.7089
vn -0.4924 0.6912 -0.5289
vn -0.5752 0.0634 -0.8156
vn -0.6356 0.6430 -0.4273
vn -0.7219 0.2374 -0.6500
vn -0.6026 0.7319 -0.3181
vn -0.1863 0.9515 -0.2449
vn -0.3647 0.9129 -0.1835
vn -0.8816 0.4716 -0.0175
vn -0.8219 0.5421 0.1749
vn -0.2731 0.9589 -0.0770
vn -0.4364 0.8902 0.1305
vn -0.3057 0.9519 0.0186
vn -0.2629 0.9547 0.1396
vn -0.2193 -0.9398 0.2620
vn -0.2925 -0.6504 0.7010
vn -0.1510 -0.9595 0.2377
vn -0.0188 -0.8868 0.4618
vn -0.3739 -0.7108 0.5958
vn -0.1057 0.2320 0.9670
vn -0.2330 0.9387 0.2541
vn -0.0856 0.9611 0.2626
vn 0.3367 -0.2170 0.9163
vn 0.0471 0.9737 0.2228
vn -0.1758 0.9839 0.0335
vn -0.1740 0.9838 0.0425
vn 0.5466 -0.6729 0.4984
vn 0.8811 0.0885 0.4646
vn 0.6603 -0.4211 0.6219
vn 0.9652 -0.1029 0.2403
vn 0.4445 0.8400 0.3111
vn 0.7827 0.6198 0.0564
vn 0.4861 -0.8566 -0.1728
vn 0.5045 0.8066 -0.3079
vn 0.6084 0.7884 -0.0908
vn 0.2697 0.9400 -0.2087
vn 0.8437 -0.1344 -0.5198
vn 0.3411 0.6459 -0.6830
vn 0.4337 0.7834 -0.4452
vn 0.2017 0.8370 -0.5087
vn 0.4636 0.5024 -0.7299
vn 0.1882 0.9248 -0.3307
vn 0.0975 0.9913 -0.0887
vn 0.1862 0.9640 -0.1898
vn 0.0661 0.9977 -0.0156
vn 0.1362 0.9824 -0.1277
vn -0.0343 -0.9390 -0.3421
vn -0.3051 -0.7059 -0.6392
vn -0.0806 -0.9749 -0.2077
vn -0.3939 -0.8390 -0.3754
vn 0.1573 -0.9875 -0.0023
vn 0.1238 -0.9870 -0.1021
vn 0.1019 -0.9948 -0.0038
vn 0.0695 -0.9954 -0.0653
vn 0.0638 0.9870 0.1475
vn 0.1687 0.9830 0.0730
vn 0.0497 0.9833 0.1748
vn 0.7565 0.6211 0.2047
vn 0.2383 -0.8260 0.5109
vn 0.3585 -0.9244 0.1304
vn 0.1533 -0.5432 0.8255
vn 0.3887 -0.8813 0.2686
vn 0.0558 -0.9769 0.2064
vn 0.1715 -0.9809 0.0920
vn -0.2187 -0.0710 0.9732
vn 0.2223 0.8100 0.5426
vn -0.0779 -0.9388 0.3355
vn 0.1538 -0.9230 0.3527
vn -0.6547 0.5460 0.5228
vn -0.2649 -0.3520 0.8977
vn -0.1079 -0.9870 0.1194
vn -0.0322 -0.9741 0.2238
vn -0.1222 -0.9874 0.1009
vn -0.0600 -0.9776 0.2017
vn -0.1233 0.9901 -0.0671
vn -0.1534 0.9879 0.0207
vn -0.9083 0.3800 -0.1749
vn -0.7174 -0.6155 0.3263
vn -0.6110 -0.5045 -0.6100
vn -0.3412 -0.9375 0.0679
vn -0.3578 -0.7720 -0.5254
vn -0.4522 -0.8917 -0.0195
vn -0.1219 -0.9820 -0.1445
vn -0.2341 -0.9716 -0.0339
vn -0.0795 -0.9927 -0.0912
vn -0.1240 -0.9923 -0.0063
vn 0.0567 0.9956 -0.0748
vn -0.0024 0.9945 -0.1045
vn 0.0959 0.9313 -0.3514
vn -0.4927 0.1613 -0.8551
vn 0.3634 -0.5099 -0.7797
vn -0.2001 -0.8767 -0.4375
vn 0.1746 -0.9681 -0.1798
vn -0.0128 -0.9877 -0.1556
vn 0.9136 -0.0387 -0.4047
vn 0.0815 0.9959 -0.0395
vn 0.9348 -0.2950 -0.1979
vn 0.1618 -0.9500 -0.2672
vn 0.2272 -0.9710 -0.0743
vn 0.3909 -0.8045 -0.4471
vn 0.9440 0.2971 0.1437
vn 0.8466 0.1352 -0.5148
vn -0.6202 -0.7029 0.3482
vn -0.0232 -0.9721 0.2334
vn -0.1110 -0.9893 0.0949
vn -0.0074 -0.9902 0.1391
vn -0.0996 0.9940 -0.0447
vn -0.1032 0.9938 0.0419
vn -0.0960 0.9934 -0.0634
vn -0.1035 0.9944 0.0195
vn -0.5779 0.7959 -0.1802
vn -0.5625 0.7674 0.3079
vn -0.8051 0.3200 -0.4995
vn -0.2727 0.9615 0.0327
vn -0.1301 0.9753 -0.1784
vn -0.5194 0.8529 0.0532
vn -0.4681 0.6598 -0.5878
vn -0.3961 0.9135 -0.0933
vn -0.3792 -0.6771 -0.6306
vn -0.9378 0.2709 -0.2172
vn -0.0083 0.7794 -0.6265
vn -0.4043 0.6963 -0.5931
vn 0.1494 -0.8097 -0.5675
vn -0.0788 -0.9965 -0.0274
vn -0.0622 -0.9979 -0.0201
vn -0.0804 -0.9963 -0.0311
vn 0.2381 0.9499 -0.2023
vn 0.0453 0.9867 -0.1559
vn 0.1827 0.9787 -0.0934
vn 0.0630 0.9775 -0.2013
vn 0.1519 0.9877 0.0370
vn 0.2092 0.9482 -0.2389
vn 0.9466 0.3173 0.0576
vn 0.6144 0.5833 -0.5313
vn 0.1757 -0.9844 -0.0070
vn 0.2028 -0.9652 -0.1649
vn 0.1348 -0.9908 -0.0072
vn 0.1026 -0.9902 -0.0949
vn 0.0146 0.9962 0.0858
vn 0.0527 0.9975 0.0476
vn 0.0039 0.9950 0.0994
vn 0.0329 0.9978 0.0570
vn 0.2308 -0.8955 0.3804
vn 0.7619 -0.6138 0.2067
vn -0.0659 0.9676 0.2437
vn 0.2018 0.9323 0.3002
vn -0.1735 0.8560 0.4871
vn 0.1578 0.9209 0.3565
vn -0.3280 -0.5863 0.7407
vn 0.2551 0.5051 0.8245
vn -0.4546 0.7860 0.4191
vn -0.0143 0.9611 0.2757
vn -0.2723 0.9496 0.1555
vn -0.0222 0.8223 0.5687
vn -0.1817 -0.9474 -0.2636
vn -0.2982 -0.9380 -0.1765
vn -0.3138 -0.8121 -0.4920
vn -0.8405 -0.2713 -0.4690
vn -0.3946 -0.8464 -0.3577
vn -0.7908 -0.5748 -0.2106
vn -0.7645 -0.3336 -0.5516
vn -0.8969 -0.4278 -0.1122
vn -0.8104 0.3676 -0.4562
vn -0.9855 0.1597 0.0567
vn -0.9821 -0.1413 0.1248
vn -0.6236 0.6410 0.4474
vn -0.6158 -0.7661 0.1841
vn -0.2582 0.9496 0.1777
vn -0.6499 0.7408 0.1700
vn -0.1863 0.9745 0.1251
vn -0.0433 -0.9876 0.1510
vn 0.0250 -0.9919 0.1243
vn -0.2548 -0.8618 0.4386
vn 0.0288 -0.9745 0.2224
vn -0.0511 -0.9486 0.3123
vn 0.0895 -0.9058 0.4141
vn -0.2201 -0.6673 0.7115
vn 0.2578 0.0635 0.9641
vn 0.3157 -0.3026 0.8993
vn 0.7460 0.0790 0.6613
vn 0.4740 -0.3154 0.8221
vn 0.6782 0.5932 0.4338
vn 0.0880 -0.9905 -0.1061
vn -0.9356 0.1082 -0.3360
vn 0.0813 -0.9919 -0.0974
vn 0.0100 -0.9971 -0.0751
vn 0.2211 -0.9740 0.0487
vn 0.2992 -0.9510 -0.0776
vn 0.1515 -0.9837 -0.0972
vn 0.1099 -0.9771 -0.1822
vn 0.6479 -0.7372 -0.1915
vn 0.5880 0.4605 -0.6650
vn 0.7987 -0.4525 -0.3967
vn 0.4040 0.6258 -0.6672
vn 0.0840 -0.9823 -0.1675
vn 0.0258 -0.9347 -0.3545
vn 0.2673 -0.8959 -0.3550
vn 0.1014 0.9575 -0.2700
vn 0.5477 -0.4237 -0.7215
vn 0.0701 0.9517 -0.2990
vn 0.3078 0.8522 -0.4230
vn 0.0426 0.9765 -0.2112
vn -0.0715 -0.9877 -0.1392
vn -0.1204 -0.9885 -0.0914
vn -0.1272 -0.8747 -0.4677
vn -0.2036 -0.9631 -0.1759
vt 1.000000 0.916667
vt 1.000000 0.958333
vt 0.984375 0.958333
vt 0.984375 0.916667
vt 1.000000 1.000000
vt 0.984375 1.000000
vt 0.968750 1.000000
vt 0.968750 0.958333
vt 0.968750 0.916667
vt 0.953125 0.958333
vt 0.953125 0.916667
vt 0.953125 1.000000
vt 0.937500 1.000000
vt 0.937500 0.958333
vt 0.937500 0.916667
vt 0.921875 0.958333
vt 0.921875 0.916667
vt 0.921875 1.000000
vt 0.906250 1.000000
vt 0.906250 0.958333
vt 0.906250 0.916667
vt 0.890625 0.958333
vt 0.890625 0.916667
vt 0.890625 1.000000
vt 0.875000 1.000000
vt 0.875000 0.958333
vt 0.875000 0.916667
vt 0.859375 0.958333
vt 0.859375 0.916667
vt 0.859375 1.000000
vt 0.843750 1.000000
vt 0.843750 0.958333
vt 0.843750 0.916667
vt 0.828125 0.958333
vt 0.828125 0.916667
vt 0.828125 1.000000
vt 0.812500 1.000000
vt 0.812500 0.958333
vt 0.812500 0.916667
vt 0.796875 0.958333
vt 0.796875 0.916667
vt 0.796875 1.000000
vt 0.781250 1.000000
vt 0.781250 0.958333
vt 0.781250 0.916667
vt 0.765625 0.958333
vt 0.765625 0.916667
vt 0.765625 1.000000
vt 0.750000 1.000000
vt 0.750000 0.958333
vt 0.750000 0.916667
vt 0.734375 0.958333
vt 0.734375 0.916667
vt 0.734375 1.000000
vt 0.718750 1.000000
vt 0.718750 0.958333
vt 0.718750 0.916667
vt 0.656250 0.916667
vt 0.656250 0.958333
vt 0.640625 0.958333
vt 0.640625 0.916667
vt 0.656250 1.000000
vt 0.640625 1.000000
vt 0.625000 1.000000
vt 0.625000 0.958333
vt 0.625000 0.916667
vt 0.609375 0.958333
vt 0.609375 0.916667
vt 0.609375 1.000000
vt 0.593750 1.000000
vt 0.593750 0.958333
vt 0.593750 0.916667
vt 0.578125 0.958333
vt 0.578125 0.916667
vt 0.578125 1.000000
vt 0.562500 1.000000
vt 0.562500 0.958333
vt 0.562500 0.916667
vt 0.546875 0.958333
vt 0.546875 0.916667
vt 0.546875 1.000000
vt 0.531250 1.000000
vt 0.531250 0.958333
vt 0.531250 0.916667
vt 0.515625 0.958333
vt 0.515625 0.916667
vt 0.515625 1.000000
vt 0.500000 1.000000
vt 0.500000 0.958333
vt 0.500000 0.916667
vt 0.437500 0.916667
vt 0.437500 0.958333
vt 0.421875 0.958333
vt 0.421875 0.916667
vt 0.437500 1.000000
vt 0.421875 1.000000
vt 0.406250 1.000000
vt 0.406250 0.958333
vt 0.406250 0.916667
vt 0.390625 0.958333
vt 0.390625 0.916667
vt 0.390625 1.000000
vt 0.375000 1.000000
vt 0.375000 0.958333
vt 0.375000 0.916667
vt 0.359375 0.958333
vt 0.359375 0.916667
vt 0.359375 1.000000
vt 0.343750 1.000000
vt 0.343750 0.958333
vt 0.343750 0.916667
vt 0.328125 0.958333
vt 0.328125 0.916667
vt 0.328125 1.000000
vt 0.312500 1.000000
vt 0.312500 0.958333
vt 0.312500 0.916667
vt 0.296875 0.958333
vt 0.296875 0.916667
vt 0.296875 1.000000
vt 0.281250 1.000000
vt 0.281250 0.958333
vt 0.281250 0.916667
vt 0.265625 0.958333
vt 0.265625 0.916667
vt 0.265625 1.000000
vt 0.250000 1.000000
vt 0.250000 0.958333
vt 0.250000 0.916667
vt 0.234375 0.958333
vt 0.234375 0.916667
vt 0.234375 1.000000
vt 0.218750 1.000000
vt 0.218750 0.958333
vt 0.218750 0.916667
vt 0.156250 0.916667
vt 0.156250 0.958333
vt 0.140625 0.958333
vt 0.140625 0.916667
vt 0.156250 1.000000
vt 0.140625 1.000000
vt 0.125000 1.000000
vt 0.125000 0.958333
vt 0.125000 0.916667
vt 0.109375 0.958333
vt 0.109375 0.916667
vt 0.109375 1.000000
vt 0.093750 1.000000
vt 0.093750 0.958333
vt 0.093750 0.916667
vt 0.078125 0.958333
vt 0.078125 0.916667
vt 0.078125 1.000000
vt 0.062500 1.000000
vt 0.062500 0.958333
vt 0.062500 0.916667
vt 0.046875 0.958333
vt 0.046875 0.916667
vt 0.046875 1.000000
vt 0.031250 1.000000
vt 0.031250 0.958333
vt 0.031250 0.916667
vt 0.015625 0.958333
vt 0.015625 0.916667
vt 0.015625 1.000000
vt 0.000000 1.000000
vt 0.000000 0.958333
vt 0.000000 0.916667
vt 0.031250 0.416667
vt 0.031250 0.458333
vt 0.015625 0.458333
vt 0.015625 0.416667
vt 0.031250 0.500000
vt 0.015625 0.500000
vt 0.000000 0.500000
vt 0.000000 0.458333
vt 0.000000 0.416667
vt 0.062500 0.416667
vt 0.062500 0.458333
vt 0.046875 0.458333
vt 0.046875 0.416667
vt 0.062500 0.500000
vt 0.046875 0.500000
vt 0.093750 0.416667
vt 0.093750 0.458333
vt 0.078125 0.458333
vt 0.078125 0.416667
vt 0.093750 0.500000
vt 0.078125 0.500000
vt 0.125000 0.416667
vt 0.125000 0.458333
vt 0.109375 0.458333
vt 0.109375 0.416667
vt 0.125000 0.500000
vt 0.109375 0.500000
vt 0.156250 0.416667
vt 0.156250 0.458333
vt 0.140625 0.458333
vt 0.140625 0.416667
vt 0.156250 0.500000
vt 0.140625 0.500000
vt 0.250000 0.416667
vt 0.250000 0.458333
vt 0.234375 0.458333
vt 0.234375 0.416667
vt 0.250000 0.500000
vt 0.234375 0.500000
vt 0.218750 0.500000
vt 0.218750 0.458333
vt 0.218750 0.416667
vt 0.281250 0.416667
vt 0.281250 0.458333
vt 0.265625 0.458333
vt 0.265625 0.416667
vt 0.281250 0.500000
vt 0.265625 0.500000
vt 0.312500 0.416667
vt 0.312500 0.458333
vt 0.296875 0.458333
vt 0.296875 0.416667
vt 0.312500 0.500000
vt 0.296875 0.500000
vt 0.343750 0.416667
vt 0.343750 0.458333
vt 0.328125 0.458333
vt 0.328125 0.416667
vt 0.343750 0.500000
vt 0.328125 0.500000
vt 0.375000 0.416667
vt 0.375000 0.458333
vt 0.359375 0.458333
vt 0.359375 0.416667
vt 0.375000 0.500000
vt 0.359375 0.500000
vt 0.406250 0.416667
vt 0.406250 0.458333
vt 0.390625 0.458333
vt 0.390625 0.416667
vt 0.406250 0.500000
vt 0.390625 0.500000
vt 0.437500 0.416667
vt 0.437500 0.458333
vt 0.421875 0.458333
vt 0.421875 0.416667
vt 0.437500 0.500000
vt 0.421875 0.500000
vt 0.531250 0.416667
vt 0.531250 0.458333
vt 0.515625 0.458333
vt 0.515625 0.416667
vt 0.531250 0.500000
vt 0.515625 0.500000
vt 0.500000 0.500000
vt 0.500000 0.458333
vt 0.500000 0.416667
vt 0.562500 0.416667
vt 0.562500 0.458333
vt 0.546875 0.458333
vt 0.546875 0.416667
vt 0.562500 0.500000
vt 0.546875 0.500000
vt 0.593750 0.416667
vt 0.593750 0.458333
vt 0.578125 0.458333
vt 0.578125 0.416667
vt 0.593750 0.500000
vt 0.578125 0.500000
vt 0.625000 0.416667
vt 0.625000 0.458333
vt 0.609375 0.458333
vt 0.609375 0.416667
vt 0.625000 0.500000
vt 0.609375 0.500000
vt 0.656250 0.416667
vt 0.656250 0.458333
vt 0.640625 0.458333
vt 0.640625 0.416667
vt 0.656250 0.500000
vt 0.640625 0.500000
vt 0.750000 0.416667
vt 0.750000 0.458333
vt 0.734375 0.458333
vt 0.734375 0.416667
vt 0.750000 0.500000
vt 0.734375 0.500000
vt 0.718750 0.500000
vt 0.718750 0.458333
vt 0.718750 0.416667
vt 0.781250 0.416667
vt 0.781250 0.458333
vt 0.765625 0.458333
vt 0.765625 0.416667
vt 0.781250 0.500000
vt 0.765625 0.500000
vt 0.812500 0.416667
vt 0.812500 0.458333
vt 0.796875 0.458333
vt 0.796875 0.416667
vt 0.812500 0.500000
vt 0.796875 0.500000
vt 0.843750 0.416667
vt 0.843750 0.458333
vt 0.828125 0.458333
vt 0.828125 0.416667
vt 0.843750 0.500000
vt 0.828125 0.500000
vt 0.875000 0.416667
vt 0.875000 0.458333
vt 0.859375 0.458333
vt 0.859375 0.416667
vt 0.875000 0.500000
vt 0.859375 0.500000
vt 0.906250 0.416667
vt 0.906250 0.458333
vt 0.890625 0.458333
vt 0.890625 0.416667
vt 0.906250 0.500000
vt 0.890625 0.500000
vt 0.937500 0.416667
vt 0.937500 0.458333
vt 0.921875 0.458333
vt 0.921875 0.416667
vt 0.937500 0.500000
vt 0.921875 0.500000
vt 0.968750 0.416667
vt 0.968750 0.458333
vt 0.953125 0.458333
vt 0.953125 0.416667
vt 0.968750 0.500000
vt 0.953125 0.500000
vt 1.000000 0.416667
vt 1.000000 0.458333
vt 0.984375 0.458333
vt 0.984375 0.416667
vt 1.000000 0.500000
vt 0.984375 0.500000
vt 0.031250 0.666667
vt 0.031250 0.708333
vt 0.015625 0.708333
vt 0.015625 0.666667
vt 0.031250 0.750000
vt 0.015625 0.750000
vt 0.000000 0.750000
vt 0.000000 0.708333
vt 0.000000 0.666667
vt 0.062500 0.666667
vt 0.062500 0.708333
vt 0.046875 0.708333
vt 0.046875 0.666667
vt 0.062500 0.750000
vt 0.046875 0.750000
vt 0.093750 0.666667
vt 0.093750 0.708333
vt 0.078125 0.708333
vt 0.078125 0.666667
vt 0.093750 0.750000
vt 0.078125 0.750000
vt 0.125000 0.666667
vt 0.125000 0.708333
vt 0.109375 0.708333
vt 0.109375 0.666667
vt 0.125000 0.750000
vt 0.109375 0.750000
vt 0.156250 0.666667
vt 0.156250 0.708333
vt 0.140625 0.708333
vt 0.140625 0.666667
vt 0.156250 0.750000
vt 0.140625 0.750000
vt 0.250000 0.666667
vt 0.250000 0.708333
vt 0.234375 0.708333
vt 0.234375 0.666667
vt 0.250000 0.750000
vt 0.234375 0.750000
vt 0.218750 0.750000
vt 0.218750 0.708333
vt 0.218750 0.666667
vt 0.281250 0.666667
vt 0.281250 0.708333
vt 0.265625 0.708333
vt 0.265625 0.666667
vt 0.281250 0.750000
vt 0.265625 0.750000
vt 0.312500 0.666667
vt 0.312500 0.708333
vt 0.296875 0.708333
vt 0.296875 0.666667
vt 0.312500 0.750000
vt 0.296875 0.750000
vt 0.343750 0.666667
vt 0.343750 0.708333
vt 0.328125 0.708333
vt 0.328125 0.666667
vt 0.343750 0.750000
vt 0.328125 0.750000
vt 0.375000 0.666667
vt 0.375000 0.708333
vt 0.359375 0.708333
vt 0.359375 0.666667
vt 0.375000 0.750000
vt 0.359375 0.750000
vt 0.406250 0.666667
vt 0.406250 0.708333
vt 0.390625 0.708333
vt 0.390625 0.666667
vt 0.406250 0.750000
vt 0.390625 0.750000
vt 0.437500 0.666667
vt 0.437500 0.708333
vt 0.421875 0.708333
vt 0.421875 0.666667
vt 0.437500 0.750000
vt 0.421875 0.750000
vt 0.531250 0.666667
vt 0.531250 0.708333
vt 0.515625 0.708333
vt 0.515625 0.666667
vt 0.531250 0.750000
vt 0.515625 0.750000
vt 0.500000 0.750000
vt 0.500000 0.708333
vt 0.500000 0.666667
vt 0.562500 0.666667
vt 0.562500 0.708333
vt 0.546875 0.708333
vt 0.546875 0.666667
vt 0.562500 0.750000
vt 0.546875 0.750000
vt 0.593750 0.666667
vt 0.593750 0.708333
vt 0.578125 0.708333
vt 0.578125 0.666667
vt 0.593750 0.750000
vt 0.578125 0.750000
vt 0.625000 0.666667
vt 0.625000 0.708333
vt 0.609375 0.708333
vt 0.609375 0.666667
vt 0.625000 0.750000
vt 0.609375 0.750000
vt 0.656250 0.666667
vt 0.656250 0.708333
vt 0.640625 0.708333
vt 0.640625 0.666667
vt 0.656250 0.750000
vt 0.640625 0.750000
vt 0.750000 0.666667
vt 0.750000 0.708333
vt 0.734375 0.708333
vt 0.734375 0.666667
vt 0.750000 0.750000
vt 0.734375 0.750000
vt 0.718750 0.750000
vt 0.718750 0.708333
vt 0.718750 0.666667
vt 0.781250 0.666667
vt 0.781250 0.708333
vt 0.765625 0.708333
vt 0.765625 0.666667
vt 0.781250 0.750000
vt 0.765625 0.750000
vt 0.812500 0.666667
vt 0.812500 0.708333
vt 0.796875 0.708333
vt 0.796875 0.666667
vt 0.812500 0.750000
vt 0.796875 0.750000
vt 0.843750 0.666667
vt 0.843750 0.708333
vt 0.828125 0.708333
vt 0.828125 0.666667
vt 0.843750 0.750000
vt 0.828125 0.750000
vt 0.875000 0.666667
vt 0.875000 0.708333
vt 0.859375 0.708333
vt 0.859375 0.666667
vt 0.875000 0.750000
vt 0.859375 0.750000
vt 0.906250 0.666667
vt 0.906250 0.708333
vt 0.890625 0.708333
vt 0.890625 0.666667
vt 0.906250 0.750000
vt 0.890625 0.750000
vt 0.937500 0.666667
vt 0.937500 0.708333
vt 0.921875 0.708333
vt 0.921875 0.666667
vt 0.937500 0.750000
vt 0.921875 0.750000
vt 0.968750 0.666667
vt 0.968750 0.708333
vt 0.953125 0.708333
vt 0.953125 0.666667
vt 0.968750 0.750000
vt 0.953125 0.750000
vt 1.000000 0.666667
vt 1.000000 0.708333
vt 0.984375 0.708333
vt 0.984375 0.666667
vt 1.000000 0.750000
vt 0.984375 0.750000
vt 1.000000 0.166667
vt 1.000000 0.208333
vt 0.984375 0.208333
vt 0.984375 0.166667
vt 1.000000 0.250000
vt 0.984375 0.250000
vt 0.968750 0.250000
vt 0.968750 0.208333
vt 0.968750 0.166667
vt 0.953125 0.208333
vt 0.953125 0.166667
vt 0.953125 0.250000
vt 0.937500 0.250000
vt 0.937500 0.208333
vt 0.937500 0.166667
vt 0.921875 0.208333
vt 0.921875 0.166667
vt 0.921875 0.250000
vt 0.906250 0.250000
vt 0.906250 0.208333
vt 0.906250 0.166667
vt 0.890625 0.208333
vt 0.890625 0.166667
vt 0.890625 0.250000
vt 0.875000 0.250000
vt 0.875000 0.208333
vt 0.875000 0.166667
vt 0.859375 0.208333
vt 0.859375 0.166667
vt 0.859375 0.250000
vt 0.843750 0.250000
vt 0.843750 0.208333
vt 0.843750 0.166667
vt 0.828125 0.208333
vt 0.828125 0.166667
vt 0.828125 0.250000
vt 0.812500 0.250000
vt 0.812500 0.208333
vt 0.812500 0.166667
vt 0.796875 0.208333
vt 0.796875 0.166667
vt 0.796875 0.250000
vt 0.781250 0.250000
vt 0.781250 0.208333
vt 0.781250 0.166667
vt 0.765625 0.208333
vt 0.765625 0.166667
vt 0.765625 0.250000
vt 0.750000 0.250000
vt 0.750000 0.208333
vt 0.750000 0.166667
vt 0.734375 0.208333
vt 0.734375 0.166667
vt 0.734375 0.250000
vt 0.718750 0.250000
vt 0.718750 0.208333
vt 0.718750 0.166667
vt 0.656250 0.166667
vt 0.656250 0.208333
vt 0.640625 0.208333
vt 0.640625 0.166667
vt 0.656250 0.250000
vt 0.640625 0.250000
vt 0.625000 0.250000
vt 0.625000 0.208333
vt 0.625000 0.166667
vt 0.609375 0.208333
vt 0.609375 0.166667
vt 0.609375 0.250000
vt 0.593750 0.250000
vt 0.593750 0.208333
vt 0.593750 0.166667
vt 0.578125 0.208333
vt 0.578125 0.166667
vt 0.578125 0.250000
vt 0.562500 0.250000
vt 0.562500 0.208333
vt 0.562500 0.166667
vt 0.546875 0.208333
vt 0.546875 0.166667
vt 0.546875 0.250000
vt 0.531250 0.250000
vt 0.531250 0.208333
vt 0.531250 0.166667
vt 0.515625 0.208333
vt 0.515625 0.166667
vt 0.515625 0.250000
vt 0.500000 0.250000
vt 0.500000 0.208333
vt 0.500000 0.166667
vt 0.437500 0.166667
vt 0.437500 0.208333
vt 0.421875 0.208333
vt 0.421875 0.166667
vt 0.437500 0.250000
vt 0.421875 0.250000
vt 0.406250 0.250000
vt 0.406250 0.208333
vt 0.406250 0.166667
vt 0.390625 0.208333
vt 0.390625 0.166667
vt 0.390625 0.250000
vt 0.375000 0.250000
vt 0.375000 0.208333
vt 0.375000 0.166667
vt 0.359375 0.208333
vt 0.359375 0.166667
vt 0.359375 0.250000
vt 0.343750 0.250000
vt 0.343750 0.208333
vt 0.343750 0.166667
vt 0.328125 0.208333
vt 0.328125 0.166667
vt 0.328125 0.250000
vt 0.312500 0.250000
vt 0.312500 0.208333
vt 0.312500 0.166667
vt 0.296875 0.208333
vt 0.296875 0.166667
vt 0.296875 0.250000
vt 0.281250 0.250000
vt 0.281250 0.208333
vt 0.281250 0.166667
vt 0.265625 0.208333
vt 0.265625 0.166667
vt 0.265625 0.250000
vt 0.250000 0.250000
vt 0.250000 0.208333
vt 0.250000 0.166667
vt 0.234375 0.208333
vt 0.234375 0.166667
vt 0.234375 0.250000
vt 0.218750 0.250000
vt 0.218750 0.208333
vt 0.218750 0.166667
vt 0.156250 0.166667
vt 0.156250 0.208333
vt 0.140625 0.208333
vt 0.140625 0.166667
vt 0.156250 0.250000
vt 0.140625 0.250000
vt 0.125000 0.250000
vt 0.125000 0.208333
vt 0.125000 0.166667
vt 0.109375 0.208333
vt 0.109375 0.166667
vt 0.109375 0.250000
vt 0.093750 0.250000
vt 0.093750 0.208333
vt 0.093750 0.166667
vt 0.078125 0.208333
vt 0.078125 0.166667
vt 0.078125 0.250000
vt 0.062500 0.250000
vt 0.062500 0.208333
vt 0.062500 0.166667
vt 0.046875 0.208333
vt 0.046875 0.166667
vt 0.046875 0.250000
vt 0.031250 0.250000
vt 0.031250 0.208333
vt 0.031250 0.166667
vt 0.015625 0.208333
vt 0.015625 0.166667
vt 0.015625 0.250000
vt 0.000000 0.250000
vt 0.000000 0.208333
vt 0.000000 0.166667
vt 0.031250 0.791667
vt 0.015625 0.791667
vt 0.031250 0.833333
vt 0.015625 0.833333
vt 0.000000 0.833333
vt 0.000000 0.791667
vt 0.031250 0.875000
vt 0.015625 0.875000
vt 0.000000 0.875000
vt 0.062500 0.791667
vt 0.046875 0.791667
vt 0.062500 0.833333
vt 0.046875 0.833333
vt 0.062500 0.875000
vt 0.046875 0.875000
vt 0.093750 0.791667
vt 0.078125 0.791667
vt 0.093750 0.833333
vt 0.078125 0.833333
vt 0.093750 0.875000
vt 0.078125 0.875000
vt 0.125000 0.791667
vt 0.109375 0.791667
vt 0.125000 0.833333
vt 0.109375 0.833333
vt 0.125000 0.875000
vt 0.109375 0.875000
vt 0.156250 0.791667
vt 0.140625 0.791667
vt 0.156250 0.833333
vt 0.140625 0.833333
vt 0.156250 0.875000
vt 0.140625 0.875000
vt 0.250000 0.791667
vt 0.234375 0.791667
vt 0.250000 0.833333
vt 0.234375 0.833333
vt 0.218750 0.833333
vt 0.218750 0.791667
vt 0.250000 0.875000
vt 0.234375 0.875000
vt 0.218750 0.875000
vt 0.281250 0.791667
vt 0.265625 0.791667
vt 0.281250 0.833333
vt 0.265625 0.833333
vt 0.281250 0.875000
vt 0.265625 0.875000
vt 0.312500 0.791667
vt 0.296875 0.791667
vt 0.312500 0.833333
vt 0.296875 0.833333
vt 0.312500 0.875000
vt 0.296875 0.875000
vt 0.343750 0.791667
vt 0.328125 0.791667
vt 0.343750 0.833333
vt 0.328125 0.833333
vt 0.343750 0.875000
vt 0.328125 0.875000
vt 0.375000 0.791667
vt 0.359375 0.791667
vt 0.375000 0.833333
vt 0.359375 0.833333
vt 0.375000 0.875000
vt 0.359375 0.875000
vt 0.406250 0.791667
vt 0.390625 0.791667
vt 0.406250 0.833333
vt 0.390625 0.833333
vt 0.406250 0.875000
vt 0.390625 0.875000
vt 0.437500 0.791667
vt 0.421875 0.791667
vt 0.437500 0.833333
vt 0.421875 0.833333
vt 0.437500 0.875000
vt 0.421875 0.875000
vt 0.531250 0.791667
vt 0.515625 0.791667
vt 0.531250 0.833333
vt 0.515625 0.833333
vt 0.500000 0.833333
vt 0.500000 0.791667
vt 0.531250 0.875000
vt 0.515625 0.875000
vt 0.500000 0.875000
vt 0.562500 0.791667
vt 0.546875 0.791667
vt 0.562500 0.833333
vt 0.546875 0.833333
vt 0.562500 0.875000
vt 0.546875 0.875000
vt 0.593750 0.791667
vt 0.578125 0.791667
vt 0.593750 0.833333
vt 0.578125 0.833333
vt 0.593750 0.875000
vt 0.578125 0.875000
vt 0.625000 0.791667
vt 0.609375 0.791667
vt 0.625000 0.833333
vt 0.609375 0.833333
vt 0.625000 0.875000
vt 0.609375 0.875000
vt 0.656250 0.791667
vt 0.640625 0.791667
vt 0.656250 0.833333
vt 0.640625 0.833333
vt 0.656250 0.875000
vt 0.640625 0.875000
vt 0.750000 0.791667
vt 0.734375 0.791667
vt 0.750000 0.833333
vt 0.734375 0.833333
vt 0.718750 0.833333
vt 0.718750 0.791667
vt 0.750000 0.875000
vt 0.734375 0.875000
vt 0.718750 0.875000
vt 0.781250 0.791667
vt 0.765625 0.791667
vt 0.781250 0.833333
vt 0.765625 0.833333
vt 0.781250 0.875000
vt 0.765625 0.875000
vt 0.812500 0.791667
vt 0.796875 0.791667
vt 0.812500 0.833333
vt 0.796875 0.833333
vt 0.812500 0.875000
vt 0.796875 0.875000
vt 0.843750 0.791667
vt 0.828125 0.791667
vt 0.843750 0.833333
vt 0.828125 0.833333
vt 0.843750 0.875000
vt 0.828125 0.875000
vt 0.875000 0.791667
vt 0.859375 0.791667
vt 0.875000 0.833333
vt 0.859375 0.833333
vt 0.875000 0.875000
vt 0.859375 0.875000
vt 0.906250 0.791667
vt 0.890625 0.791667
vt 0.906250 0.833333
vt 0.890625 0.833333
vt 0.906250 0.875000
vt 0.890625 0.875000
vt 0.937500 0.791667
vt 0.921875 0.791667
vt 0.937500 0.833333
vt 0.921875 0.833333
vt 0.937500 0.875000
vt 0.921875 0.875000
vt 0.968750 0.791667
vt 0.953125 0.791667
vt 0.968750 0.833333
vt 0.953125 0.833333
vt 0.968750 0.875000
vt 0.953125 0.875000
vt 1.000000 0.791667
vt 0.984375 0.791667
vt 1.000000 0.833333
vt 0.984375 0.833333
vt 1.000000 0.875000
vt 0.984375 0.875000
vt 1.000000 0.541667
vt 0.984375 0.541667
vt 1.000000 0.583333
vt 0.984375 0.583333
vt 0.968750 0.583333
vt 0.968750 0.541667
vt 1.000000 0.625000
vt 0.984375 0.625000
vt 0.968750 0.625000
vt 0.953125 0.541667
vt 0.953125 0.583333
vt 0.937500 0.583333
vt 0.937500 0.541667
vt 0.953125 0.625000
vt 0.937500 0.625000
vt 0.921875 0.541667
vt 0.921875 0.583333
vt 0.906250 0.583333
vt 0.906250 0.541667
vt 0.921875 0.625000
vt 0.906250 0.625000
vt 0.890625 0.541667
vt 0.890625 0.583333
vt 0.875000 0.583333
vt 0.875000 0.541667
vt 0.890625 0.625000
vt 0.875000 0.625000
vt 0.859375 0.541667
vt 0.859375 0.583333
vt 0.843750 0.583333
vt 0.843750 0.541667
vt 0.859375 0.625000
vt 0.843750 0.625000
vt 0.828125 0.541667
vt 0.828125 0.583333
vt 0.812500 0.583333
vt 0.812500 0.541667
vt 0.828125 0.625000
vt 0.812500 0.625000
vt 0.796875 0.541667
vt 0.796875 0.583333
vt 0.781250 0.583333
vt 0.781250 0.541667
vt 0.796875 0.625000
vt 0.781250 0.625000
vt 0.765625 0.541667
vt 0.765625 0.583333
vt 0.750000 0.583333
vt 0.750000 0.541667
vt 0.765625 0.625000
vt 0.750000 0.625000
vt 0.734375 0.541667
vt 0.734375 0.583333
vt 0.718750 0.583333
vt 0.718750 0.541667
vt 0.734375 0.625000
vt 0.718750 0.625000
vt 0.656250 0.541667
vt 0.640625 0.541667
vt 0.656250 0.583333
vt 0.640625 0.583333
vt 0.625000 0.583333
vt 0.625000 0.541667
vt 0.656250 0.625000
vt 0.640625 0.625000
vt 0.625000 0.625000
vt 0.609375 0.541667
vt 0.609375 0.583333
vt 0.593750 0.583333
vt 0.593750 0.541667
vt 0.609375 0.625000
vt 0.593750 0.625000
vt 0.578125 0.541667
vt 0.578125 0.583333
vt 0.562500 0.583333
vt 0.562500 0.541667
vt 0.578125 0.625000
vt 0.562500 0.625000
vt 0.546875 0.541667
vt 0.546875 0.583333
vt 0.531250 0.583333
vt 0.531250 0.541667
vt 0.546875 0.625000
vt 0.531250 0.625000
vt 0.515625 0.541667
vt 0.515625 0.583333
vt 0.500000 0.583333
vt 0.500000 0.541667
vt 0.515625 0.625000
vt 0.500000 0.625000
vt 0.437500 0.541667
vt 0.421875 0.541667
vt 0.437500 0.583333
vt 0.421875 0.583333
vt 0.406250 0.583333
vt 0.406250 0.541667
vt 0.437500 0.625000
vt 0.421875 0.625000
vt 0.406250 0.625000
vt 0.390625 0.541667
vt 0.390625 0.583333
vt 0.375000 0.583333
vt 0.375000 0.541667
vt 0.390625 0.625000
vt 0.375000 0.625000
vt 0.359375 0.541667
vt 0.359375 0.583333
vt 0.343750 0.583333
vt 0.343750 0.541667
vt 0.359375 0.625000
vt 0.343750 0.625000
vt 0.328125 0.541667
vt 0.328125 0.583333
vt 0.312500 0.583333
vt 0.312500 0.541667
vt 0.328125 0.625000
vt 0.312500 0.625000
vt 0.296875 0.541667
vt 0.296875 0.583333
vt 0.281250 0.583333
vt 0.281250 0.541667
vt 0.296875 0.625000
vt 0.281250 0.625000
vt 0.265625 0.541667
vt 0.265625 0.583333
vt 0.250000 0.583333
vt 0.250000 0.541667
vt 0.265625 0.625000
vt 0.250000 0.625000
vt 0.234375 0.541667
vt 0.234375 0.583333
vt 0.218750 0.583333
vt 0.218750 0.541667
vt 0.234375 0.625000
vt 0.218750 0.625000
vt 0.156250 0.541667
vt 0.140625 0.541667
vt 0.156250 0.583333
vt 0.140625 0.583333
vt 0.125000 0.583333
vt 0.125000 0.541667
vt 0.156250 0.625000
vt 0.140625 0.625000
vt 0.125000 0.625000
vt 0.109375 0.541667
vt 0.109375 0.583333
vt 0.093750 0.583333
vt 0.093750 0.541667
vt 0.109375 0.625000
vt 0.093750 0.625000
vt 0.078125 0.541667
vt 0.078125 0.583333
vt 0.062500 0.583333
vt 0.062500 0.541667
vt 0.078125 0.625000
vt 0.062500 0.625000
vt 0.046875 0.541667
vt 0.046875 0.583333
vt 0.031250 0.583333
vt 0.031250 0.541667
vt 0.046875 0.625000
vt 0.031250 0.625000
vt 0.015625 0.541667
vt 0.015625 0.583333
vt 0.000000 0.583333
vt 0.000000 0.541667
vt 0.015625 0.625000
vt 0.000000 0.625000
vt 1.000000 0.291667
vt 0.984375 0.291667
vt 1.000000 0.333333
vt 0.984375 0.333333
vt 0.968750 0.333333
vt 0.968750 0.291667
vt 1.000000 0.375000
vt 0.984375 0.375000
vt 0.968750 0.375000
vt 0.953125 0.291667
vt 0.953125 0.333333
vt 0.937500 0.333333
vt 0.937500 0.291667
vt 0.953125 0.375000
vt 0.937500 0.375000
vt 0.921875 0.291667
vt 0.921875 0.333333
vt 0.906250 0.333333
vt 0.906250 0.291667
vt 0.921875 0.375000
vt 0.906250 0.375000
vt 0.890625 0.291667
vt 0.890625 0.333333
vt 0.875000 0.333333
vt 0.875000 0.291667
vt 0.890625 0.375000
vt 0.875000 0.375000
vt 0.859375 0.291667
vt 0.859375 0.333333
vt 0.843750 0.333333
vt 0.843750 0.291667
vt 0.859375 0.375000
vt 0.843750 0.375000
vt 0.828125 0.291667
vt 0.828125 0.333333
vt 0.812500 0.333333
vt 0.812500 0.291667
vt 0.828125 0.375000
vt 0.812500 0.375000
vt 0.796875 0.291667
vt 0.796875 0.333333
vt 0.781250 0.333333
vt 0.781250 0.291667
vt 0.796875 0.375000
vt 0.781250 0.375000
vt 0.765625 0.291667
vt 0.765625 0.333333
vt 0.750000 0.333333
vt 0.750000 0.291667
vt 0.765625 0.375000
vt 0.750000 0.375000
vt 0.734375 0.291667
vt 0.734375 0.333333
vt 0.718750 0.333333
vt 0.718750 0.291667
vt 0.734375 0.375000
vt 0.718750 0.375000
vt 0.656250 0.291667
vt 0.640625 0.291667
vt 0.656250 0.333333
vt 0.640625 0.333333
vt 0.625000 0.333333
vt 0.625000 0.291667
vt 0.656250 0.375000
vt 0.640625 0.375000
vt 0.625000 0.375000
vt 0.609375 0.291667
vt 0.609375 0.333333
vt 0.593750 0.333333
vt 0.593750 0.291667
vt 0.609375 0.375000
vt 0.593750 0.375000
vt 0.578125 0.291667
vt 0.578125 0.333333
vt 0.562500 0.333333
vt 0.562500 0.291667
vt 0.578125 0.375000
vt 0.562500 0.375000
vt 0.546875 0.291667
vt 0.546875 0.333333
vt 0.531250 0.333333
vt 0.531250 0.291667
vt 0.546875 0.375000
vt 0.531250 0.375000
vt 0.515625 0.291667
vt 0.515625 0.333333
vt 0.500000 0.333333
vt 0.500000 0.291667
vt 0.515625 0.375000
vt 0.500000 0.375000
vt 0.437500 0.291667
vt 0.421875 0.291667
vt 0.437500 0.333333
vt 0.421875 0.333333
vt 0.406250 0.333333
vt 0.406250 0.291667
vt 0.437500 0.375000
vt 0.421875 0.375000
vt 0.406250 0.375000
vt 0.390625 0.291667
vt 0.390625 0.333333
vt 0.375000 0.333333
vt 0.375000 0.291667
vt 0.390625 0.375000
vt 0.375000 0.375000
vt 0.359375 0.291667
vt 0.359375 0.333333
vt 0.343750 0.333333
vt 0.343750 0.291667
vt 0.359375 0.375000
vt 0.343750 0.375000
vt 0.328125 0.291667
vt 0.328125 0.333333
vt 0.312500 0.333333
vt 0.312500 0.291667
vt 0.328125 0.375000
vt 0.312500 0.375000
vt 0.296875 0.291667
vt 0.296875 0.333333
vt 0.281250 0.333333
vt 0.281250 0.291667
vt 0.296875 0.375000
vt 0.281250 0.375000
vt 0.265625 0.291667
vt 0.265625 0.333333
vt 0.250000 0.333333
vt 0.250000 0.291667
vt 0.265625 0.375000
vt 0.250000 0.375000
vt 0.234375 0.291667
vt 0.234375 0.333333
vt 0.218750 0.333333
vt 0.218750 0.291667
vt 0.234375 0.375000
vt 0.218750 0.375000
vt 0.156250 0.291667
vt 0.140625 0.291667
vt 0.156250 0.333333
vt 0.140625 0.333333
vt 0.125000 0.333333
vt 0.125000 0.291667
vt 0.156250 0.375000
vt 0.140625 0.375000
vt 0.125000 0.375000
vt 0.109375 0.291667
vt 0.109375 0.333333
vt 0.093750 0.333333
vt 0.093750 0.291667
vt 0.109375 0.375000
vt 0.093750 0.375000
vt 0.078125 0.291667
vt 0.078125 0.333333
vt 0.062500 0.333333
vt 0.062500 0.291667
vt 0.078125 0.375000
vt 0.062500 0.375000
vt 0.046875 0.291667
vt 0.046875 0.333333
vt 0.031250 0.333333
vt 0.031250 0.291667
vt 0.046875 0.375000
vt 0.031250 0.375000
vt 0.015625 0.291667
vt 0.015625 0.333333
vt 0.000000 0.333333
vt 0.000000 0.291667
vt 0.015625 0.375000
vt 0.000000 0.375000
vt 0.031250 0.000000
vt 0.031250 0.041667
vt 0.015625 0.041667
vt 0.015625 0.000000
vt 0.031250 0.083333
vt 0.015625 0.083333
vt 0.000000 0.083333
vt 0.000000 0.041667
vt 0.000000 0.000000
vt 0.031250 0.125000
vt 0.015625 0.125000
vt 0.000000 0.125000
vt 0.062500 0.000000
vt 0.062500 0.041667
vt 0.046875 0.041667
vt 0.046875 0.000000
vt 0.062500 0.083333
vt 0.046875 0.083333
vt 0.062500 0.125000
vt 0.046875 0.125000
vt 0.093750 0.000000
vt 0.093750 0.041667
vt 0.078125 0.041667
vt 0.078125 0.000000
vt 0.093750 0.083333
vt 0.078125 0.083333
vt 0.093750 0.125000
vt 0.078125 0.125000
vt 0.125000 0.000000
vt 0.125000 0.041667
vt 0.109375 0.041667
vt 0.109375 0.000000
vt 0.125000 0.083333
vt 0.109375 0.083333
vt 0.125000 0.125000
vt 0.109375 0.125000
vt 0.156250 0.000000
vt 0.156250 0.041667
vt 0.140625 0.041667
vt 0.140625 0.000000
vt 0.156250 0.083333
vt 0.140625 0.083333
vt 0.156250 0.125000
vt 0.140625 0.125000
vt 0.250000 0.000000
vt 0.250000 0.041667
vt 0.234375 0.041667
vt 0.234375 0.000000
vt 0.250000 0.083333
vt 0.234375 0.083333
vt 0.218750 0.083333
vt 0.218750 0.041667
vt 0.218750 0.000000
vt 0.250000 0.125000
vt 0.234375 0.125000
vt 0.218750 0.125000
vt 0.281250 0.000000
vt 0.281250 0.041667
vt 0.265625 0.041667
vt 0.265625 0.000000
vt 0.281250 0.083333
vt 0.265625 0.083333
vt 0.281250 0.125000
vt 0.265625 0.125000
vt 0.312500 0.000000
vt 0.312500 0.041667
vt 0.296875 0.041667
vt 0.296875 0.000000
vt 0.312500 0.083333
vt 0.296875 0.083333
vt 0.312500 0.125000
vt 0.296875 0.125000
vt 0.343750 0.000000
vt 0.343750 0.041667
vt 0.328125 0.041667
vt 0.328125 0.000000
vt 0.343750 0.083333
vt 0.328125 0.083333
vt 0.343750 0.125000
vt 0.328125 0.125000
vt 0.375000 0.000000
vt 0.375000 0.041667
vt 0.359375 0.041667
vt 0.359375 0.000000
vt 0.375000 0.083333
vt 0.359375 0.083333
vt 0.375000 0.125000
vt 0.359375 0.125000
vt 0.406250 0.000000
vt 0.406250 0.041667
vt 0.390625 0.041667
vt 0.390625 0.000000
vt 0.406250 0.083333
vt 0.390625 0.083333
vt 0.406250 0.125000
vt 0.390625 0.125000
vt 0.437500 0.000000
vt 0.437500 0.041667
vt 0.421875 0.041667
vt 0.421875 0.000000
vt 0.437500 0.083333
vt 0.421875 0.083333
vt 0.437500 0.125000
vt 0.421875 0.125000
vt 0.531250 0.000000
vt 0.531250 0.041667
vt 0.515625 0.041667
vt 0.515625 0.000000
vt 0.531250 0.083333
vt 0.515625 0.083333
vt 0.500000 0.083333
vt 0.500000 0.041667
vt 0.500000 0.000000
vt 0.531250 0.125000
vt 0.515625 0.125000
vt 0.500000 0.125000
vt 0.562500 0.000000
vt 0.562500 0.041667
vt 0.546875 0.041667
vt 0.546875 0.000000
vt 0.562500 0.083333
vt 0.546875 0.083333
vt 0.562500 0.125000
vt 0.546875 0.125000
vt 0.593750 0.000000
vt 0.593750 0.041667
vt 0.578125 0.041667
vt 0.578125 0.000000
vt 0.593750 0.083333
vt 0.578125 0.083333
vt 0.593750 0.125000
vt 0.578125 0.125000
vt 0.625000 0.000000
vt 0.625000 0.041667
vt 0.609375 0.041667
vt 0.609375 0.000000
vt 0.625000 0.083333
vt 0.609375 0.083333
vt 0.625000 0.125000
vt 0.609375 0.125000
vt 0.656250 0.000000
vt 0.656250 0.041667
vt 0.640625 0.041667
vt 0.640625 0.000000
vt 0.656250 0.083333
vt 0.640625 0.083333
vt 0.656250 0.125000
vt 0.640625 0.125000
vt 0.750000 0.000000
vt 0.750000 0.041667
vt 0.734375 0.041667
vt 0.734375 0.000000
vt 0.750000 0.083333
vt 0.734375 0.083333
vt 0.718750 0.083333
vt 0.718750 0.041667
vt 0.718750 0.000000
vt 0.750000 0.125000
vt 0.734375 0.125000
vt 0.718750 0.125000
vt 0.781250 0.000000
vt 0.781250 0.041667
vt 0.765625 0.041667
vt 0.765625 0.000000
vt 0.781250 0.083333
vt 0.765625 0.083333
vt 0.781250 0.125000
vt 0.765625 0.125000
vt 0.812500 0.000000
vt 0.812500 0.041667
vt 0.796875 0.041667
vt 0.796875 0.000000
vt 0.812500 0.083333
vt 0.796875 0.083333
vt 0.812500 0.125000
vt 0.796875 0.125000
vt 0.843750 0.000000
vt 0.843750 0.041667
vt 0.828125 0.041667
vt 0.828125 0.000000
vt 0.843750 0.083333
vt 0.828125 0.083333
vt 0.843750 0.125000
vt 0.828125 0.125000
vt 0.875000 0.000000
vt 0.875000 0.041667
vt 0.859375 0.041667
vt 0.859375 0.000000
vt 0.875000 0.083333
vt 0.859375 0.083333
vt 0.875000 0.125000
vt 0.859375 0.125000
vt 0.906250 0.000000
vt 0.906250 0.041667
vt 0.890625 0.041667
vt 0.890625 0.000000
vt 0.906250 0.083333
vt 0.890625 0.083333
vt 0.906250 0.125000
vt 0.890625 0.125000
vt 0.937500 0.000000
vt 0.937500 0.041667
vt 0.921875 0.041667
vt 0.921875 0.000000
vt 0.937500 0.083333
vt 0.921875 0.083333
vt 0.937500 0.125000
vt 0.921875 0.125000
vt 0.968750 0.000000
vt 0.968750 0.041667
vt 0.953125 0.041667
vt 0.953125 0.000000
vt 0.968750 0.083333
vt 0.953125 0.083333
vt 0.968750 0.125000
vt 0.953125 0.125000
vt 1.000000 0.000000
vt 1.000000 0.041667
vt 0.984375 0.041667
vt 0.984375 0.000000
vt 1.000000 0.083333
vt 0.984375 0.083333
vt 1.000000 0.125000
vt 0.984375 0.125000
s 1
f 147/1/147 379/2/379 1064/3/1064 733/4/733
f 379/2/379 2/5/2 380/6/380 1064/3/1064
f 1064/3/1064 380/6/380 4/7/4 626/8/626
f 733/4/733 1064/3/1064 626/8/626 148/9/148
f 148/9/148 626/8/626 1065/10/1065 731/11/731
f 626/8/626 4/7/4 383/12/383 1065/10/1065
f 1065/10/1065 383/12/383 6/13/6 628/14/628
f 731/11/731 1065/10/1065 628/14/628 150/15/150
f 150/15/150 628/14/628 1066/16/1066 729/17/729
f 628/14/628 6/13/6 386/18/386 1066/16/1066
f 1066/16/1066 386/18/386 8/19/8 630/20/630
f 729/17/729 1066/16/1066 630/20/630 152/21/152
f 152/21/152 630/20/630 1067/22/1067 727/23/727
f 630/20/630 8/19/8 389/24/389 1067/22/1067
f 1067/22/1067 389/24/389 10/25/10 632/26/632
f 727/23/727 1067/22/1067 632/26/632 154/27/154
f 154/27/154 632/26/632 1068/28/1068 725/29/725
f 632/26/632 10/25/10 392/30/392 1068/28/1068
f 1068/28/1068 392/30/392 12/31/12 634/32/634
f 725/29/725 1068/28/1068 634/32/634 156/33/156
f 156/33/156 634/32/634 1069/34/1069 723/35/723
f 634/32/634 12/31/12 395/36/395 1069/34/1069
f 1069/34/1069 395/36/395 14/37/14 636/38/636
f 723/35/723 1069/34/1069 636/38/636 158/39/158
f 158/39/158 636/38/636 1070/40/1070 721/41/721
f 636/38/636 14/37/14 398/42/398 1070/40/1070
f 1070/40/1070 398/42/398 16/43/16 638/44/638
f 721/41/721 1070/40/1070 638/44/638 160/45/160
f 160/45/160 638/44/638 1071/46/1071 719/47/719
f 638/44/638 16/43/16 401/48/401 1071/46/1071
f 1071/46/1071 401/48/401 18/49/18 640/50/640
f 719/47/719 1071/46/1071 640/50/640 162/51/162
f 162/51/162 640/50/640 1072/52/1072 717/53/717
f 640/50/640 18/49/18 404/54/404 1072/52/1072
f 1072/52/1072 404/54/404 20/55/20 642/56/642
f 717/53/717 1072/52/1072 642/56/642 164/57/164
f 166/58/166 644/59/644 1073/60/1073 715/61/715
f 644/59/644 22/62/22 408/63/408 1073/60/1073
f 1073/60/1073 408/63/408 24/64/24 646/65/646
f 715/61/715 1073/60/1073 646/65/646 168/66/168
f 168/66/168 646/65/646 1074/67/1074 713/68/713
f 646/65/646 24/64/24 411/69/411 1074/67/1074
f 1074/67/1074 411/69/411 26/70/26 648/71/648
f 713/68/713 1074/67/1074 648/71/648 170/72/170
f 170/72/170 648/71/648 1075/73/1075 711/74/711
f 648/71/648 26/70/26 414/75/414 1075/73/1075
f 1075/73/1075 414/75/414 28/76/28 650/77/650
f 711/74/711 1075/73/1075 650/77/650 172/78/172
f 172/78/172 650/77/650 1076/79/1076 709/80/709
f 650/77/650 28/76/28 417/81/417 1076/79/1076
f 1076/79/1076 417/81/417 30/82/30 652/83/652
f 709/80/709 1076/79/1076 652/83/652 174/84/174
f 174/84/174 652/83/652 1077/85/1077 707/86/707
f 652/83/652 30/82/30 420/87/420 1077/85/1077
f 1077/85/1077 420/87/420 32/88/32 654/89/654
f 707/86/707 1077/85/1077 654/89/654 176/90/176
f 178/91/178 656/92/656 1078/93/1078 705/94/705
f 656/92/656 34/95/34 424/96/424 1078/93/1078
f 1078/93/1078 424/96/424 36/97/36 658/98/658
f 705/94/705 1078/93/1078 658/98/658 180/99/180
f 180/99/180 658/98/658 1079/100/1079 703/101/703
f 658/98/658 36/97/36 427/102/427 1079/100/1079
f 1079/100/1079 427/102/427 38/103/38 660/104/660
f 703/101/703 1079/100/1079 660/104/660 182/105/182
f 182/105/182 660/104/660 1080/106/1080 701/107/701
f 660/104/660 38/103/38 430/108/430 1080/106/1080
f 1080/106/1080 430/108/430 40/109/40 662/110/662
f 701/107/701 1080/106/1080 662/110/662 184/111/184
f 184/111/184 662/110/662 1081/112/1081 699/113/699
f 662/110/662 40/109/40 433/114/433 1081/112/1081
f 1081/112/1081 433/114/433 42/115/42 664/116/664
f 699/113/699 1081/112/1081 664/116/664 186/117/186
f 186/117/186 664/116/664 1082/118/1082 697/119/697
f 664/116/664 42/115/42 436/120/436 1082/118/1082
f 1082/118/1082 436/120/436 44/121/44 666/122/666
f 697/119/697 1082/118/1082 666/122/666 188/123/188
f 188/123/188 666/122/666 1083/124/1083 695/125/695
f 666/122/666 44/121/44 439/126/439 1083/124/1083
f 1083/124/1083 439/126/439 46/127/46 668/128/668
f 695/125/695 1083/124/1083 668/128/668 190/129/190
f 190/129/190 668/128/668 1084/130/1084 693/131/693
f 668/128/668 46/127/46 442/132/442 1084/130/1084
f 1084/130/1084 442/132/442 48/133/48 670/134/670
f 693/131/693 1084/130/1084 670/134/670 192/135/192
f 194/136/194 672/137/672 1085/138/1085 691/139/691
f 672/137/672 50/140/50 446/141/446 1085/138/1085
f 1085/138/1085 446/141/446 52/142/52 674/143/674
f 691/139/691 1085/138/1085 674/143/674 196/144/196
f 196/144/196 674/143/674 1086/145/1086 689/146/689
f 674/143/674 52/142/52 449/147/449 1086/145/1086
f 1086/145/1086 449/147/449 54/148/54 676/149/676
f 689/146/689 1086/145/1086 676/149/676 198/150/198
f 198/150/198 676/149/676 1087/151/1087 687/152/687
f 676/149/676 54/148/54 452/153/452 1087/151/1087
f 1087/151/1087 452/153/452 56/154/56 678/155/678
f 687/152/687 1087/151/1087 678/155/678 200/156/200
f 200/156/200 678/155/678 1088/157/1088 685/158/685
f 678/155/678 56/154/56 455/159/455 1088/157/1088
f 1088/157/1088 455/159/455 58/160/58 680/161/680
f 685/158/685 1088/157/1088 680/161/680 202/162/202
f 202/162/202 680/161/680 1089/163/1089 683/164/683
f 680/161/680 58/160/58 458/165/458 1089/163/1089
f 1089/163/1089 458/165/458 2/166/2 379/167/379
f 683/164/683 1089/163/1089 379/167/379 147/168/147
f 318/169/318 900/170/900 1090/171/1090 953/172/953
f 900/170/900 87/173/87 488/174/488 1090/171/1090
f 1090/171/1090 488/174/488 59/175/59 459/176/459
f 953/172/953 1090/171/1090 459/176/459 263/177/263
f 316/178/316 898/179/898 1091/180/1091 951/181/951
f 898/179/898 86/182/86 489/183/489 1091/180/1091
f 1091/180/1091 489/183/489 87/173/87 900/170/900
f 951/181/951 1091/180/1091 900/170/900 318/169/318
f 314/184/314 896/185/896 1092/186/1092 949/187/949
f 896/185/896 85/188/85 490/189/490 1092/186/1092
f 1092/186/1092 490/189/490 86/182/86 898/179/898
f 949/187/949 1092/186/1092 898/179/898 316/178/316
f 312/190/312 894/191/894 1093/192/1093 947/193/947
f 894/191/894 84/194/84 491/195/491 1093/192/1093
f 1093/192/1093 491/195/491 85/188/85 896/185/896
f 947/193/947 1093/192/1093 896/185/896 314/184/314
f 310/196/310 892/197/892 1094/198/1094 945/199/945
f 892/197/892 83/200/83 492/201/492 1094/198/1094
f 1094/198/1094 492/201/492 84/194/84 894/191/894
f 945/199/945 1094/198/1094 894/191/894 312/190/312
f 306/202/306 888/203/888 1095/204/1095 943/205/943
f 888/203/888 81/206/81 493/207/493 1095/204/1095
f 1095/204/1095 493/207/493 82/208/82 890/209/890
f 943/205/943 1095/204/1095 890/209/890 308/210/308
f 304/211/304 886/212/886 1096/213/1096 941/214/941
f 886/212/886 80/215/80 494/216/494 1096/213/1096
f 1096/213/1096 494/216/494 81/206/81 888/203/888
f 941/214/941 1096/213/1096 888/203/888 306/202/306
f 302/217/302 884/218/884 1097/219/1097 939/220/939
f 884/218/884 79/221/79 495/222/495 1097/219/1097
f 1097/219/1097 495/222/495 80/215/80 886/212/886
f 939/220/939 1097/219/1097 886/212/886 304/211/304
f 300/223/300 882/224/882 1098/225/1098 937/226/937
f 882/224/882 78/227/78 496/228/496 1098/225/1098
f 1098/225/1098 496/228/496 79/221/79 884/218/884
f 937/226/937 1098/225/1098 884/218/884 302/217/302
f 298/229/298 880/230/880 1099/231/1099 935/232/935
f 880/230/880 77/233/77 497/234/497 1099/231/1099
f 1099/231/1099 497/234/497 78/227/78 882/224/882
f 935/232/935 1099/231/1099 882/224/882 300/223/300
f 296/235/296 878/236/878 1100/237/1100 933/238/933
f 878/236/878 76/239/76 498/240/498 1100/237/1100
f 1100/237/1100 498/240/498 77/233/77 880/230/880
f 933/238/933 1100/237/1100 880/230/880 298/229/298
f 294/241/294 876/242/876 1101/243/1101 931/244/931
f 876/242/876 75/245/75 499/246/499 1101/243/1101
f 1101/243/1101 499/246/499 76/239/76 878/236/878
f 931/244/931 1101/243/1101 878/236/878 296/235/296
f 290/247/290 872/248/872 1102/249/1102 929/250/929
f 872/248/872 73/251/73 500/252/500 1102/249/1102
f 1102/249/1102 500/252/500 74/253/74 874/254/874
f 929/250/929 1102/249/1102 874/254/874 292/255/292
f 288/256/288 870/257/870 1103/258/1103 927/259/927
f 870/257/870 72/260/72 501/261/501 1103/258/1103
f 1103/258/1103 501/261/501 73/251/73 872/248/872
f 927/259/927 1103/258/1103 872/248/872 290/247/290
f 286/262/286 868/263/868 1104/264/1104 925/265/925
f 868/263/868 71/266/71 502/267/502 1104/264/1104
f 1104/264/1104 502/267/502 72/260/72 870/257/870
f 925/265/925 1104/264/1104 870/257/870 288/256/288
f 284/268/284 866/269/866 1105/270/1105 923/271/923
f 866/269/866 70/272/70 503/273/503 1105/270/1105
f 1105/270/1105 503/273/503 71/266/71 868/263/868
f 923/271/923 1105/270/1105 868/263/868 286/262/286
f 282/274/282 864/275/864 1106/276/1106 921/277/921
f 864/275/864 69/278/69 504/279/504 1106/276/1106
f 1106/276/1106 504/279/504 70/272/70 866/269/866
f 921/277/921 1106/276/1106 866/269/866 284/268/284
f 278/280/278 860/281/860 1107/282/1107 919/283/919
f 860/281/860 67/284/67 505/285/505 1107/282/1107
f 1107/282/1107 505/285/505 68/286/68 862/287/862
f 919/283/919 1107/282/1107 862/287/862 280/288/280
f 276/289/276 858/290/858 1108/291/1108 917/292/917
f 858/290/858 66/293/66 506/294/506 1108/291/1108
f 1108/291/1108 506/294/506 67/284/67 860/281/860
f 917/292/917 1108/291/1108 860/281/860 278/280/278
f 274/295/274 856/296/856 1109/297/1109 915/298/915
f 856/296/856 65/299/65 507/300/507 1109/297/1109
f 1109/297/1109 507/300/507 66/293/66 858/290/858
f 915/298/915 1109/297/1109 858/290/858 276/289/276
f 272/301/272 854/302/854 1110/303/1110 913/304/913
f 854/302/854 64/305/64 508/306/508 1110/303/1110
f 1110/303/1110 508/306/508 65/299/65 856/296/856
f 913/304/913 1110/303/1110 856/296/856 274/295/274
f 270/307/270 852/308/852 1111/309/1111 911/310/911
f 852/308/852 63/311/63 509/312/509 1111/309/1111
f 1111/309/1111 509/312/509 64/305/64 854/302/854
f 911/310/911 1111/309/1111 854/302/854 272/301/272
f 268/313/268 850/314/850 1112/315/1112 909/316/909
f 850/314/850 62/317/62 510/318/510 1112/315/1112
f 1112/315/1112 510/318/510 63/311/63 852/308/852
f 909/316/909 1112/315/1112 852/308/852 270/307/270
f 266/319/266 848/320/848 1113/321/1113 907/322/907
f 848/320/848 61/323/61 511/324/511 1113/321/1113
f 1113/321/1113 511/324/511 62/317/62 850/314/850
f 907/322/907 1113/321/1113 850/314/850 268/313/268
f 264/325/264 846/326/846 1114/327/1114 905/328/905
f 846/326/846 60/329/60 512/330/512 1114/327/1114
f 1114/327/1114 512/330/512 61/323/61 848/320/848
f 905/328/905 1114/327/1114 848/320/848 266/319/266
f 263/331/263 459/332/459 1115/333/1115 903/334/903
f 459/332/459 59/335/59 513/336/513 1115/333/1115
f 1115/333/1115 513/336/513 60/329/60 846/326/846
f 903/334/903 1115/333/1115 846/326/846 264/325/264
f 258/337/258 788/338/788 1116/339/1116 843/340/843
f 788/338/788 116/341/116 543/342/543 1116/339/1116
f 1116/339/1116 543/342/543 88/343/88 514/344/514
f 843/340/843 1116/339/1116 514/344/514 261/345/261
f 256/346/256 786/347/786 1117/348/1117 841/349/841
f 786/347/786 115/350/115 544/351/544 1117/348/1117
f 1117/348/1117 544/351/544 116/341/116 788/338/788
f 841/349/841 1117/348/1117 788/338/788 258/337/258
f 254/352/254 784/353/784 1118/354/1118 839/355/839
f 784/353/784 114/356/114 545/357/545 1118/354/1118
f 1118/354/1118 545/357/545 115/350/115 786/347/786
f 839/355/839 1118/354/1118 786/347/786 256/346/256
f 252/358/252 782/359/782 1119/360/1119 837/361/837
f 782/359/782 113/362/113 546/363/546 1119/360/1119
f 1119/360/1119 546/363/546 114/356/114 784/353/784
f 837/361/837 1119/360/1119 784/353/784 254/352/254
f 250/364/250 780/365/780 1120/366/1120 835/367/835
f 780/365/780 112/368/112 547/369/547 1120/366/1120
f 1120/366/1120 547/369/547 113/362/113 782/359/782
f 835/367/835 1120/366/1120 782/359/782 252/358/252
f 246/370/246 776/371/776 1121/372/1121 833/373/833
f 776/371/776 110/374/110 548/375/548 1121/372/1121
f 1121/372/1121 548/375/548 111/376/111 778/377/778
f 833/373/833 1121/372/1121 778/377/778 248/378/248
f 244/379/244 774/380/774 1122/381/1122 831/382/831
f 774/380/774 109/383/109 549/384/549 1122/381/1122
f 1122/381/1122 549/384/549 110/374/110 776/371/776
f 831/382/831 1122/381/1122 776/371/776 246/370/246
f 242/385/242 772/386/772 1123/387/1123 829/388/829
f 772/386/772 108/389/108 550/390/550 1123/387/1123
f 1123/387/1123 550/390/550 109/383/109 774/380/774
f 829/388/829 1123/387/1123 774/380/774 244/379/244
f 240/391/240 770/392/770 1124/393/1124 827/394/827
f 770/392/770 107/395/107 551/396/551 1124/393/1124
f 1124/393/1124 551/396/551 108/389/108 772/386/772
f 827/394/827 1124/393/1124 772/386/772 242/385/242
f 238/397/238 768/398/768 1125/399/1125 825/400/825
f 768/398/768 106/401/106 552/402/552 1125/399/1125
f 1125/399/1125 552/402/552 107/395/107 770/392/770
f 825/400/825 1125/399/1125 770/392/770 240/391/240
f 236/403/236 766/404/766 1126/405/1126 823/406/823
f 766/404/766 105/407/105 553/408/553 1126/405/1126
f 1126/405/1126 553/408/553 106/401/106 768/398/768
f 823/406/823 1126/405/1126 768/398/768 238/397/238
f 234/409/234 764/410/764 1127/411/1127 821/412/821
f 764/410/764 104/413/104 554/414/554 1127/411/1127
f 1127/411/1127 554/414/554 105/407/105 766/404/766
f 821/412/821 1127/411/1127 766/404/766 236/403/236
f 230/415/230 760/416/760 1128/417/1128 819/418/819
f 760/416/760 102/419/102 555/420/555 1128/417/1128
f 1128/417/1128 555/420/555 103/421/103 762/422/762
f 819/418/819 1128/417/1128 762/422/762 232/423/232
f 228/424/228 758/425/758 1129/426/1129 817/427/817
f 758/425/758 101/428/101 556/429/556 1129/426/1129
f 1129/426/1129 556/429/556 102/419/102 760/416/760
f 817/427/817 1129/426/1129 760/416/760 230/415/230
f 226/430/226 756/431/756 1130/432/1130 815/433/815
f 756/431/756 100/434/100 557/435/557 1130/432/1130
f 1130/432/1130 557/435/557 101/428/101 758/425/758
f 815/433/815 1130/432/1130 758/425/758 228/424/228
f 224/436/224 754/437/754 1131/438/1131 813/439/813
f 754/437/754 99/440/99 558/441/558 1131/438/1131
f 1131/438/1131 558/441/558 100/434/100 756/431/756
f 813/439/813 1131/438/1131 756/431/756 226/430/226
f 222/442/222 752/443/752 1132/444/1132 811/445/811
f 752/443/752 98/446/98 559/447/559 1132/444/1132
f 1132/444/1132 559/447/559 99/440/99 754/437/754
f 811/445/811 1132/444/1132 754/437/754 224/436/224
f 218/448/218 748/449/748 1133/450/1133 809/451/809
f 748/449/748 96/452/96 560/453/560 1133/450/1133
f 1133/450/1133 560/453/560 97/454/97 750/455/750
f 809/451/809 1133/450/1133 750/455/750 220/456/220
f 216/457/216 746/458/746 1134/459/1134 807/460/807
f 746/458/746 95/461/95 561/462/561 1134/459/1134
f 1134/459/1134 561/462/561 96/452/96 748/449/748
f 807/460/807 1134/459/1134 748/449/748 218/448/218
f 214/463/214 744/464/744 1135/465/1135 805/466/805
f 744/464/744 94/467/94 562/468/562 1135/465/1135
f 1135/465/1135 562/468/562 95/461/95 746/458/746
f 805/466/805 1135/465/1135 746/458/746 216/457/216
f 212/469/212 742/470/742 1136/471/1136 803/472/803
f 742/470/742 93/473/93 563/474/563 1136/471/1136
f 1136/471/1136 563/474/563 94/467/94 744/464/744
f 803/472/803 1136/471/1136 744/464/744 214/463/214
f 210/475/210 740/476/740 1137/477/1137 801/478/801
f 740/476/740 92/479/92 564/480/564 1137/477/1137
f 1137/477/1137 564/480/564 93/473/93 742/470/742
f 801/478/801 1137/477/1137 742/470/742 212/469/212
f 208/481/208 738/482/738 1138/483/1138 799/484/799
f 738/482/738 91/485/91 565/486/565 1138/483/1138
f 1138/483/1138 565/486/565 92/479/92 740/476/740
f 799/484/799 1138/483/1138 740/476/740 210/475/210
f 206/487/206 736/488/736 1139/489/1139 797/490/797
f 736/488/736 90/491/90 566/492/566 1139/489/1139
f 1139/489/1139 566/492/566 91/485/91 738/482/738
f 797/490/797 1139/489/1139 738/482/738 208/481/208
f 204/493/204 734/494/734 1140/495/1140 795/496/795
f 734/494/734 89/497/89 567/498/567 1140/495/1140
f 1140/495/1140 567/498/567 90/491/90 736/488/736
f 795/496/795 1140/495/1140 736/488/736 206/487/206
f 261/499/261 514/500/514 1141/501/1141 793/502/793
f 514/500/514 88/503/88 568/504/568 1141/501/1141
f 1141/501/1141 568/504/568 89/497/89 734/494/734
f 793/502/793 1141/501/1141 734/494/734 204/493/204
f 377/505/377 597/506/597 1142/507/1142 1063/508/1063
f 597/506/597 145/509/145 598/510/598 1142/507/1142
f 1142/507/1142 598/510/598 117/511/117 954/512/954
f 1063/508/1063 1142/507/1142 954/512/954 320/513/320
f 320/513/320 954/512/954 1143/514/1143 1061/515/1061
f 954/512/954 117/511/117 599/516/599 1143/514/1143
f 1143/514/1143 599/516/599 118/517/118 956/518/956
f 1061/515/1061 1143/514/1143 956/518/956 322/519/322
f 322/519/322 956/518/956 1144/520/1144 1059/521/1059
f 956/518/956 118/517/118 600/522/600 1144/520/1144
f 1144/520/1144 600/522/600 119/523/119 958/524/958
f 1059/521/1059 1144/520/1144 958/524/958 324/525/324
f 324/525/324 958/524/958 1145/526/1145 1057/527/1057
f 958/524/958 119/523/119 601/528/601 1145/526/1145
f 1145/526/1145 601/528/601 120/529/120 960/530/960
f 1057/527/1057 1145/526/1145 960/530/960 326/531/326
f 326/531/326 960/530/960 1146/532/1146 1055/533/1055
f 960/530/960 120/529/120 602/534/602 1146/532/1146
f 1146/532/1146 602/534/602 121/535/121 962/536/962
f 1055/533/1055 1146/532/1146 962/536/962 328/537/328
f 328/537/328 962/536/962 1147/538/1147 1053/539/1053
f 962/536/962 121/535/121 603/540/603 1147/538/1147
f 1147/538/1147 603/540/603 122/541/122 964/542/964
f 1053/539/1053 1147/538/1147 964/542/964 330/543/330
f 330/543/330 964/542/964 1148/544/1148 1051/545/1051
f 964/542/964 122/541/122 604/546/604 1148/544/1148
f 1148/544/1148 604/546/604 123/547/123 966/548/966
f 1051/545/1051 1148/544/1148 966/548/966 332/549/332
f 332/549/332 966/548/966 1149/550/1149 1049/551/1049
f 966/548/966 123/547/123 605/552/605 1149/550/1149
f 1149/550/1149 605/552/605 124/553/124 968/554/968
f 1049/551/1049 1149/550/1149 968/554/968 334/555/334
f 334/555/334 968/554/968 1150/556/1150 1047/557/1047
f 968/554/968 124/553/124 606/558/606 1150/556/1150
f 1150/556/1150 606/558/606 125/559/125 970/560/970
f 1047/557/1047 1150/556/1150 970/560/970 336/561/336
f 338/562/338 972/563/972 1151/564/1151 1045/565/1045
f 972/563/972 126/566/126 607/567/607 1151/564/1151
f 1151/564/1151 607/567/607 127/568/127 974/569/974
f 1045/565/1045 1151/564/1151 974/569/974 340/570/340
f 340/570/340 974/569/974 1152/571/1152 1043/572/1043
f 974/569/974 127/568/127 608/573/608 1152/571/1152
f 1152/571/1152 608/573/608 128/574/128 976/575/976
f 1043/572/1043 1152/571/1152 976/575/976 342/576/342
f 342/576/342 976/575/976 1153/577/1153 1041/578/1041
f 976/575/976 128/574/128 609/579/609 1153/577/1153
f 1153/577/1153 609/579/609 129/580/129 978/581/978
f 1041/578/1041 1153/577/1153 978/581/978 344/582/344
f 344/582/344 978/581/978 1154/583/1154 1039/584/1039
f 978/581/978 129/580/129 610/585/610 1154/583/1154
f 1154/583/1154 610/585/610 130/586/130 980/587/980
f 1039/584/1039 1154/583/1154 980/587/980 346/588/346
f 346/588/346 980/587/980 1155/589/1155 1037/590/1037
f 980/587/980 130/586/130 611/591/611 1155/589/1155
f 1155/589/1155 611/591/611 131/592/131 982/593/982
f 1037/590/1037 1155/589/1155 982/593/982 348/594/348
f 350/595/350 984/596/984 1156/597/1156 1035/598/1035
f 984/596/984 132/599/132 612/600/612 1156/597/1156
f 1156/597/1156 612/600/612 133/601/133 986/602/986
f 1035/598/1035 1156/597/1156 986/602/986 352/603/352
f 352/603/352 986/602/986 1157/604/1157 1033/605/1033
f 986/602/986 133/601/133 613/606/613 1157/604/1157
f 1157/604/1157 613/606/613 134/607/134 988/608/988
f 1033/605/1033 1157/604/1157 988/608/988 354/609/354
f 354/609/354 988/608/988 1158/610/1158 1031/611/1031
f 988/608/988 134/607/134 614/612/614 1158/610/1158
f 1158/610/1158 614/612/614 135/613/135 990/614/990
f 1031/611/1031 1158/610/1158 990/614/990 356/615/356
f 356/615/356 990/614/990 1159/616/1159 1029/617/1029
f 990/614/990 135/613/135 615/618/615 1159/616/1159
f 1159/616/1159 615/618/615 136/619/136 992/620/992
f 1029/617/1029 1159/616/1159 992/620/992 358/621/358
f 358/621/358 992/620/992 1160/622/1160 1027/623/1027
f 992/620/992 136/619/136 616/624/616 1160/622/1160
f 1160/622/1160 616/624/616 137/625/137 994/626/994
f 1027/623/1027 1160/622/1160 994/626/994 360/627/360
f 360/627/360 994/626/994 1161/628/1161 1025/629/1025
f 994/626/994 137/625/137 617/630/617 1161/628/1161
f 1161/628/1161 617/630/617 138/631/138 996/632/996
f 1025/629/1025 1161/628/1161 996/632/996 362/633/362
f 362/633/362 996/632/996 1162/634/1162 1023/635/1023
f 996/632/996 138/631/138 618/636/618 1162/634/1162
f 1162/634/1162 618/636/618 139/637/139 998/638/998
f 1023/635/1023 1162/634/1162 998/638/998 364/639/364
f 366/640/366 1000/641/1000 1163/642/1163 1021/643/1021
f 1000/641/1000 140/644/140 619/645/619 1163/642/1163
f 1163/642/1163 619/645/619 141/646/141 1002/647/1002
f 1021/643/1021 1163/642/1163 1002/647/1002 368/648/368
f 368/648/368 1002/647/1002 1164/649/1164 1019/650/1019
f 1002/647/1002 141/646/141 620/651/620 1164/649/1164
f 1164/649/1164 620/651/620 142/652/142 1004/653/1004
f 1019/650/1019 1164/649/1164 1004/653/1004 370/654/370
f 370/654/370 1004/653/1004 1165/655/1165 1017/656/1017
f 1004/653/1004 142/652/142 621/657/621 1165/655/1165
f 1165/655/1165 621/657/621 143/658/143 1006/659/1006
f 1017/656/1017 1165/655/1165 1006/659/1006 372/660/372
f 372/660/372 1006/659/1006 1166/661/1166 1015/662/1015
f 1006/659/1006 143/658/143 622/663/622 1166/661/1166
f 1166/661/1166 622/663/622 144/664/144 1008/665/1008
f 1015/662/1015 1166/661/1166 1008/665/1008 374/666/374
f 374/666/374 1008/665/1008 1167/667/1167 1013/668/1013
f 1008/665/1008 144/664/144 623/669/623 1167/667/1167
f 1167/667/1167 623/669/623 145/670/145 597/671/597
f 1013/668/1013 1167/667/1167 597/671/597 377/672/377
f 116/341/116 542/673/542 1168/674/1168 543/342/543
f 542/673/542 203/675/203 682/676/682 1168/674/1168
f 1168/674/1168 682/676/682 146/677/146 624/678/624
f 543/342/543 1168/674/1168 624/678/624 88/343/88
f 203/675/203 681/679/681 1169/680/1169 682/676/682
f 681/679/681 202/162/202 683/164/683 1169/680/1169
f 1169/680/1169 683/164/683 147/168/147 625/681/625
f 682/676/682 1169/680/1169 625/681/625 146/677/146
f 115/350/115 541/682/541 1170/683/1170 544/351/544
f 541/682/541 201/684/201 684/685/684 1170/683/1170
f 1170/683/1170 684/685/684 203/675/203 542/673/542
f 544/351/544 1170/683/1170 542/673/542 116/341/116
f 201/684/201 679/686/679 1171/687/1171 684/685/684
f 679/686/679 200/156/200 685/158/685 1171/687/1171
f 1171/687/1171 685/158/685 202/162/202 681/679/681
f 684/685/684 1171/687/1171 681/679/681 203/675/203
f 114/356/114 540/688/540 1172/689/1172 545/357/545
f 540/688/540 199/690/199 686/691/686 1172/689/1172
f 1172/689/1172 686/691/686 201/684/201 541/682/541
f 545/357/545 1172/689/1172 541/682/541 115/350/115
f 199/690/199 677/692/677 1173/693/1173 686/691/686
f 677/692/677 198/150/198 687/152/687 1173/693/1173
f 1173/693/1173 687/152/687 200/156/200 679/686/679
f 686/691/686 1173/693/1173 679/686/679 201/684/201
f 113/362/113 539/694/539 1174/695/1174 546/363/546
f 539/694/539 197/696/197 688/697/688 1174/695/1174
f 1174/695/1174 688/697/688 199/690/199 540/688/540
f 546/363/546 1174/695/1174 540/688/540 114/356/114
f 197/696/197 675/698/675 1175/699/1175 688/697/688
f 675/698/675 196/144/196 689/146/689 1175/699/1175
f 1175/699/1175 689/146/689 198/150/198 677/692/677
f 688/697/688 1175/699/1175 677/692/677 199/690/199
f 112/368/112 538/700/538 1176/701/1176 547/369/547
f 538/700/538 195/702/195 690/703/690 1176/701/1176
f 1176/701/1176 690/703/690 197/696/197 539/694/539
f 547/369/547 1176/701/1176 539/694/539 113/362/113
f 195/702/195 673/704/673 1177/705/1177 690/703/690
f 673/704/673 194/136/194 691/139/691 1177/705/1177
f 1177/705/1177 691/139/691 196/144/196 675/698/675
f 690/703/690 1177/705/1177 675/698/675 197/696/197
f 110/374/110 536/706/536 1178/707/1178 548/375/548
f 536/706/536 191/708/191 692/709/692 1178/707/1178
f 1178/707/1178 692/709/692 193/710/193 537/711/537
f 548/375/548 1178/707/1178 537/711/537 111/376/111
f 191/708/191 669/712/669 1179/713/1179 692/709/692
f 669/712/669 190/129/190 693/131/693 1179/713/1179
f 1179/713/1179 693/131/693 192/135/192 671/714/671
f 692/709/692 1179/713/1179 671/714/671 193/710/193
f 109/383/109 535/715/535 1180/716/1180 549/384/549
f 535/715/535 189/717/189 694/718/694 1180/716/1180
f 1180/716/1180 694/718/694 191/708/191 536/706/536
f 549/384/549 1180/716/1180 536/706/536 110/374/110
f 189/717/189 667/719/667 1181/720/1181 694/718/694
f 667/719/667 188/123/188 695/125/695 1181/720/1181
f 1181/720/1181 695/125/695 190/129/190 669/712/669
f 694/718/694 1181/720/1181 669/712/669 191/708/191
f 108/389/108 534/721/534 1182/722/1182 550/390/550
f 534/721/534 187/723/187 696/724/696 1182/722/1182
f 1182/722/1182 696/724/696 189/717/189 535/715/535
f 550/390/550 1182/722/1182 535/715/535 109/383/109
f 187/723/187 665/725/665 1183/726/1183 696/724/696
f 665/725/665 186/117/186 697/119/697 1183/726/1183
f 1183/726/1183 697/119/697 188/123/188 667/719/667
f 696/724/696 1183/726/1183 667/719/667 189/717/189
f 107/395/107 533/727/533 1184/728/1184 551/396/551
f 533/727/533 185/729/185 698/730/698 1184/728/1184
f 1184/728/1184 698/730/698 187/723/187 534/721/534
f 551/396/551 1184/728/1184 534/721/534 108/389/108
f 185/729/185 663/731/663 1185/732/1185 698/730/698
f 663/731/663 184/111/184 699/113/699 1185/732/1185
f 1185/732/1185 699/113/699 186/117/186 665/725/665
f 698/730/698 1185/732/1185 665/725/665 187/723/187
f 106/401/106 532/733/532 1186/734/1186 552/402/552
f 532/733/532 183/735/183 700/736/700 1186/734/1186
f 1186/734/1186 700/736/700 185/729/185 533/727/533
f 552/402/552 1186/734/1186 533/727/533 107/395/107
f 183/735/183 661/737/661 1187/738/1187 700/736/700
f 661/737/661 182/105/182 701/107/701 1187/738/1187
f 1187/738/1187 701/107/701 184/111/184 663/731/663
f 700/736/700 1187/738/1187 663/731/663 185/729/185
f 105/407/105 531/739/531 1188/740/1188 553/408/553
f 531/739/531 181/741/181 702/742/702 1188/740/1188
f 1188/740/1188 702/742/702 183/735/183 532/733/532
f 553/408/553 1188/740/1188 532/733/532 106/401/106
f 181/741/181 659/743/659 1189/744/1189 702/742/702
f 659/743/659 180/99/180 703/101/703 1189/744/1189
f 1189/744/1189 703/101/703 182/105/182 661/737/661
f 702/742/702 1189/744/1189 661/737/661 183/735/183
f 104/413/104 530/745/530 1190/746/1190 554/414/554
f 530/745/530 179/747/179 704/748/704 1190/746/1190
f 1190/746/1190 704/748/704 181/741/181 531/739/531
f 554/414/554 1190/746/1190 531/739/531 105/407/105
f 179/747/179 657/749/657 1191/750/1191 704/748/704
f 657/749/657 178/91/178 705/94/705 1191/750/1191
f 1191/750/1191 705/94/705 180/99/180 659/743/659
f 704/748/704 1191/750/1191 659/743/659 181/741/181
f 102/419/102 528/751/528 1192/752/1192 555/420/555
f 528/751/528 175/753/175 706/754/706 1192/752/1192
f 1192/752/1192 706/754/706 177/755/177 529/756/529
f 555/420/555 1192/752/1192 529/756/529 103/421/103
f 175/753/175 653/757/653 1193/758/1193 706/754/706
f 653/757/653 174/84/174 707/86/707 1193/758/1193
f 1193/758/1193 707/86/707 176/90/176 655/759/655
f 706/754/706 1193/758/1193 655/759/655 177/755/177
f 101/428/101 527/760/527 1194/761/1194 556/429/556
f 527/760/527 173/762/173 708/763/708 1194/761/1194
f 1194/761/1194 708/763/708 175/753/175 528/751/528
f 556/429/556 1194/761/1194 528/751/528 102/419/102
f 173/762/173 651/764/651 1195/765/1195 708/763/708
f 651/764/651 172/78/172 709/80/709 1195/765/1195
f 1195/765/1195 709/80/709 174/84/174 653/757/653
f 708/763/708 1195/765/1195 653/757/653 175/753/175
f 100/434/100 526/766/526 1196/767/1196 557/435/557
f 526/766/526 171/768/171 710/769/710 1196/767/1196
f 1196/767/1196 710/769/710 173/762/173 527/760/527
f 557/435/557 1196/767/1196 527/760/527 101/428/101
f 171/768/171 649/770/649 1197/771/1197 710/769/710
f 649/770/649 170/72/170 711/74/711 1197/771/1197
f 1197/771/1197 711/74/711 172/78/172 651/764/651
f 710/769/710 1197/771/1197 651/764/651 173/762/173
f 99/440/99 525/772/525 1198/773/1198 558/441/558
f 525/772/525 169/774/169 712/775/712 1198/773/1198
f 1198/773/1198 712/775/712 171/768/171 526/766/526
f 558/441/558 1198/773/1198 526/766/526 100/434/100
f 169/774/169 647/776/647 1199/777/1199 712/775/712
f 647/776/647 168/66/168 713/68/713 1199/777/1199
f 1199/777/1199 713/68/713 170/72/170 649/770/649
f 712/775/712 1199/777/1199 649/770/649 171/768/171
f 98/446/98 524/778/524 1200/779/1200 559/447/559
f 524/778/524 167/780/167 714/781/714 1200/779/1200
f 1200/779/1200 714/781/714 169/774/169 525/772/525
f 559/447/559 1200/779/1200 525/772/525 99/440/99
f 167/780/167 645/782/645 1201/783/1201 714/781/714
f 645/782/645 166/58/166 715/61/715 1201/783/1201
f 1201/783/1201 715/61/715 168/66/168 647/776/647
f 714/781/714 1201/783/1201 647/776/647 169/774/169
f 96/452/96 522/784/522 1202/785/1202 560/453/560
f 522/784/522 163/786/163 716/787/716 1202/785/1202
f 1202/785/1202 716/787/716 165/788/165 523/789/523
f 560/453/560 1202/785/1202 523/789/523 97/454/97
f 163/786/163 641/790/641 1203/791/1203 716/787/716
f 641/790/641 162/51/162 717/53/717 1203/791/1203
f 1203/791/1203 717/53/717 164/57/164 643/792/643
f 716/787/716 1203/791/1203 643/792/643 165/788/165
f 95/461/95 521/793/521 1204/794/1204 561/462/561
f 521/793/521 161/795/161 718/796/718 1204/794/1204
f 1204/794/1204 718/796/718 163/786/163 522/784/522
f 561/462/561 1204/794/1204 522/784/522 96/452/96
f 161/795/161 639/797/639 1205/798/1205 718/796/718
f 639/797/639 160/45/160 719/47/719 1205/798/1205
f 1205/798/1205 719/47/719 162/51/162 641/790/641
f 718/796/718 1205/798/1205 641/790/641 163/786/163
f 94/467/94 520/799/520 1206/800/1206 562/468/562
f 520/799/520 159/801/159 720/802/720 1206/800/1206
f 1206/800/1206 720/802/720 161/795/161 521/793/521
f 562/468/562 1206/800/1206 521/793/521 95/461/95
f 159/801/159 637/803/637 1207/804/1207 720/802/720
f 637/803/637 158/39/158 721/41/721 1207/804/1207
f 1207/804/1207 721/41/721 160/45/160 639/797/639
f 720/802/720 1207/804/1207 639/797/639 161/795/161
f 93/473/93 519/805/519 1208/806/1208 563/474/563
f 519/805/519 157/807/157 722/808/722 1208/806/1208
f 1208/806/1208 722/808/722 159/801/159 520/799/520
f 563/474/563 1208/806/1208 520/799/520 94/467/94
f 157/807/157 635/809/635 1209/810/1209 722/808/722
f 635/809/635 156/33/156 723/35/723 1209/810/1209
f 1209/810/1209 723/35/723 158/39/158 637/803/637
f 722/808/722 1209/810/1209 637/803/637 159/801/159
f 92/479/92 518/811/518 1210/812/1210 564/480/564
f 518/811/518 155/813/155 724/814/724 1210/812/1210
f 1210/812/1210 724/814/724 157/807/157 519/805/519
f 564/480/564 1210/812/1210 519/805/519 93/473/93
f 155/813/155 633/815/633 1211/816/1211 724/814/724
f 633/815/633 154/27/154 725/29/725 1211/816/1211
f 1211/816/1211 725/29/725 156/33/156 635/809/635
f 724/814/724 1211/816/1211 635/809/635 157/807/157
f 91/485/91 517/817/517 1212/818/1212 565/486/565
f 517/817/517 153/819/153 726/820/726 1212/818/1212
f 1212/818/1212 726/820/726 155/813/155 518/811/518
f 565/486/565 1212/818/1212 518/811/518 92/479/92
f 153/819/153 631/821/631 1213/822/1213 726/820/726
f 631/821/631 152/21/152 727/23/727 1213/822/1213
f 1213/822/1213 727/23/727 154/27/154 633/815/633
f 726/820/726 1213/822/1213 633/815/633 155/813/155
f 90/491/90 516/823/516 1214/824/1214 566/492/566
f 516/823/516 151/825/151 728/826/728 1214/824/1214
f 1214/824/1214 728/826/728 153/819/153 517/817/517
f 566/492/566 1214/824/1214 517/817/517 91/485/91
f 151/825/151 629/827/629 1215/828/1215 728/826/728
f 629/827/629 150/15/150 729/17/729 1215/828/1215
f 1215/828/1215 729/17/729 152/21/152 631/821/631
f 728/826/728 1215/828/1215 631/821/631 153/819/153
f 89/497/89 515/829/515 1216/830/1216 567/498/567
f 515/829/515 149/831/149 730/832/730 1216/830/1216
f 1216/830/1216 730/832/730 151/825/151 516/823/516
f 567/498/567 1216/830/1216 516/823/516 90/491/90
f 149/831/149 627/833/627 1217/834/1217 730/832/730
f 627/833/627 148/9/148 731/11/731 1217/834/1217
f 1217/834/1217 731/11/731 150/15/150 629/827/629
f 730/832/730 1217/834/1217 629/827/629 151/825/151
f 88/503/88 624/835/624 1218/836/1218 568/504/568
f 624/835/624 146/837/146 732/838/732 1218/836/1218
f 1218/836/1218 732/838/732 149/831/149 515/829/515
f 568/504/568 1218/836/1218 515/829/515 89/497/89
f 146/837/146 625/839/625 1219/840/1219 732/838/732
f 625/839/625 147/1/147 733/4/733 1219/840/1219
f 1219/840/1219 733/4/733 148/9/148 627/833/627
f 732/838/732 1219/840/1219 627/833/627 149/831/149
f 59/335/59 790/841/790 1220/842/1220 513/336/513
f 790/841/790 260/843/260 792/844/792 1220/842/1220
f 1220/842/1220 792/844/792 205/845/205 460/846/460
f 513/336/513 1220/842/1220 460/846/460 60/329/60
f 260/843/260 791/847/791 1221/848/1221 792/844/792
f 791/847/791 261/499/261 793/502/793 1221/848/1221
f 1221/848/1221 793/502/793 204/493/204 735/849/735
f 792/844/792 1221/848/1221 735/849/735 205/845/205
f 60/329/60 460/846/460 1222/850/1222 512/330/512
f 460/846/460 205/845/205 794/851/794 1222/850/1222
f 1222/850/1222 794/851/794 207/852/207 461/853/461
f 512/330/512 1222/850/1222 461/853/461 61/323/61
f 205/845/205 735/849/735 1223/854/1223 794/851/794
f 735/849/735 204/493/204 795/496/795 1223/854/1223
f 1223/854/1223 795/496/795 206/487/206 737/855/737
f 794/851/794 1223/854/1223 737/855/737 207/852/207
f 61/323/61 461/853/461 1224/856/1224 511/324/511
f 461/853/461 207/852/207 796/857/796 1224/856/1224
f 1224/856/1224 796/857/796 209/858/209 462/859/462
f 511/324/511 1224/856/1224 462/859/462 62/317/62
f 207/852/207 737/855/737 1225/860/1225 796/857/796
f 737/855/737 206/487/206 797/490/797 1225/860/1225
f 1225/860/1225 797/490/797 208/481/208 739/861/739
f 796/857/796 1225/860/1225 739/861/739 209/858/209
f 62/317/62 462/859/462 1226/862/1226 510/318/510
f 462/859/462 209/858/209 798/863/798 1226/862/1226
f 1226/862/1226 798/863/798 211/864/211 463/865/463
f 510/318/510 1226/862/1226 463/865/463 63/311/63
f 209/858/209 739/861/739 1227/866/1227 798/863/798
f 739/861/739 208/481/208 799/484/799 1227/866/1227
f 1227/866/1227 799/484/799 210/475/210 741/867/741
f 798/863/798 1227/866/1227 741/867/741 211/864/211
f 63/311/63 463/865/463 1228/868/1228 509/312/509
f 463/865/463 211/864/211 800/869/800 1228/868/1228
f 1228/868/1228 800/869/800 213/870/213 464/871/464
f 509/312/509 1228/868/1228 464/871/464 64/305/64
f 211/864/211 741/867/741 1229/872/1229 800/869/800
f 741/867/741 210/475/210 801/478/801 1229/872/1229
f 1229/872/1229 801/478/801 212/469/212 743/873/743
f 800/869/800 1229/872/1229 743/873/743 213/870/213
f 64/305/64 464/871/464 1230/874/1230 508/306/508
f 464/871/464 213/870/213 802/875/802 1230/874/1230
f 1230/874/1230 802/875/802 215/876/215 465/877/465
f 508/306/508 1230/874/1230 465/877/465 65/299/65
f 213/870/213 743/873/743 1231/878/1231 802/875/802
f 743/873/743 212/469/212 803/472/803 1231/878/1231
f 1231/878/1231 803/472/803 214/463/214 745/879/745
f 802/875/802 1231/878/1231 745/879/745 215/876/215
f 65/299/65 465/877/465 1232/880/1232 507/300/507
f 465/877/465 215/876/215 804/881/804 1232/880/1232
f 1232/880/1232 804/881/804 217/882/217 466/883/466
f 507/300/507 1232/880/1232 466/883/466 66/293/66
f 215/876/215 745/879/745 1233/884/1233 804/881/804
f 745/879/745 214/463/214 805/466/805 1233/884/1233
f 1233/884/1233 805/466/805 216/457/216 747/885/747
f 804/881/804 1233/884/1233 747/885/747 217/882/217
f 66/293/66 466/883/466 1234/886/1234 506/294/506
f 466/883/466 217/882/217 806/887/806 1234/886/1234
f 1234/886/1234 806/887/806 219/888/219 467/889/467
f 506/294/506 1234/886/1234 467/889/467 67/284/67
f 217/882/217 747/885/747 1235/890/1235 806/887/806
f 747/885/747 216/457/216 807/460/807 1235/890/1235
f 1235/890/1235 807/460/807 218/448/218 749/891/749
f 806/887/806 1235/890/1235 749/891/749 219/888/219
f 67/284/67 467/889/467 1236/892/1236 505/285/505
f 467/889/467 219/888/219 808/893/808 1236/892/1236
f 1236/892/1236 808/893/808 221/894/221 468/895/468
f 505/285/505 1236/892/1236 468/895/468 68/286/68
f 219/888/219 749/891/749 1237/896/1237 808/893/808
f 749/891/749 218/448/218 809/451/809 1237/896/1237
f 1237/896/1237 809/451/809 220/456/220 751/897/751
f 808/893/808 1237/896/1237 751/897/751 221/894/221
f 69/278/69 469/898/469 1238/899/1238 504/279/504
f 469/898/469 223/900/223 810/901/810 1238/899/1238
f 1238/899/1238 810/901/810 225/902/225 470/903/470
f 504/279/504 1238/899/1238 470/903/470 70/272/70
f 223/900/223 753/904/753 1239/905/1239 810/901/810
f 753/904/753 222/442/222 811/445/811 1239/905/1239
f 1239/905/1239 811/445/811 224/436/224 755/906/755
f 810/901/810 1239/905/1239 755/906/755 225/902/225
f 70/272/70 470/903/470 1240/907/1240 503/273/503
f 470/903/470 225/902/225 812/908/812 1240/907/1240
f 1240/907/1240 812/908/812 227/909/227 471/910/471
f 503/273/503 1240/907/1240 471/910/471 71/266/71
f 225/902/225 755/906/755 1241/911/1241 812/908/812
f 755/906/755 224/436/224 813/439/813 1241/911/1241
f 1241/911/1241 813/439/813 226/430/226 757/912/757
f 812/908/812 1241/911/1241 757/912/757 227/909/227
f 71/266/71 471/910/471 1242/913/1242 502/267/502
f 471/910/471 227/909/227 814/914/814 1242/913/1242
f 1242/913/1242 814/914/814 229/915/229 472/916/472
f 502/267/502 1242/913/1242 472/916/472 72/260/72
f 227/909/227 757/912/757 1243/917/1243 814/914/814
f 757/912/757 226/430/226 815/433/815 1243/917/1243
f 1243/917/1243 815/433/815 228/424/228 759/918/759
f 814/914/814 1243/917/1243 759/918/759 229/915/229
f 72/260/72 472/916/472 1244/919/1244 501/261/501
f 472/916/472 229/915/229 816/920/816 1244/919/1244
f 1244/919/1244 816/920/816 231/921/231 473/922/473
f 501/261/501 1244/919/1244 473/922/473 73/251/73
f 229/915/229 759/918/759 1245/923/1245 816/920/816
f 759/918/759 228/424/228 817/427/817 1245/923/1245
f 1245/923/1245 817/427/817 230/415/230 761/924/761
f 816/920/816 1245/923/1245 761/924/761 231/921/231
f 73/251/73 473/922/473 1246/925/1246 500/252/500
f 473/922/473 231/921/231 818/926/818 1246/925/1246
f 1246/925/1246 818/926/818 233/927/233 474/928/474
f 500/252/500 1246/925/1246 474/928/474 74/253/74
f 231/921/231 761/924/761 1247/929/1247 818/926/818
f 761/924/761 230/415/230 819/418/819 1247/929/1247
f 1247/929/1247 819/418/819 232/423/232 763/930/763
f 818/926/818 1247/929/1247 763/930/763 233/927/233
f 75/245/75 475/931/475 1248/932/1248 499/246/499
f 475/931/475 235/933/235 820/934/820 1248/932/1248
f 1248/932/1248 820/934/820 237/935/237 476/936/476
f 499/246/499 1248/932/1248 476/936/476 76/239/76
f 235/933/235 765/937/765 1249/938/1249 820/934/820
f 765/937/765 234/409/234 821/412/821 1249/938/1249
f 1249/938/1249 821/412/821 236/403/236 767/939/767
f 820/934/820 1249/938/1249 767/939/767 237/935/237
f 76/239/76 476/936/476 1250/940/1250 498/240/498
f 476/936/476 237/935/237 822/941/822 1250/940/1250
f 1250/940/1250 822/941/822 239/942/239 477/943/477
f 498/240/498 1250/940/1250 477/943/477 77/233/77
f 237/935/237 767/939/767 1251/944/1251 822/941/822
f 767/939/767 236/403/236 823/406/823 1251/944/1251
f 1251/944/1251 823/406/823 238/397/238 769/945/769
f 822/941/822 1251/944/1251 769/945/769 239/942/239
f 77/233/77 477/943/477 1252/946/1252 497/234/497
f 477/943/477 239/942/239 824/947/824 1252/946/1252
f 1252/946/1252 824/947/824 241/948/241 478/949/478
f 497/234/497 1252/946/1252 478/949/478 78/227/78
f 239/942/239 769/945/769 1253/950/1253 824/947/824
f 769/945/769 238/397/238 825/400/825 1253/950/1253
f 1253/950/1253 825/400/825 240/391/240 771/951/771
f 824/947/824 1253/950/1253 771/951/771 241/948/241
f 78/227/78 478/949/478 1254/952/1254 496/228/496
f 478/949/478 241/948/241 826/953/826 1254/952/1254
f 1254/952/1254 826/953/826 243/954/243 479/955/479
f 496/228/496 1254/952/1254 479/955/479 79/221/79
f 241/948/241 771/951/771 1255/956/1255 826/953/826
f 771/951/771 240/391/240 827/394/827 1255/956/1255
f 1255/956/1255 827/394/827 242/385/242 773/957/773
f 826/953/826 1255/956/1255 773/957/773 243/954/243
f 79/221/79 479/955/479 1256/958/1256 495/222/495
f 479/955/479 243/954/243 828/959/828 1256/958/1256
f 1256/958/1256 828/959/828 245/960/245 480/961/480
f 495/222/495 1256/958/1256 480/961/480 80/215/80
f 243/954/243 773/957/773 1257/962/1257 828/959/828
f 773/957/773 242/385/242 829/388/829 1257/962/1257
f 1257/962/1257 829/388/829 244/379/244 775/963/775
f 828/959/828 1257/962/1257 775/963/775 245/960/245
f 80/215/80 480/961/480 1258/964/1258 494/216/494
f 480/961/480 245/960/245 830/965/830 1258/964/1258
f 1258/964/1258 830/965/830 247/966/247 481/967/481
f 494/216/494 1258/964/1258 481/967/481 81/206/81
f 245/960/245 775/963/775 1259/968/1259 830/965/830
f 775/963/775 244/379/244 831/382/831 1259/968/1259
f 1259/968/1259 831/382/831 246/370/246 777/969/777
f 830/965/830 1259/968/1259 777/969/777 247/966/247
f 81/206/81 481/967/481 1260/970/1260 493/207/493
f 481/967/481 247/966/247 832/971/832 1260/970/1260
f 1260/970/1260 832/971/832 249/972/249 482/973/482
f 493/207/493 1260/970/1260 482/973/482 82/208/82
f 247/966/247 777/969/777 1261/974/1261 832/971/832
f 777/969/777 246/370/246 833/373/833 1261/974/1261
f 1261/974/1261 833/373/833 248/378/248 779/975/779
f 832/971/832 1261/974/1261 779/975/779 249/972/249
f 83/200/83 483/976/483 1262/977/1262 492/201/492
f 483/976/483 251/978/251 834/979/834 1262/977/1262
f 1262/977/1262 834/979/834 253/980/253 484/981/484
f 492/201/492 1262/977/1262 484/981/484 84/194/84
f 251/978/251 781/982/781 1263/983/1263 834/979/834
f 781/982/781 250/364/250 835/367/835 1263/983/1263
f 1263/983/1263 835/367/835 252/358/252 783/984/783
f 834/979/834 1263/983/1263 783/984/783 253/980/253
f 84/194/84 484/981/484 1264/985/1264 491/195/491
f 484/981/484 253/980/253 836/986/836 1264/985/1264
f 1264/985/1264 836/986/836 255/987/255 485/988/485
f 491/195/491 1264/985/1264 485/988/485 85/188/85
f 253/980/253 783/984/783 1265/989/1265 836/986/836
f 783/984/783 252/358/252 837/361/837 1265/989/1265
f 1265/989/1265 837/361/837 254/352/254 785/990/785
f 836/986/836 1265/989/1265 785/990/785 255/987/255
f 85/188/85 485/988/485 1266/991/1266 490/189/490
f 485/988/485 255/987/255 838/992/838 1266/991/1266
f 1266/991/1266 838/992/838 257/993/257 486/994/486
f 490/189/490 1266/991/1266 486/994/486 86/182/86
f 255/987/255 785/990/785 1267/995/1267 838/992/838
f 785/990/785 254/352/254 839/355/839 1267/995/1267
f 1267/995/1267 839/355/839 256/346/256 787/996/787
f 838/992/838 1267/995/1267 787/996/787 257/993/257
f 86/182/86 486/994/486 1268/997/1268 489/183/489
f 486/994/486 257/993/257 840/998/840 1268/997/1268
f 1268/997/1268 840/998/840 259/999/259 487/1000/487
f 489/183/489 1268/997/1268 487/1000/487 87/173/87
f 257/993/257 787/996/787 1269/1001/1269 840/998/840
f 787/996/787 256/346/256 841/349/841 1269/1001/1269
f 1269/1001/1269 841/349/841 258/337/258 789/1002/789
f 840/998/840 1269/1001/1269 789/1002/789 259/999/259
f 87/173/87 487/1000/487 1270/1003/1270 488/174/488
f 487/1000/487 259/999/259 842/1004/842 1270/1003/1270
f 1270/1003/1270 842/1004/842 260/1005/260 790/1006/790
f 488/174/488 1270/1003/1270 790/1006/790 59/175/59
f 259/999/259 789/1002/789 1271/1007/1271 842/1004/842
f 789/1002/789 258/337/258 843/340/843 1271/1007/1271
f 1271/1007/1271 843/340/843 261/345/261 791/1008/791
f 842/1004/842 1271/1007/1271 791/1008/791 260/1005/260
f 145/509/145 844/1009/844 1272/1010/1272 598/510/598
f 844/1009/844 262/1011/262 902/1012/902 1272/1010/1272
f 1272/1010/1272 902/1012/902 265/1013/265 569/1014/569
f 598/510/598 1272/1010/1272 569/1014/569 117/511/117
f 262/1011/262 845/1015/845 1273/1016/1273 902/1012/902
f 845/1015/845 263/331/263 903/334/903 1273/1016/1273
f 1273/1016/1273 903/334/903 264/325/264 847/1017/847
f 902/1012/902 1273/1016/1273 847/1017/847 265/1013/265
f 117/511/117 569/1014/569 1274/1018/1274 599/516/599
f 569/1014/569 265/1013/265 904/1019/904 1274/1018/1274
f 1274/1018/1274 904/1019/904 267/1020/267 570/1021/570
f 599/516/599 1274/1018/1274 570/1021/570 118/517/118
f 265/1013/265 847/1017/847 1275/1022/1275 904/1019/904
f 847/1017/847 264/325/264 905/328/905 1275/1022/1275
f 1275/1022/1275 905/328/905 266/319/266 849/1023/849
f 904/1019/904 1275/1022/1275 849/1023/849 267/1020/267
f 118/517/118 570/1021/570 1276/1024/1276 600/522/600
f 570/1021/570 267/1020/267 906/1025/906 1276/1024/1276
f 1276/1024/1276 906/1025/906 269/1026/269 571/1027/571
f 600/522/600 1276/1024/1276 571/1027/571 119/523/119
f 267/1020/267 849/1023/849 1277/1028/1277 906/1025/906
f 849/1023/849 266/319/266 907/322/907 1277/1028/1277
f 1277/1028/1277 907/322/907 268/313/268 851/1029/851
f 906/1025/906 1277/1028/1277 851/1029/851 269/1026/269
f 119/523/119 571/1027/571 1278/1030/1278 601/528/601
f 571/1027/571 269/1026/269 908/1031/908 1278/1030/1278
f 1278/1030/1278 908/1031/908 271/1032/271 572/1033/572
f 601/528/601 1278/1030/1278 572/1033/572 120/529/120
f 269/1026/269 851/1029/851 1279/1034/1279 908/1031/908
f 851/1029/851 268/313/268 909/316/909 1279/1034/1279
f 1279/1034/1279 909/316/909 270/307/270 853/1035/853
f 908/1031/908 1279/1034/1279 853/1035/853 271/1032/271
f 120/529/120 572/1033/572 1280/1036/1280 602/534/602
f 572/1033/572 271/1032/271 910/1037/910 1280/1036/1280
f 1280/1036/1280 910/1037/910 273/1038/273 573/1039/573
f 602/534/602 1280/1036/1280 573/1039/573 121/535/121
f 271/1032/271 853/1035/853 1281/1040/1281 910/1037/910
f 853/1035/853 270/307/270 911/310/911 1281/1040/1281
f 1281/1040/1281 911/310/911 272/301/272 855/1041/855
f 910/1037/910 1281/1040/1281 855/1041/855 273/1038/273
f 121/535/121 573/1039/573 1282/1042/1282 603/540/603
f 573/1039/573 273/1038/273 912/1043/912 1282/1042/1282
f 1282/1042/1282 912/1043/912 275/1044/275 574/1045/574
f 603/540/603 1282/1042/1282 574/1045/574 122/541/122
f 273/1038/273 855/1041/855 1283/1046/1283 912/1043/912
f 855/1041/855 272/301/272 913/304/913 1283/1046/1283
f 1283/1046/1283 913/304/913 274/295/274 857/1047/857
f 912/1043/912 1283/1046/1283 857/1047/857 275/1044/275
f 122/541/122 574/1045/574 1284/1048/1284 604/546/604
f 574/1045/574 275/1044/275 914/1049/914 1284/1048/1284
f 1284/1048/1284 914/1049/914 277/1050/277 575/1051/575
f 604/546/604 1284/1048/1284 575/1051/575 123/547/123
f 275/1044/275 857/1047/857 1285/1052/1285 914/1049/914
f 857/1047/857 274/295/274 915/298/915 1285/1052/1285
f 1285/1052/1285 915/298/915 276/289/276 859/1053/859
f 914/1049/914 1285/1052/1285 859/1053/859 277/1050/277
f 123/547/123 575/1051/575 1286/1054/1286 605/552/605
f 575/1051/575 277/1050/277 916/1055/916 1286/1054/1286
f 1286/1054/1286 916/1055/916 279/1056/279 576/1057/576
f 605/552/605 1286/1054/1286 576/1057/576 124/553/124
f 277/1050/277 859/1053/859 1287/1058/1287 916/1055/916
f 859/1053/859 276/289/276 917/292/917 1287/1058/1287
f 1287/1058/1287 917/292/917 278/280/278 861/1059/861
f 916/1055/916 1287/1058/1287 861/1059/861 279/1056/279
f 124/553/124 576/1057/576 1288/1060/1288 606/558/606
f 576/1057/576 279/1056/279 918/1061/918 1288/1060/1288
f 1288/1060/1288 918/1061/918 281/1062/281 577/1063/577
f 606/558/606 1288/1060/1288 577/1063/577 125/559/125
f 279/1056/279 861/1059/861 1289/1064/1289 918/1061/918
f 861/1059/861 278/280/278 919/283/919 1289/1064/1289
f 1289/1064/1289 919/283/919 280/288/280 863/1065/863
f 918/1061/918 1289/1064/1289 863/1065/863 281/1062/281
f 126/566/126 578/1066/578 1290/1067/1290 607/567/607
f 578/1066/578 283/1068/283 920/1069/920 1290/1067/1290
f 1290/1067/1290 920/1069/920 285/1070/285 579/1071/579
f 607/567/607 1290/1067/1290 579/1071/579 127/568/127
f 283/1068/283 865/1072/865 1291/1073/1291 920/1069/920
f 865/1072/865 282/274/282 921/277/921 1291/1073/1291
f 1291/1073/1291 921/277/921 284/268/284 867/1074/867
f 920/1069/920 1291/1073/1291 867/1074/867 285/1070/285
f 127/568/127 579/1071/579 1292/1075/1292 608/573/608
f 579/1071/579 285/1070/285 922/1076/922 1292/1075/1292
f 1292/1075/1292 922/1076/922 287/1077/287 580/1078/580
f 608/573/608 1292/1075/1292 580/1078/580 128/574/128
f 285/1070/285 867/1074/867 1293/1079/1293 922/1076/922
f 867/1074/867 284/268/284 923/271/923 1293/1079/1293
f 1293/1079/1293 923/271/923 286/262/286 869/1080/869
f 922/1076/922 1293/1079/1293 869/1080/869 287/1077/287
f 128/574/128 580/1078/580 1294/1081/1294 609/579/609
f 580/1078/580 287/1077/287 924/1082/924 1294/1081/1294
f 1294/1081/1294 924/1082/924 289/1083/289 581/1084/581
f 609/579/609 1294/1081/1294 581/1084/581 129/580/129
f 287/1077/287 869/1080/869 1295/1085/1295 924/1082/924
f 869/1080/869 286/262/286 925/265/925 1295/1085/1295
f 1295/1085/1295 925/265/925 288/256/288 871/1086/871
f 924/1082/924 1295/1085/1295 871/1086/871 289/1083/289
f 129/580/129 581/1084/581 1296/1087/1296 610/585/610
f 581/1084/581 289/1083/289 926/1088/926 1296/1087/1296
f 1296/1087/1296 926/1088/926 291/1089/291 582/1090/582
f 610/585/610 1296/1087/1296 582/1090/582 130/586/130
f 289/1083/289 871/1086/871 1297/1091/1297 926/1088/926
f 871/1086/871 288/256/288 927/259/927 1297/1091/1297
f 1297/1091/1297 927/259/927 290/247/290 873/1092/873
f 926/1088/926 1297/1091/1297 873/1092/873 291/1089/291
f 130/586/130 582/1090/582 1298/1093/1298 611/591/611
f 582/1090/582 291/1089/291 928/1094/928 1298/1093/1298
f 1298/1093/1298 928/1094/928 293/1095/293 583/1096/583
f 611/591/611 1298/1093/1298 583/1096/583 131/592/131
f 291/1089/291 873/1092/873 1299/1097/1299 928/1094/928
f 873/1092/873 290/247/290 929/250/929 1299/1097/1299
f 1299/1097/1299 929/250/929 292/255/292 875/1098/875
f 928/1094/928 1299/1097/1299 875/1098/875 293/1095/293
f 132/599/132 584/1099/584 1300/1100/1300 612/600/612
f 584/1099/584 295/1101/295 930/1102/930 1300/1100/1300
f 1300/1100/1300 930/1102/930 297/1103/297 585/1104/585
f 612/600/612 1300/1100/1300 585/1104/585 133/601/133
f 295/1101/295 877/1105/877 1301/1106/1301 930/1102/930
f 877/1105/877 294/241/294 931/244/931 1301/1106/1301
f 1301/1106/1301 931/244/931 296/235/296 879/1107/879
f 930/1102/930 1301/1106/1301 879/1107/879 297/1103/297
f 133/601/133 585/1104/585 1302/1108/1302 613/606/613
f 585/1104/585 297/1103/297 932/1109/932 1302/1108/1302
f 1302/1108/1302 932/1109/932 299/1110/299 586/1111/586
f 613/606/613 1302/1108/1302 586/1111/586 134/607/134
f 297/1103/297 879/1107/879 1303/1112/1303 932/1109/932
f 879/1107/879 296/235/296 933/238/933 1303/1112/1303
f 1303/1112/1303 933/238/933 298/229/298 881/1113/881
f 932/1109/932 1303/1112/1303 881/1113/881 299/1110/299
f 134/607/134 586/1111/586 1304/1114/1304 614/612/614
f 586/1111/586 299/1110/299 934/1115/934 1304/1114/1304
f 1304/1114/1304 934/1115/934 301/1116/301 587/1117/587
f 614/612/614 1304/1114/1304 587/1117/587 135/613/135
f 299/1110/299 881/1113/881 1305/1118/1305 934/1115/934
f 881/1113/881 298/229/298 935/232/935 1305/1118/1305
f 1305/1118/1305 935/232/935 300/223/300 883/1119/883
f 934/1115/934 1305/1118/1305 883/1119/883 301/1116/301
f 135/613/135 587/1117/587 1306/1120/1306 615/618/615
f 587/1117/587 301/1116/301 936/1121/936 1306/1120/1306
f 1306/1120/1306 936/1121/936 303/1122/303 588/1123/588
f 615/618/615 1306/1120/1306 588/1123/588 136/619/136
f 301/1116/301 883/1119/883 1307/1124/1307 936/1121/936
f 883/1119/883 300/223/300 937/226/937 1307/1124/1307
f 1307/1124/1307 937/226/937 302/217/302 885/1125/885
f 936/1121/936 1307/1124/1307 885/1125/885 303/1122/303
f 136/619/136 588/1123/588 1308/1126/1308 616/624/616
f 588/1123/588 303/1122/303 938/1127/938 1308/1126/1308
f 1308/1126/1308 938/1127/938 305/1128/305 589/1129/589
f 616/624/616 1308/1126/1308 589/1129/589 137/625/137
f 303/1122/303 885/1125/885 1309/1130/1309 938/1127/938
f 885/1125/885 302/217/302 939/220/939 1309/1130/1309
f 1309/1130/1309 939/220/939 304/211/304 887/1131/887
f 938/1127/938 1309/1130/1309 887/1131/887 305/1128/305
f 137/625/137 589/1129/589 1310/1132/1310 617/630/617
f 589/1129/589 305/1128/305 940/1133/940 1310/1132/1310
f 1310/1132/1310 940/1133/940 307/1134/307 590/1135/590
f 617/630/617 1310/1132/1310 590/1135/590 138/631/138
f 305/1128/305 887/1131/887 1311/1136/1311 940/1133/940
f 887/1131/887 304/211/304 941/214/941 1311/1136/1311
f 1311/1136/1311 941/214/941 306/202/306 889/1137/889
f 940/1133/940 1311/1136/1311 889/1137/889 307/1134/307
f 138/631/138 590/1135/590 1312/1138/1312 618/636/618
f 590/1135/590 307/1134/307 942/1139/942 1312/1138/1312
f 1312/1138/1312 942/1139/942 309/1140/309 591/1141/591
f 618/636/618 1312/1138/1312 591/1141/591 139/637/139
f 307/1134/307 889/1137/889 1313/1142/1313 942/1139/942
f 889/1137/889 306/202/306 943/205/943 1313/1142/1313
f 1313/1142/1313 943/205/943 308/210/308 891/1143/891
f 942/1139/942 1313/1142/1313 891/1143/891 309/1140/309
f 140/644/140 592/1144/592 1314/1145/1314 619/645/619
f 592/1144/592 311/1146/311 944/1147/944 1314/1145/1314
f 1314/1145/1314 944/1147/944 313/1148/313 593/1149/593
f 619/645/619 1314/1145/1314 593/1149/593 141/646/141
f 311/1146/311 893/1150/893 1315/1151/1315 944/1147/944
f 893/1150/893 310/196/310 945/199/945 1315/1151/1315
f 1315/1151/1315 945/199/945 312/190/312 895/1152/895
f 944/1147/944 1315/1151/1315 895/1152/895 313/1148/313
f 141/646/141 593/1149/593 1316/1153/1316 620/651/620
f 593/1149/593 313/1148/313 946/1154/946 1316/1153/1316
f 1316/1153/1316 946/1154/946 315/1155/315 594/1156/594
f 620/651/620 1316/1153/1316 594/1156/594 142/652/142
f 313/1148/313 895/1152/895 1317/1157/1317 946/1154/946
f 895/1152/895 312/190/312 947/193/947 1317/1157/1317
f 1317/1157/1317 947/193/947 314/184/314 897/1158/897
f 946/1154/946 1317/1157/1317 897/1158/897 315/1155/315
f 142/652/142 594/1156/594 1318/1159/1318 621/657/621
f 594/1156/594 315/1155/315 948/1160/948 1318/1159/1318
f 1318/1159/1318 948/1160/948 317/1161/317 595/1162/595
f 621/657/621 1318/1159/1318 595/1162/595 143/658/143
f 315/1155/315 897/1158/897 1319/1163/1319 948/1160/948
f 897/1158/897 314/184/314 949/187/949 1319/1163/1319
f 1319/1163/1319 949/187/949 316/178/316 899/1164/899
f 948/1160/948 1319/1163/1319 899/1164/899 317/1161/317
f 143/658/143 595/1162/595 1320/1165/1320 622/663/622
f 595/1162/595 317/1161/317 950/1166/950 1320/1165/1320
f 1320/1165/1320 950/1166/950 319/1167/319 596/1168/596
f 622/663/622 1320/1165/1320 596/1168/596 144/664/144
f 317/1161/317 899/1164/899 1321/1169/1321 950/1166/950
f 899/1164/899 316/178/316 951/181/951 1321/1169/1321
f 1321/1169/1321 951/181/951 318/169/318 901/1170/901
f 950/1166/950 1321/1169/1321 901/1170/901 319/1167/319
f 144/664/144 596/1168/596 1322/1171/1322 623/669/623
f 596/1168/596 319/1167/319 952/1172/952 1322/1171/1322
f 1322/1171/1322 952/1172/952 262/1173/262 844/1174/844
f 623/669/623 1322/1171/1322 844/1174/844 145/670/145
f 319/1167/319 901/1170/901 1323/1175/1323 952/1172/952
f 901/1170/901 318/169/318 953/172/953 1323/1175/1323
f 1323/1175/1323 953/172/953 263/177/263 845/1176/845
f 952/1172/952 1323/1175/1323 845/1176/845 262/1173/262
f 57/1177/57 456/1178/456 1324/1179/1324 457/1180/457
f 456/1178/456 375/1181/375 1012/1182/1012 1324/1179/1324
f 1324/1179/1324 1012/1182/1012 376/1183/376 1010/1184/1010
f 457/1180/457 1324/1179/1324 1010/1184/1010 1/1185/1
f 375/1181/375 1009/1186/1009 1325/1187/1325 1012/1182/1012
f 1009/1186/1009 374/666/374 1013/668/1013 1325/1187/1325
f 1325/1187/1325 1013/668/1013 377/672/377 1011/1188/1011
f 1012/1182/1012 1325/1187/1325 1011/1188/1011 376/1183/376
f 55/1189/55 453/1190/453 1326/1191/1326 454/1192/454
f 453/1190/453 373/1193/373 1014/1194/1014 1326/1191/1326
f 1326/1191/1326 1014/1194/1014 375/1181/375 456/1178/456
f 454/1192/454 1326/1191/1326 456/1178/456 57/1177/57
f 373/1193/373 1007/1195/1007 1327/1196/1327 1014/1194/1014
f 1007/1195/1007 372/660/372 1015/662/1015 1327/1196/1327
f 1327/1196/1327 1015/662/1015 374/666/374 1009/1186/1009
f 1014/1194/1014 1327/1196/1327 1009/1186/1009 375/1181/375
f 53/1197/53 450/1198/450 1328/1199/1328 451/1200/451
f 450/1198/450 371/1201/371 1016/1202/1016 1328/1199/1328
f 1328/1199/1328 1016/1202/1016 373/1193/373 453/1190/453
f 451/1200/451 1328/1199/1328 453/1190/453 55/1189/55
f 371/1201/371 1005/1203/1005 1329/1204/1329 1016/1202/1016
f 1005/1203/1005 370/654/370 1017/656/1017 1329/1204/1329
f 1329/1204/1329 1017/656/1017 372/660/372 1007/1195/1007
f 1016/1202/1016 1329/1204/1329 1007/1195/1007 373/1193/373
f 51/1205/51 447/1206/447 1330/1207/1330 448/1208/448
f 447/1206/447 369/1209/369 1018/1210/1018 1330/1207/1330
f 1330/1207/1330 1018/1210/1018 371/1201/371 450/1198/450
f 448/1208/448 1330/1207/1330 450/1198/450 53/1197/53
f 369/1209/369 1003/1211/1003 1331/1212/1331 1018/1210/1018
f 1003/1211/1003 368/648/368 1019/650/1019 1331/1212/1331
f 1331/1212/1331 1019/650/1019 370/654/370 1005/1203/1005
f 1018/1210/1018 1331/1212/1331 1005/1203/1005 371/1201/371
f 49/1213/49 444/1214/444 1332/1215/1332 445/1216/445
f 444/1214/444 367/1217/367 1020/1218/1020 1332/1215/1332
f 1332/1215/1332 1020/1218/1020 369/1209/369 447/1206/447
f 445/1216/445 1332/1215/1332 447/1206/447 51/1205/51
f 367/1217/367 1001/1219/1001 1333/1220/1333 1020/1218/1020
f 1001/1219/1001 366/640/366 1021/643/1021 1333/1220/1333
f 1333/1220/1333 1021/643/1021 368/648/368 1003/1211/1003
f 1020/1218/1020 1333/1220/1333 1003/1211/1003 369/1209/369
f 45/1221/45 440/1222/440 1334/1223/1334 441/1224/441
f 440/1222/440 363/1225/363 1022/1226/1022 1334/1223/1334
f 1334/1223/1334 1022/1226/1022 365/1227/365 443/1228/443
f 441/1224/441 1334/1223/1334 443/1228/443 47/1229/47
f 363/1225/363 997/1230/997 1335/1231/1335 1022/1226/1022
f 997/1230/997 362/633/362 1023/635/1023 1335/1231/1335
f 1335/1231/1335 1023/635/1023 364/639/364 999/1232/999
f 1022/1226/1022 1335/1231/1335 999/1232/999 365/1227/365
f 43/1233/43 437/1234/437 1336/1235/1336 438/1236/438
f 437/1234/437 361/1237/361 1024/1238/1024 1336/1235/1336
f 1336/1235/1336 1024/1238/1024 363/1225/363 440/1222/440
f 438/1236/438 1336/1235/1336 440/1222/440 45/1221/45
f 361/1237/361 995/1239/995 1337/1240/1337 1024/1238/1024
f 995/1239/995 360/627/360 1025/629/1025 1337/1240/1337
f 1337/1240/1337 1025/629/1025 362/633/362 997/1230/997
f 1024/1238/1024 1337/1240/1337 997/1230/997 363/1225/363
f 41/1241/41 434/1242/434 1338/1243/1338 435/1244/435
f 434/1242/434 359/1245/359 1026/1246/1026 1338/1243/1338
f 1338/1243/1338 1026/1246/1026 361/1237/361 437/1234/437
f 435/1244/435 1338/1243/1338 437/1234/437 43/1233/43
f 359/1245/359 993/1247/993 1339/1248/1339 1026/1246/1026
f 993/1247/993 358/621/358 1027/623/1027 1339/1248/1339
f 1339/1248/1339 1027/623/1027 360/627/360 995/1239/995
f 1026/1246/1026 1339/1248/1339 995/1239/995 361/1237/361
f 39/1249/39 431/1250/431 1340/1251/1340 432/1252/432
f 431/1250/431 357/1253/357 1028/1254/1028 1340/1251/1340
f 1340/1251/1340 1028/1254/1028 359/1245/359 434/1242/434
f 432/1252/432 1340/1251/1340 434/1242/434 41/1241/41
f 357/1253/357 991/1255/991 1341/1256/1341 1028/1254/1028
f 991/1255/991 356/615/356 1029/617/1029 1341/1256/1341
f 1341/1256/1341 1029/617/1029 358/621/358 993/1247/993
f 1028/1254/1028 1341/1256/1341 993/1247/993 359/1245/359
f 37/1257/37 428/1258/428 1342/1259/1342 429/1260/429
f 428/1258/428 355/1261/355 1030/1262/1030 1342/1259/1342
f 1342/1259/1342 1030/1262/1030 357/1253/357 431/1250/431
f 429/1260/429 1342/1259/1342 431/1250/431 39/1249/39
f 355/1261/355 989/1263/989 1343/1264/1343 1030/1262/1030
f 989/1263/989 354/609/354 1031/611/1031 1343/1264/1343
f 1343/1264/1343 1031/611/1031 356/615/356 991/1255/991
f 1030/1262/1030 1343/1264/1343 991/1255/991 357/1253/357
f 35/1265/35 425/1266/425 1344/1267/1344 426/1268/426
f 425/1266/425 353/1269/353 1032/1270/1032 1344/1267/1344
f 1344/1267/1344 1032/1270/1032 355/1261/355 428/1258/428
f 426/1268/426 1344/1267/1344 428/1258/428 37/1257/37
f 353/1269/353 987/1271/987 1345/1272/1345 1032/1270/1032
f 987/1271/987 352/603/352 1033/605/1033 1345/1272/1345
f 1345/1272/1345 1033/605/1033 354/609/354 989/1263/989
f 1032/1270/1032 1345/1272/1345 989/1263/989 355/1261/355
f 33/1273/33 422/1274/422 1346/1275/1346 423/1276/423
f 422/1274/422 351/1277/351 1034/1278/1034 1346/1275/1346
f 1346/1275/1346 1034/1278/1034 353/1269/353 425/1266/425
f 423/1276/423 1346/1275/1346 425/1266/425 35/1265/35
f 351/1277/351 985/1279/985 1347/1280/1347 1034/1278/1034
f 985/1279/985 350/595/350 1035/598/1035 1347/1280/1347
f 1347/1280/1347 1035/598/1035 352/603/352 987/1271/987
f 1034/1278/1034 1347/1280/1347 987/1271/987 353/1269/353
f 29/1281/29 418/1282/418 1348/1283/1348 419/1284/419
f 418/1282/418 347/1285/347 1036/1286/1036 1348/1283/1348
f 1348/1283/1348 1036/1286/1036 349/1287/349 421/1288/421
f 419/1284/419 1348/1283/1348 421/1288/421 31/1289/31
f 347/1285/347 981/1290/981 1349/1291/1349 1036/1286/1036
f 981/1290/981 346/588/346 1037/590/1037 1349/1291/1349
f 1349/1291/1349 1037/590/1037 348/594/348 983/1292/983
f 1036/1286/1036 1349/1291/1349 983/1292/983 349/1287/349
f 27/1293/27 415/1294/415 1350/1295/1350 416/1296/416
f 415/1294/415 345/1297/345 1038/1298/1038 1350/1295/1350
f 1350/1295/1350 1038/1298/1038 347/1285/347 418/1282/418
f 416/1296/416 1350/1295/1350 418/1282/418 29/1281/29
f 345/1297/345 979/1299/979 1351/1300/1351 1038/1298/1038
f 979/1299/979 344/582/344 1039/584/1039 1351/1300/1351
f 1351/1300/1351 1039/584/1039 346/588/346 981/1290/981
f 1038/1298/1038 1351/1300/1351 981/1290/981 347/1285/347
f 25/1301/25 412/1302/412 1352/1303/1352 413/1304/413
f 412/1302/412 343/1305/343 1040/1306/1040 1352/1303/1352
f 1352/1303/1352 1040/1306/1040 345/1297/345 415/1294/415
f 413/1304/413 1352/1303/1352 415/1294/415 27/1293/27
f 343/1305/343 977/1307/977 1353/1308/1353 1040/1306/1040
f 977/1307/977 342/576/342 1041/578/1041 1353/1308/1353
f 1353/1308/1353 1041/578/1041 344/582/344 979/1299/979
f 1040/1306/1040 1353/1308/1353 979/1299/979 345/1297/345
f 23/1309/23 409/1310/409 1354/1311/1354 410/1312/410
f 409/1310/409 341/1313/341 1042/1314/1042 1354/1311/1354
f 1354/1311/1354 1042/1314/1042 343/1305/343 412/1302/412
f 410/1312/410 1354/1311/1354 412/1302/412 25/1301/25
f 341/1313/341 975/1315/975 1355/1316/1355 1042/1314/1042
f 975/1315/975 340/570/340 1043/572/1043 1355/1316/1355
f 1355/1316/1355 1043/572/1043 342/576/342 977/1307/977
f 1042/1314/1042 1355/1316/1355 977/1307/977 343/1305/343
f 21/1317/21 406/1318/406 1356/1319/1356 407/1320/407
f 406/1318/406 339/1321/339 1044/1322/1044 1356/1319/1356
f 1356/1319/1356 1044/1322/1044 341/1313/341 409/1310/409
f 407/1320/407 1356/1319/1356 409/1310/409 23/1309/23
f 339/1321/339 973/1323/973 1357/1324/1357 1044/1322/1044
f 973/1323/973 338/562/338 1045/565/1045 1357/1324/1357
f 1357/1324/1357 1045/565/1045 340/570/340 975/1315/975
f 1044/1322/1044 1357/1324/1357 975/1315/975 341/1313/341
f 17/1325/17 402/1326/402 1358/1327/1358 403/1328/403
f 402/1326/402 335/1329/335 1046/1330/1046 1358/1327/1358
f 1358/1327/1358 1046/1330/1046 337/1331/337 405/1332/405
f 403/1328/403 1358/1327/1358 405/1332/405 19/1333/19
f 335/1329/335 969/1334/969 1359/1335/1359 1046/1330/1046
f 969/1334/969 334/555/334 1047/557/1047 1359/1335/1359
f 1359/1335/1359 1047/557/1047 336/561/336 971/1336/971
f 1046/1330/1046 1359/1335/1359 971/1336/971 337/1331/337
f 15/1337/15 399/1338/399 1360/1339/1360 400/1340/400
f 399/1338/399 333/1341/333 1048/1342/1048 1360/1339/1360
f 1360/1339/1360 1048/1342/1048 335/1329/335 402/1326/402
f 400/1340/400 1360/1339/1360 402/1326/402 17/1325/17
f 333/1341/333 967/1343/967 1361/1344/1361 1048/1342/1048
f 967/1343/967 332/549/332 1049/551/1049 1361/1344/1361
f 1361/1344/1361 1049/551/1049 334/555/334 969/1334/969
f 1048/1342/1048 1361/1344/1361 969/1334/969 335/1329/335
f 13/1345/13 396/1346/396 1362/1347/1362 397/1348/397
f 396/1346/396 331/1349/331 1050/1350/1050 1362/1347/1362
f 1362/1347/1362 1050/1350/1050 333/1341/333 399/1338/399
f 397/1348/397 1362/1347/1362 399/1338/399 15/1337/15
f 331/1349/331 965/1351/965 1363/1352/1363 1050/1350/1050
f 965/1351/965 330/543/330 1051/545/1051 1363/1352/1363
f 1363/1352/1363 1051/545/1051 332/549/332 967/1343/967
f 1050/1350/1050 1363/1352/1363 967/1343/967 333/1341/333
f 11/1353/11 393/1354/393 1364/1355/1364 394/1356/394
f 393/1354/393 329/1357/329 1052/1358/1052 1364/1355/1364
f 1364/1355/1364 1052/1358/1052 331/1349/331 396/1346/396
f 394/1356/394 1364/1355/1364 396/1346/396 13/1345/13
f 329/1357/329 963/1359/963 1365/1360/1365 1052/1358/1052
f 963/1359/963 328/537/328 1053/539/1053 1365/1360/1365
f 1365/1360/1365 1053/539/1053 330/543/330 965/1351/965
f 1052/1358/1052 1365/1360/1365 965/1351/965 331/1349/331
f 9/1361/9 390/1362/390 1366/1363/1366 391/1364/391
f 390/1362/390 327/1365/327 1054/1366/1054 1366/1363/1366
f 1366/1363/1366 1054/1366/1054 329/1357/329 393/1354/393
f 391/1364/391 1366/1363/1366 393/1354/393 11/1353/11
f 327/1365/327 961/1367/961 1367/1368/1367 1054/1366/1054
f 961/1367/961 326/531/326 1055/533/1055 1367/1368/1367
f 1367/1368/1367 1055/533/1055 328/537/328 963/1359/963
f 1054/1366/1054 1367/1368/1367 963/1359/963 329/1357/329
f 7/1369/7 387/1370/387 1368/1371/1368 388/1372/388
f 387/1370/387 325/1373/325 1056/1374/1056 1368/1371/1368
f 1368/1371/1368 1056/1374/1056 327/1365/327 390/1362/390
f 388/1372/388 1368/1371/1368 390/1362/390 9/1361/9
f 325/1373/325 959/1375/959 1369/1376/1369 1056/1374/1056
f 959/1375/959 324/525/324 1057/527/1057 1369/1376/1369
f 1369/1376/1369 1057/527/1057 326/531/326 961/1367/961
f 1056/1374/1056 1369/1376/1369 961/1367/961 327/1365/327
f 5/1377/5 384/1378/384 1370/1379/1370 385/1380/385
f 384/1378/384 323/1381/323 1058/1382/1058 1370/1379/1370
f 1370/1379/1370 1058/1382/1058 325/1373/325 387/1370/387
f 385/1380/385 1370/1379/1370 387/1370/387 7/1369/7
f 323/1381/323 957/1383/957 1371/1384/1371 1058/1382/1058
f 957/1383/957 322/519/322 1059/521/1059 1371/1384/1371
f 1371/1384/1371 1059/521/1059 324/525/324 959/1375/959
f 1058/1382/1058 1371/1384/1371 959/1375/959 325/1373/325
f 3/1385/3 381/1386/381 1372/1387/1372 382/1388/382
f 381/1386/381 321/1389/321 1060/1390/1060 1372/1387/1372
f 1372/1387/1372 1060/1390/1060 323/1381/323 384/1378/384
f 382/1388/382 1372/1387/1372 384/1378/384 5/1377/5
f 321/1389/321 955/1391/955 1373/1392/1373 1060/1390/1060
f 955/1391/955 320/513/320 1061/515/1061 1373/1392/1373
f 1373/1392/1373 1061/515/1061 322/519/322 957/1383/957
f 1060/1390/1060 1373/1392/1373 957/1383/957 323/1381/323
f 1/1393/1 1010/1394/1010 1374/1395/1374 378/1396/378
f 1010/1394/1010 376/1397/376 1062/1398/1062 1374/1395/1374
f 1374/1395/1374 1062/1398/1062 321/1389/321 381/1386/381
f 378/1396/378 1374/1395/1374 381/1386/381 3/1385/3
f 376/1397/376 1011/1399/1011 1375/1400/1375 1062/1398/1062
f 1011/1399/1011 377/505/377 1063/508/1063 1375/1400/1375
f 1375/1400/1375 1063/508/1063 320/513/320 955/1391/955
f 1062/1398/1062 1375/1400/1375 955/1391/955 321/1389/321
