# Blender 4.5.1 LTS
# www.blender.org
mtllib sm_character_base1.mtl
o character
v 0.025900 1.655519 -0.072241
v 0.000000 1.586555 -0.136333
v -0.000007 1.674389 -0.108007
v 0.000081 1.598888 -0.003150
v 0.000181 1.592639 0.000929
v 0.017500 1.599678 -0.001336
v 0.014595 1.601015 -0.005971
v 0.042194 1.584569 -0.027217
v 0.036952 1.619614 -0.017461
v 0.050924 1.635556 -0.022721
v 0.059558 1.654791 -0.029909
v 0.054079 1.647643 -0.026044
v 0.055249 1.657828 -0.030182
v 0.052350 1.601236 -0.048948
v 0.052344 1.673802 -0.063513
v 0.041650 1.674937 -0.085329
v 0.039390 1.670984 -0.093532
v 0.048930 1.623196 -0.074132
v 0.022118 1.673803 -0.102820
v 0.013528 1.674802 -0.107777
v 0.027358 1.633399 -0.100551
v 0.000000 1.626528 -0.105163
v 0.023361 1.602272 -0.118862
v 0.045022 1.602050 -0.104317
v 0.061114 1.594559 -0.088720
v 0.078111 1.567881 -0.041903
v 0.023586 1.561982 -0.006392
v 0.000000 1.565073 -0.006737
v 0.000000 1.674895 -0.104735
v 0.014083 1.675366 -0.102500
v 0.000000 1.596883 -0.005380
v 0.015348 1.600959 -0.007031
v 0.036783 1.636861 -0.038717
v 0.050470 1.633389 -0.024955
v 0.038065 1.676146 -0.086364
v 0.054079 1.647643 -0.026233
v 0.056909 1.658816 -0.032880
v 0.051442 1.672394 -0.061001
v 0.000000 1.588411 0.042167
v 0.015226 1.594417 0.052997
v 0.015070 1.590539 0.038025
v 0.020245 1.599105 -0.000454
v 0.000000 1.596989 0.000420
v 0.026361 1.598348 0.043597
v 0.054352 1.626431 -0.022890
v 0.062323 1.646379 -0.029851
v 0.066838 1.643212 -0.014713
v 0.066557 1.653242 0.011502
v 0.059803 1.664031 -0.041410
v 0.048867 1.669786 -0.061389
v 0.073460 1.686321 -0.030679
v 0.057660 1.692067 -0.093608
v 0.075683 1.685297 0.013490
v 0.063454 1.678329 0.039064
v 0.077773 1.716322 -0.033353
v 0.066616 1.723825 -0.093951
v 0.070334 1.756877 -0.089986
v 0.029132 1.693997 -0.114464
v 0.036838 1.741097 -0.124759
v 0.060360 1.792164 -0.087706
v 0.068513 1.793648 -0.056221
v 0.076559 1.745285 -0.001010
v 0.063988 1.799527 -0.015979
v 0.067239 1.780441 0.013629
v 0.066869 1.748175 0.033196
v 0.049454 1.789769 0.031341
v 0.065881 1.706895 0.039846
v 0.062840 1.715772 0.044897
v 0.049411 1.684319 0.048164
v 0.051281 1.709335 0.039979
v 0.047613 1.700413 0.041982
v 0.038411 1.694105 0.046972
v 0.030609 1.692047 0.050595
v 0.023517 1.681421 0.060194
v 0.021338 1.699815 0.054975
v 0.008912 1.698595 0.066881
v 0.019869 1.705490 0.057232
v 0.011084 1.710233 0.067504
v 0.029134 1.709682 0.053875
v 0.048060 1.723206 0.060715
v 0.041858 1.711045 0.047857
v 0.030778 1.722149 0.067715
v 0.008455 1.668340 0.078143
v 0.030495 1.647691 0.058945
v 0.000000 1.593868 0.055569
v 0.050575 1.660224 -0.040714
v 0.000000 1.662636 -0.040252
v 0.000000 1.651985 -0.074303
v 0.000000 1.681265 -0.116185
v 0.000000 1.754986 -0.133008
v 0.000000 1.803383 -0.106579
v 0.000000 1.827458 -0.066667
v 0.000000 1.812588 0.021569
v 0.000000 1.785152 0.055806
v 0.018785 1.809541 0.024085
v 0.020046 1.826461 -0.032269
v 0.017365 1.785756 0.052612
v 0.037494 1.817889 -0.074725
v 0.022249 1.802925 -0.105537
v 0.029552 1.771305 -0.123355
v 0.016393 1.675597 -0.107521
v 0.046614 1.815522 -0.023672
v 0.000000 1.718867 0.069752
v 0.051519 1.690729 0.033798
v 0.051229 1.724397 0.037621
v 0.028282 1.688836 0.049569
v 0.040036 1.723122 0.048330
v 0.025440 1.722333 0.054114
v 0.010762 1.722256 0.055961
v 0.011673 1.688246 0.051774
v 0.140121 1.573135 -0.083867
v 0.140015 1.574806 -0.108443
v 0.108037 1.545366 -0.148304
v 0.083515 1.585243 -0.113987
v 0.071924 1.544695 -0.161430
v 0.031203 1.582579 -0.140914
v 0.000000 1.127394 -0.105591
v 0.000000 1.167539 -0.097396
v 0.033384 1.149992 -0.108342
v 0.034838 1.103381 -0.111527
v 0.000000 1.063547 -0.127896
v 0.082010 1.172998 -0.099487
v 0.095802 1.096202 -0.090396
v 0.034633 1.215532 -0.128036
v 0.072596 1.254365 -0.137660
v 0.000000 1.260304 -0.131156
v 0.095087 1.246364 -0.125280
v 0.028049 1.300183 -0.153284
v 0.129946 1.237755 -0.090796
v 0.078155 1.334437 -0.178229
v 0.116000 1.193594 -0.081056
v 0.130446 1.203338 -0.064863
v 0.135265 1.289135 -0.137363
v 0.121361 1.089732 -0.066951
v 0.022535 1.053405 -0.131277
v 0.134590 1.041018 -0.079620
v 0.144528 1.074471 -0.019826
v 0.116716 1.008898 -0.121899
v 0.165778 0.959695 -0.037324
v 0.144134 0.975470 -0.089437
v 0.079405 1.014552 -0.143354
v 0.113002 0.943623 -0.121272
v 0.031326 0.990778 -0.147276
v 0.072630 0.964615 -0.144822
v 0.145222 0.908464 -0.075376
v 0.052526 0.933263 -0.137716
v 0.142019 0.787824 -0.078838
v 0.103694 0.893374 -0.100974
v 0.052761 0.896405 -0.103922
v 0.022873 0.875142 -0.066674
v 0.010507 0.849801 -0.026372
v -0.000351 0.890061 -0.012824
v 0.022203 0.919192 -0.090925
v 0.000000 0.982333 -0.141303
v 0.281910 0.933539 -0.047041
v 0.298293 0.926760 -0.042028
v 0.313132 0.925860 -0.026196
v 0.300639 0.893287 -0.045699
v 0.291723 0.840993 -0.033242
v 0.318530 0.937601 -0.006461
v 0.307101 0.826551 -0.025805
v 0.312772 0.832464 -0.009435
v 0.293987 0.805507 -0.022747
v 0.278993 0.796559 -0.022224
v 0.272790 0.769669 -0.015353
v 0.265760 0.755525 -0.011124
v 0.268367 0.756963 0.000527
v 0.263831 0.760733 0.005048
v 0.275827 0.767970 -0.001727
v 0.291348 0.790690 -0.011882
v 0.296564 0.804817 -0.005413
v 0.295923 0.830474 -0.002326
v 0.314319 0.838410 0.000102
v 0.295887 0.791909 0.009910
v 0.275820 0.774983 0.010741
v 0.315117 0.914638 -0.002406
v 0.315622 1.002937 -0.015919
v 0.309456 0.920887 0.019734
v 0.305602 0.949485 0.022461
v 0.289774 0.995028 0.013181
v 0.284989 0.944368 0.045897
v 0.270083 0.970966 0.021882
v 0.259368 0.954712 0.017800
v 0.246525 0.941911 0.036612
v 0.234885 0.915375 0.078538
v 0.263628 0.912681 0.075504
v 0.229111 0.891024 0.093614
v 0.233096 0.902501 0.062498
v 0.247537 0.891721 0.090829
v 0.219455 0.876080 0.100938
v 0.217186 0.870995 0.095130
v 0.228055 0.874774 0.105683
v 0.240151 0.872988 0.105749
v 0.267590 0.902893 0.073894
v 0.289486 0.906969 0.068044
v 0.289046 0.861496 0.075749
v 0.297475 0.853348 0.072333
v 0.280581 0.825005 0.079116
v 0.263980 0.815211 0.082253
v 0.258170 0.775549 0.087751
v 0.244027 0.762782 0.090184
v 0.250591 0.761492 0.089161
v 0.247097 0.754435 0.078855
v 0.255388 0.756670 0.077378
v 0.248199 0.760999 0.069538
v 0.262539 0.768458 0.074995
v 0.274419 0.789574 0.075249
v 0.288504 0.844430 0.051926
v 0.285143 0.813144 0.065928
v 0.300631 0.849693 0.062109
v 0.299447 0.849054 0.054159
v 0.305369 0.850953 0.048128
v 0.309413 0.838299 0.047230
v 0.312175 0.838831 0.033047
v 0.308406 0.835537 0.026019
v 0.280056 0.802534 0.059262
v 0.295942 0.800319 0.055997
v 0.273699 0.759846 0.063728
v 0.282864 0.772031 0.058128
v 0.264570 0.746306 0.069350
v 0.274720 0.756475 0.049447
v 0.296140 0.796624 0.040272
v 0.295399 0.829182 0.027260
v 0.269424 0.740421 0.056632
v 0.262344 0.737745 0.055858
v 0.254521 0.978656 -0.021798
v 0.250211 1.004046 -0.009194
v 0.294795 1.076392 -0.017973
v 0.316129 1.012792 -0.060945
v 0.301588 0.984872 -0.068499
v 0.312480 1.088280 -0.045400
v 0.236476 1.112964 -0.032946
v 0.231424 1.072905 -0.035981
v 0.198506 1.144444 -0.069383
v 0.208226 1.177265 -0.070736
v 0.236071 1.163847 -0.057303
v 0.194482 1.203996 -0.101763
v 0.197855 1.229302 -0.143857
v 0.215480 1.198800 -0.068597
v 0.183901 1.264294 -0.126848
v 0.189669 1.258906 -0.076393
v 0.178823 1.304111 -0.094036
v 0.177275 1.317028 -0.124278
v 0.202709 1.283636 -0.049310
v 0.181980 1.334099 -0.059714
v 0.165868 1.347924 -0.103694
v 0.164443 1.408696 -0.110711
v 0.171668 1.414070 -0.056514
v 0.186050 1.424657 -0.027873
v 0.214875 1.416443 -0.026720
v 0.206473 1.353995 -0.036995
v 0.224561 1.456645 -0.002434
v 0.193083 1.451359 0.001193
v 0.233057 1.307383 -0.045779
v 0.198521 1.501590 0.004388
v 0.174160 1.491406 0.015157
v 0.240263 1.479293 -0.027384
v 0.227923 1.510575 -0.026830
v 0.161058 1.531085 -0.007824
v 0.130144 1.521983 -0.000600
v 0.207718 1.547222 -0.052652
v 0.174648 1.543999 -0.155184
v 0.145004 1.527458 -0.171615
v 0.127961 1.521913 -0.170923
v 0.210690 1.561495 -0.091628
v 0.187010 1.500986 -0.180530
v 0.196763 1.562293 -0.125926
v 0.171690 1.477060 -0.181727
v 0.188522 1.459225 -0.170794
v 0.179965 1.439166 -0.175068
v 0.167114 1.421100 -0.153068
v 0.220108 1.464296 -0.178146
v 0.231021 1.496146 -0.168779
v 0.173574 1.360098 -0.156764
v 0.214479 1.443911 -0.175725
v 0.189291 1.384247 -0.180448
v 0.188481 1.313329 -0.156490
v 0.210630 1.312954 -0.173037
v 0.233904 1.338057 -0.178185
v 0.246497 1.432363 -0.156122
v 0.261298 1.357491 -0.164132
v 0.266155 1.412883 -0.125234
v 0.256748 1.461457 -0.152191
v 0.235819 1.536015 -0.135216
v 0.261133 1.442422 -0.135471
v 0.252382 1.521835 -0.094553
v 0.262359 1.430555 -0.088727
v 0.253134 1.447289 -0.059754
v 0.258697 1.401924 -0.086331
v 0.232884 1.401981 -0.045304
v 0.259462 1.303855 -0.063295
v 0.249412 1.196190 -0.062174
v 0.279780 1.277651 -0.089514
v 0.268169 1.225317 -0.069378
v 0.282799 1.188987 -0.054517
v 0.299956 1.203176 -0.083953
v 0.264900 1.165747 -0.043391
v 0.299657 1.152360 -0.048889
v 0.313148 1.165716 -0.080362
v 0.313725 1.108245 -0.097208
v 0.301142 1.099456 -0.124059
v 0.278392 0.990251 -0.070276
v 0.254224 1.006828 -0.056797
v 0.262954 0.933441 -0.028111
v 0.232703 1.126816 -0.136461
v 0.214122 1.122068 -0.111358
v 0.270148 1.099376 -0.132729
v 0.196187 1.149201 -0.099176
v 0.204195 1.186143 -0.148347
v 0.228003 1.182626 -0.170067
v 0.220154 1.216542 -0.172797
v 0.296040 1.198477 -0.169659
v 0.249962 1.240859 -0.183435
v 0.305727 1.193671 -0.119561
v 0.292847 1.245417 -0.127583
v 0.277335 1.261166 -0.169138
v 0.222193 1.246859 -0.165632
v 0.282694 1.337539 -0.131930
v 0.119784 0.094435 -0.117125
v 0.128987 0.082173 -0.090219
v 0.122308 0.100719 -0.047014
v 0.081050 0.107018 -0.028856
v 0.062178 0.092625 -0.065630
v 0.059105 0.086126 -0.087467
v 0.082599 0.101615 -0.121866
v 0.056793 0.105734 -0.063450
v 0.068939 0.103799 -0.046812
v 0.052219 0.113061 -0.084432
v 0.068190 0.164854 -0.057482
v 0.099116 0.109048 -0.023582
v 0.082769 0.180195 -0.038530
v 0.098642 0.128190 -0.028571
v 0.120013 0.163766 -0.043754
v 0.070484 0.238119 -0.049358
v 0.065221 0.232739 -0.071973
v 0.083174 0.303306 -0.020714
v 0.059924 0.322171 -0.036390
v 0.045560 0.400369 -0.011256
v 0.034690 0.396838 -0.060059
v 0.046445 0.471205 -0.032601
v 0.082447 0.438680 0.030827
v 0.058781 0.474438 0.014923
v 0.045618 0.546607 0.000526
v 0.081355 0.559245 0.066432
v 0.054010 0.600493 0.047184
v 0.014027 0.781286 0.051274
v 0.051279 0.765299 0.094470
v 0.012099 0.841500 0.044617
v 0.050795 0.850258 0.102526
v 0.100421 0.821116 0.114862
v 0.101917 0.678444 0.099942
v 0.149382 0.795106 0.095071
v 0.181143 0.829081 0.053178
v 0.190219 0.813940 0.003106
v 0.176244 0.813564 -0.041922
v 0.099608 0.784928 -0.101149
v 0.025437 0.779926 -0.053938
v 0.058247 0.692147 -0.072368
v 0.020305 0.715971 0.014882
v 0.047176 0.560541 -0.030096
v 0.094861 0.658219 -0.078359
v 0.132305 0.688072 -0.067177
v 0.157537 0.689809 -0.035271
v 0.097547 0.565023 -0.062914
v 0.065471 0.564554 -0.057566
v 0.047622 0.443901 -0.089957
v 0.069271 0.501640 -0.085669
v 0.128548 0.513847 -0.082215
v 0.046769 0.379532 -0.102273
v 0.073465 0.404632 -0.126437
v 0.127409 0.482965 -0.107688
v 0.072470 0.227410 -0.103044
v 0.098445 0.263562 -0.126428
v 0.127113 0.425007 -0.131976
v 0.087104 0.184709 -0.116427
v 0.107434 0.364503 -0.138955
v 0.138417 0.356262 -0.137151
v 0.167560 0.442002 -0.101079
v 0.163750 0.349091 -0.115832
v 0.180678 0.426805 -0.060532
v 0.176714 0.346535 -0.079263
v 0.130750 0.273303 -0.123024
v 0.142126 0.236359 -0.101283
v 0.103279 0.179259 -0.119754
v 0.066922 0.108345 -0.113269
v 0.068493 0.097527 -0.108203
v 0.095352 0.103490 -0.128117
v 0.110650 0.100367 -0.122982
v 0.119955 0.183242 -0.115531
v 0.144650 0.218392 -0.076813
v 0.135630 0.151035 -0.083381
v 0.139818 0.109812 -0.080991
v 0.128201 0.088614 -0.065578
v 0.131386 0.157902 -0.062220
v 0.140552 0.211344 -0.057944
v 0.102127 0.198802 -0.030306
v 0.111509 0.302935 -0.013092
v 0.138672 0.306091 -0.023025
v 0.172294 0.392244 -0.029368
v 0.138027 0.472271 0.035994
v 0.158850 0.518282 -0.050593
v 0.159122 0.547034 -0.003685
v 0.132382 0.574939 -0.056783
v 0.153391 0.574005 -0.032103
v 0.169988 0.674671 0.004996
v 0.150031 0.550758 0.034372
v 0.130039 0.559945 0.065329
v 0.108215 0.534900 0.068602
v 0.108466 0.465329 0.046842
v 0.256795 0.931129 0.000846
v 0.258707 0.890759 -0.028749
v 0.242528 0.919857 0.024729
v 0.259516 0.897955 0.004316
v 0.241199 0.898910 0.030059
v 0.273185 0.854116 -0.004196
v 0.263544 0.874879 0.034511
v 0.250027 0.884206 0.070616
v 0.258092 0.882739 0.065324
v 0.228858 0.870954 0.083151
v 0.219427 0.855519 0.101082
v 0.234134 0.855817 0.100827
v 0.232082 0.853771 0.114041
v 0.246291 0.876690 0.090558
v 0.268896 0.858646 0.067161
v 0.271973 0.861008 0.051012
v 0.261503 0.829789 0.071403
v 0.252022 0.801118 0.076856
v 0.267006 0.817295 0.060457
v 0.241458 0.771598 0.080747
v 0.277137 0.851720 0.040914
v 0.271605 0.810319 0.048954
v 0.282424 0.846658 0.025502
v 0.280273 0.845769 0.015240
v 0.277179 0.806202 0.036306
v 0.265820 0.755194 0.044944
v 0.254519 0.757181 0.062869
v 0.258674 0.768730 0.048911
v 0.256218 0.746539 0.051291
v 0.152489 1.563831 -0.059320
v 0.134179 1.539087 -0.033766
v -0.000002 0.893819 0.043443
v 0.011758 0.888289 0.028970
v 0.035059 0.921537 0.094967
v -0.000014 0.916641 0.101822
v 0.034194 0.888149 0.085534
v 0.064378 0.913451 0.103346
v 0.158168 0.946302 0.082634
v 0.121800 0.954870 0.101225
v 0.178565 0.920868 0.049639
v 0.172986 0.978054 -0.002208
v 0.153073 1.063118 0.026119
v 0.122144 1.021444 0.080256
v 0.092383 0.991078 0.090295
v 0.058789 0.965225 0.096063
v 0.063197 1.003414 0.091441
v 0.033205 0.968173 0.110516
v 0.000000 1.176894 0.114249
v 0.000000 1.301118 0.112948
v 0.030652 1.218730 0.113007
v 0.036441 1.286146 0.111855
v 0.000000 1.386831 0.109336
v 0.041282 1.318932 0.121329
v 0.042114 1.398322 0.111405
v 0.083059 1.318069 0.109451
v 0.080635 1.366811 0.104542
v 0.069589 1.283918 0.106393
v 0.124179 1.291196 0.069407
v 0.085122 1.229880 0.085756
v 0.052080 1.176958 0.112326
v 0.116374 1.378479 0.085456
v 0.103375 1.228247 0.061184
v 0.095790 1.157803 0.078689
v 0.065318 1.123165 0.096226
v 0.046716 1.103715 0.108986
v 0.124541 1.132560 0.062352
v 0.000000 1.117271 0.110011
v 0.034848 1.032603 0.111193
v 0.000000 1.015493 0.116274
v 0.105180 1.059115 0.078575
v 0.108789 1.101768 0.077566
v 0.132630 1.093863 0.045804
v 0.137461 1.149513 0.035410
v 0.090515 1.023101 0.084254
v 0.148650 1.031404 0.063906
v 0.150889 1.074186 0.004328
v 0.137648 1.112763 0.009365
v 0.139562 1.121542 -0.021220
v 0.135235 1.216673 0.029236
v 0.140886 1.221258 0.010648
v 0.141025 1.213104 -0.027507
v 0.155121 1.270433 -0.083453
v 0.171569 1.336776 -0.049414
v 0.144809 1.259799 -0.007895
v 0.174927 1.361132 -0.067184
v 0.172639 1.339954 -0.120994
v 0.159973 1.338124 0.007251
v 0.173698 1.419350 -0.017897
v 0.170132 1.399237 -0.001496
v 0.176705 1.420975 0.016057
v 0.145760 1.291941 0.036369
v 0.140853 1.362986 0.047005
v 0.146807 1.397269 0.061732
v 0.104653 1.403811 0.090675
v 0.168729 1.465456 0.022548
v 0.093625 1.454881 0.070314
v 0.141150 1.498940 0.018234
v 0.000000 1.479711 0.061357
v 0.037901 1.467892 0.074434
v 0.048376 1.504053 0.046728
v 0.000000 1.513097 0.028617
v 0.033182 1.519820 0.020401
v 0.104179 1.517674 0.018979
v 0.176341 1.436654 0.027705
v 0.271862 0.850944 -0.025206
v 0.280928 0.842290 -0.022524
v 0.285155 0.839908 -0.003497
v 0.275113 0.812752 -0.014383
v 0.266349 0.788273 -0.010939
v 0.256375 0.768933 -0.006815
v 0.259306 0.755817 -0.011667
v 0.261848 0.777578 0.002243
v 0.279191 0.812840 -0.001914
v 0.276090 0.801730 0.009620
v 0.273105 0.805218 0.023372
v 0.264261 0.775338 0.017921
v 0.255666 0.754779 0.032991
v 0.258411 0.740674 0.018223
v 0.261348 0.741368 0.037672
v 0.315972 0.828776 0.007671
v 0.314942 0.831898 0.019099
v 0.291673 0.778078 0.021340
v 0.274573 0.753301 0.018383
v 0.287673 0.782220 0.029371
v 0.281252 0.793845 0.031152
v 0.273649 0.754613 0.032366
v 0.267736 0.742539 0.034798
v 0.267019 0.739876 0.021069
v 0.000000 1.538207 -0.155677
v 0.040727 1.532351 -0.170246
v 0.000000 1.493117 -0.180598
v 0.103152 1.496543 -0.191035
v 0.083570 1.447953 -0.202589
v 0.151317 1.449635 -0.192029
v 0.151780 1.404180 -0.191126
v 0.166227 1.422572 -0.178890
v 0.131636 1.397381 -0.196096
v 0.168922 1.385425 -0.147213
v 0.159294 1.336002 -0.147037
v 0.117468 1.313133 -0.165014
v 0.041604 1.405542 -0.202922
v 0.039798 1.377068 -0.199893
v 0.000000 1.304613 -0.150610
v 0.216534 0.862776 0.111378
v 0.216126 0.856600 0.112768
v 0.227371 0.860837 0.116537
v 0.028974 0.845354 0.070134
v -0.000008 1.657007 -0.106411
v 0.000032 0.919568 -0.057596
v 0.000000 1.408782 -0.197063
v 0.000005 0.946482 -0.126051
v 0.000000 1.674740 0.080664
v 0.000000 0.941413 0.113557
v 0.000000 1.671255 -0.110502
v 0.000000 1.670980 -0.055602
v 0.048858 0.000583 0.090453
v 0.071796 0.064248 0.044393
v 0.052948 0.044455 0.092723
v 0.108436 0.043578 0.077847
v 0.102453 0.066343 0.032102
v 0.164824 0.009249 0.061208
v 0.149954 0.000701 0.064013
v 0.113824 0.008119 -0.147019
v 0.131829 0.006404 -0.133264
v 0.083938 0.007442 -0.145944
v 0.086367 0.026832 -0.146048
v 0.097249 0.078029 -0.135473
v 0.054648 0.025699 -0.104609
v 0.066515 0.015096 -0.132709
v 0.059986 0.005717 -0.109614
v 0.078223 0.000261 -0.125355
v 0.060853 0.005218 -0.026670
v 0.143701 0.024088 -0.101031
v 0.160688 0.014658 -0.005659
v 0.147328 0.003904 -0.028702
v 0.148544 0.043674 -0.058368
v 0.053929 0.022199 -0.024178
v 0.053151 0.055671 -0.012487
v 0.126806 0.055841 0.027183
v 0.115025 -0.000122 -0.134846
v 0.098857 0.129205 -0.028269
v 0.073613 0.085562 0.008540
v 0.060195 0.109522 -0.057701
v 0.163230 0.027856 0.008952
v 0.037858 0.021604 0.073724
v 0.138272 0.065831 -0.008421
v 0.155739 0.025719 0.062870
v 0.117691 0.082903 -0.124286
v 0.073343 0.084084 -0.124568
v 0.144655 0.060937 -0.026989
v 0.058236 0.065528 0.019781
v 0.056893 0.113814 -0.089798
v 0.125512 0.110621 -0.104973
v 0.083671 0.137887 -0.127942
v 0.105797 0.132578 -0.125719
v 0.062633 0.126153 -0.108966
v 0.132387 0.101885 -0.067765
v 0.053806 0.000488 0.140855
v 0.072149 0.027343 0.146537
v 0.097772 0.038500 0.120100
v 0.153837 0.001290 0.104529
v 0.156288 0.015377 0.102204
v 0.116575 0.022937 0.136775
v 0.043731 0.001450 0.095406
v 0.044137 0.008929 0.126725
v 0.161118 0.002397 0.062026
v 0.156160 0.027916 0.070857
v 0.123870 0.010308 0.133028
v 0.099209 0.001832 0.140133
v 0.078661 0.007976 0.149935
v 0.100759 0.000005 0.085438
v 0.054018 0.024387 0.143536
v 0.089199 0.043457 0.091884
v 0.042814 0.038880 0.098119
v 0.048016 0.033036 0.129882
v 0.039017 0.013850 0.093166
v 0.139292 0.007642 0.069809
v 0.139198 0.021912 0.074020
v 0.062544 0.007028 0.092984
v 0.101453 0.034390 0.087287
v 0.063181 0.032101 0.093053
v 0.063090 0.009085 0.105779
v 0.137794 0.009375 0.084760
v 0.107954 0.006630 0.096663
v 0.140106 0.020612 0.087967
v 0.108829 0.032918 0.099587
v 0.080780 0.006316 0.104418
v 0.086254 0.034577 0.104748
v 0.064003 0.031854 0.107575
v 0.101789 0.126013 -0.044869
v 0.069198 0.111462 -0.068256
v 0.106935 0.125142 -0.108550
v 0.080311 0.129653 -0.108300
v 0.119799 0.105826 -0.077740
v 0.094095 0.077430 -0.048350
v 0.071923 0.065509 -0.063194
v 0.117045 0.062786 -0.066148
v 0.105749 0.073782 -0.050859
v 0.088522 0.082564 -0.112132
v 0.099491 0.079819 -0.109223
v 0.068466 0.068260 -0.088913
v 0.078925 0.080111 -0.107173
v 0.115657 0.060070 -0.075583
v 0.068927 0.064599 -0.074905
v 0.113552 0.062053 -0.088195
v 0.058503 0.008490 0.088207
v 0.063633 0.037235 0.088960
v 0.132616 0.030995 0.068697
v 0.145734 0.009376 0.065777
v 0.061037 0.012099 0.046558
v 0.069897 0.037144 0.046534
v 0.102931 0.038159 0.037845
v 0.147472 0.014793 0.023998
v 0.138828 0.007052 0.025719
v 0.129936 0.031098 0.027595
v -0.025900 1.655519 -0.072241
v 0.000007 1.674389 -0.108007
v -0.000081 1.598888 -0.003150
v -0.000181 1.592639 0.000929
v -0.017500 1.599678 -0.001336
v -0.014595 1.601015 -0.005971
v -0.042194 1.584569 -0.027217
v -0.036952 1.619614 -0.017461
v -0.050924 1.635556 -0.022721
v -0.059558 1.654791 -0.029909
v -0.054079 1.647643 -0.026044
v -0.055249 1.657828 -0.030182
v -0.052350 1.601236 -0.048948
v -0.052344 1.673802 -0.063513
v -0.041650 1.674937 -0.085329
v -0.039390 1.670984 -0.093532
v -0.048930 1.623196 -0.074132
v -0.022118 1.673803 -0.102820
v -0.013528 1.674802 -0.107777
v -0.027358 1.633399 -0.100551
v -0.023361 1.602272 -0.118862
v -0.045022 1.602050 -0.104317
v -0.061114 1.594559 -0.088720
v -0.078111 1.567881 -0.041903
v -0.023586 1.561982 -0.006392
v -0.014083 1.675366 -0.102500
v -0.015348 1.600959 -0.007031
v -0.036783 1.636861 -0.038717
v -0.050470 1.633389 -0.024955
v -0.038065 1.676146 -0.086364
v -0.054079 1.647643 -0.026233
v -0.056909 1.658816 -0.032880
v -0.051442 1.672394 -0.061001
v -0.015226 1.594417 0.052997
v -0.015070 1.590539 0.038025
v -0.020245 1.599105 -0.000454
v -0.026361 1.598348 0.043597
v -0.054352 1.626431 -0.022890
v -0.062323 1.646379 -0.029851
v -0.066838 1.643212 -0.014713
v -0.066557 1.653242 0.011502
v -0.059803 1.664031 -0.041410
v -0.048867 1.669786 -0.061389
v -0.073460 1.686321 -0.030679
v -0.057660 1.692067 -0.093608
v -0.075683 1.685297 0.013490
v -0.063454 1.678329 0.039064
v -0.077773 1.716322 -0.033353
v -0.066616 1.723825 -0.093951
v -0.070334 1.756877 -0.089986
v -0.029132 1.693997 -0.114464
v -0.036838 1.741097 -0.124759
v -0.060360 1.792164 -0.087706
v -0.068513 1.793648 -0.056221
v -0.076559 1.745285 -0.001010
v -0.063988 1.799527 -0.015979
v -0.067239 1.780441 0.013629
v -0.066869 1.748175 0.033196
v -0.049454 1.789769 0.031341
v -0.065881 1.706895 0.039846
v -0.062840 1.715772 0.044897
v -0.049411 1.684319 0.048164
v -0.051281 1.709335 0.039979
v -0.047613 1.700413 0.041982
v -0.038411 1.694105 0.046972
v -0.030609 1.692047 0.050595
v -0.023517 1.681421 0.060194
v -0.021338 1.699815 0.054975
v -0.008912 1.698595 0.066881
v -0.019869 1.705490 0.057232
v -0.011084 1.710233 0.067504
v -0.029134 1.709682 0.053875
v -0.048060 1.723206 0.060715
v -0.041858 1.711045 0.047857
v -0.030778 1.722149 0.067715
v -0.008455 1.668340 0.078143
v -0.030495 1.647691 0.058945
v -0.050575 1.660224 -0.040714
v -0.018785 1.809541 0.024085
v -0.020046 1.826461 -0.032269
v -0.017365 1.785756 0.052612
v -0.037494 1.817889 -0.074725
v -0.022249 1.802925 -0.105537
v -0.029552 1.771305 -0.123355
v -0.016393 1.675597 -0.107521
v -0.046614 1.815522 -0.023672
v -0.051519 1.690729 0.033798
v -0.051229 1.724397 0.037621
v -0.028282 1.688836 0.049569
v -0.040036 1.723122 0.048330
v -0.025440 1.722333 0.054114
v -0.010762 1.722256 0.055961
v -0.011673 1.688246 0.051774
v -0.140121 1.573135 -0.083867
v -0.140015 1.574806 -0.108443
v -0.108037 1.545366 -0.148304
v -0.083515 1.585243 -0.113987
v -0.071924 1.544695 -0.161430
v -0.031203 1.582579 -0.140914
v -0.033384 1.149992 -0.108342
v -0.034838 1.103381 -0.111527
v -0.082010 1.172998 -0.099487
v -0.095802 1.096202 -0.090396
v -0.034633 1.215532 -0.128036
v -0.072596 1.254365 -0.137660
v -0.095103 1.246293 -0.125239
v -0.028049 1.300183 -0.153284
v -0.130071 1.237694 -0.090650
v -0.078149 1.334315 -0.178196
v -0.116000 1.193594 -0.081056
v -0.130446 1.203338 -0.064863
v -0.135324 1.289072 -0.137322
v -0.121361 1.089732 -0.066951
v -0.022535 1.053405 -0.131277
v -0.134590 1.041018 -0.079620
v -0.144528 1.074471 -0.019826
v -0.116716 1.008898 -0.121899
v -0.165778 0.959695 -0.037324
v -0.144134 0.975470 -0.089437
v -0.079405 1.014552 -0.143354
v -0.113002 0.943623 -0.121272
v -0.031326 0.990778 -0.147276
v -0.072628 0.964610 -0.144821
v -0.145222 0.908464 -0.075376
v -0.052503 0.933257 -0.137710
v -0.142019 0.787824 -0.078838
v -0.103694 0.893374 -0.100974
v -0.052749 0.896392 -0.103917
v -0.022873 0.875142 -0.066674
v -0.010372 0.850977 -0.026322
v -0.021892 0.919663 -0.091443
v -0.281910 0.933539 -0.047041
v -0.298293 0.926760 -0.042028
v -0.313132 0.925860 -0.026196
v -0.300639 0.893287 -0.045699
v -0.291723 0.840993 -0.033242
v -0.318530 0.937601 -0.006461
v -0.307101 0.826551 -0.025805
v -0.312772 0.832464 -0.009435
v -0.293987 0.805507 -0.022747
v -0.278993 0.796559 -0.022224
v -0.272790 0.769669 -0.015353
v -0.265760 0.755525 -0.011124
v -0.268367 0.756963 0.000527
v -0.263831 0.760733 0.005048
v -0.275827 0.767970 -0.001727
v -0.291348 0.790690 -0.011882
v -0.296564 0.804817 -0.005413
v -0.295923 0.830474 -0.002326
v -0.314319 0.838410 0.000102
v -0.295887 0.791909 0.009910
v -0.275820 0.774983 0.010741
v -0.315117 0.914638 -0.002406
v -0.315622 1.002937 -0.015919
v -0.309456 0.920887 0.019734
v -0.305602 0.949485 0.022461
v -0.289764 0.995085 0.013129
v -0.284989 0.944368 0.045897
v -0.270078 0.970996 0.021863
v -0.259368 0.954712 0.017800
v -0.246525 0.941911 0.036612
v -0.234885 0.915375 0.078538
v -0.263628 0.912681 0.075504
v -0.229111 0.891024 0.093614
v -0.233096 0.902501 0.062498
v -0.247537 0.891721 0.090829
v -0.219455 0.876080 0.100938
v -0.217186 0.870995 0.095130
v -0.228055 0.874774 0.105683
v -0.240151 0.872988 0.105749
v -0.267590 0.902893 0.073894
v -0.289486 0.906969 0.068044
v -0.289046 0.861496 0.075749
v -0.297475 0.853348 0.072333
v -0.280581 0.825005 0.079116
v -0.263980 0.815211 0.082253
v -0.258170 0.775549 0.087751
v -0.244027 0.762782 0.090184
v -0.250591 0.761492 0.089161
v -0.247097 0.754435 0.078855
v -0.255388 0.756670 0.077378
v -0.248199 0.760999 0.069538
v -0.262539 0.768458 0.074995
v -0.274419 0.789574 0.075249
v -0.288504 0.844430 0.051926
v -0.285143 0.813144 0.065928
v -0.300631 0.849693 0.062109
v -0.299447 0.849054 0.054159
v -0.305369 0.850953 0.048128
v -0.309413 0.838299 0.047230
v -0.312175 0.838831 0.033047
v -0.308406 0.835537 0.026019
v -0.280056 0.802534 0.059262
v -0.295942 0.800319 0.055997
v -0.273699 0.759846 0.063728
v -0.282864 0.772031 0.058128
v -0.264570 0.746306 0.069350
v -0.274720 0.756475 0.049447
v -0.296140 0.796624 0.040272
v -0.295399 0.829182 0.027260
v -0.269424 0.740421 0.056632
v -0.262344 0.737745 0.055858
v -0.254521 0.978656 -0.021798
v -0.250211 1.004046 -0.009194
v -0.294795 1.076392 -0.017973
v -0.316129 1.012792 -0.060945
v -0.301588 0.984872 -0.068499
v -0.312480 1.088280 -0.045400
v -0.236476 1.112964 -0.032946
v -0.231424 1.072905 -0.035981
v -0.198506 1.144444 -0.069383
v -0.208226 1.177265 -0.070736
v -0.236071 1.163847 -0.057303
v -0.194482 1.203996 -0.101763
v -0.197855 1.229302 -0.143857
v -0.215508 1.198753 -0.068595
v -0.183901 1.264294 -0.126848
v -0.189652 1.258898 -0.076376
v -0.178823 1.304111 -0.094036
v -0.177275 1.317028 -0.124278
v -0.202699 1.283536 -0.049322
v -0.181980 1.334099 -0.059714
v -0.165868 1.347924 -0.103694
v -0.164530 1.409071 -0.110596
v -0.171685 1.414077 -0.056492
v -0.185936 1.424947 -0.027710
v -0.214673 1.416386 -0.026722
v -0.206471 1.354008 -0.036991
v -0.224384 1.456638 -0.002447
v -0.191462 1.464408 0.008183
v -0.233031 1.307364 -0.045763
v -0.198575 1.501610 0.004388
v -0.171538 1.496511 0.014724
v -0.240257 1.479331 -0.027430
v -0.227933 1.510574 -0.026835
v -0.161084 1.531110 -0.007834
v -0.130169 1.522007 -0.000601
v -0.207741 1.547220 -0.052663
v -0.174648 1.543999 -0.155184
v -0.145004 1.527458 -0.171615
v -0.127961 1.521913 -0.170923
v -0.210690 1.561495 -0.091628
v -0.187010 1.500986 -0.180530
v -0.196701 1.562305 -0.125918
v -0.171690 1.477060 -0.181727
v -0.188565 1.459205 -0.170798
v -0.179921 1.439144 -0.175078
v -0.166736 1.421269 -0.152823
v -0.220108 1.464296 -0.178146
v -0.230995 1.496162 -0.168782
v -0.173574 1.360098 -0.156764
v -0.214463 1.443909 -0.175723
v -0.189291 1.384247 -0.180448
v -0.188481 1.313329 -0.156490
v -0.210630 1.312954 -0.173037
v -0.233904 1.338057 -0.178185
v -0.246497 1.432363 -0.156122
v -0.261298 1.357491 -0.164132
v -0.266155 1.412883 -0.125234
v -0.256754 1.461505 -0.152202
v -0.235819 1.536015 -0.135216
v -0.261133 1.442422 -0.135471
v -0.252360 1.521841 -0.094553
v -0.262375 1.430614 -0.088748
v -0.253134 1.447289 -0.059754
v -0.258697 1.401924 -0.086331
v -0.232773 1.402148 -0.045271
v -0.259462 1.303855 -0.063295
v -0.249430 1.196196 -0.062181
v -0.279780 1.277651 -0.089514
v -0.268200 1.225241 -0.069379
v -0.282803 1.188984 -0.054526
v -0.299956 1.203176 -0.083953
v -0.264928 1.165679 -0.043375
v -0.299657 1.152360 -0.048889
v -0.313148 1.165716 -0.080362
v -0.313725 1.108245 -0.097208
v -0.301142 1.099456 -0.124059
v -0.278392 0.990251 -0.070276
v -0.254224 1.006828 -0.056797
v -0.262954 0.933441 -0.028111
v -0.232703 1.126816 -0.136461
v -0.214122 1.122068 -0.111358
v -0.270148 1.099376 -0.132729
v -0.196187 1.149201 -0.099176
v -0.204195 1.186143 -0.148347
v -0.228003 1.182626 -0.170067
v -0.220157 1.216523 -0.172793
v -0.296040 1.198477 -0.169659
v -0.249962 1.240859 -0.183435
v -0.305727 1.193671 -0.119561
v -0.292847 1.245417 -0.127583
v -0.277335 1.261166 -0.169138
v -0.222193 1.246848 -0.165638
v -0.282694 1.337539 -0.131930
v -0.119784 0.094435 -0.117125
v -0.128994 0.082179 -0.090216
v -0.122340 0.100765 -0.047080
v -0.081050 0.107018 -0.028856
v -0.062157 0.092671 -0.065624
v -0.059110 0.086112 -0.087473
v -0.082557 0.101668 -0.121863
v -0.056796 0.105730 -0.063447
v -0.068940 0.103766 -0.046820
v -0.052253 0.113264 -0.084402
v -0.068190 0.164854 -0.057482
v -0.099116 0.109048 -0.023582
v -0.082769 0.180195 -0.038530
v -0.098642 0.128190 -0.028571
v -0.120013 0.163766 -0.043754
v -0.070484 0.238119 -0.049358
v -0.065221 0.232739 -0.071973
v -0.083174 0.303306 -0.020714
v -0.059924 0.322172 -0.036389
v -0.045560 0.400369 -0.011256
v -0.034690 0.396838 -0.060059
v -0.046445 0.471208 -0.032601
v -0.082447 0.438680 0.030827
v -0.058781 0.474438 0.014923
v -0.045618 0.546607 0.000526
v -0.081355 0.559245 0.066432
v -0.054010 0.600493 0.047184
v -0.014027 0.781286 0.051274
v -0.051279 0.765299 0.094470
v -0.012099 0.841500 0.044617
v -0.050795 0.850258 0.102526
v -0.100421 0.821116 0.114862
v -0.101917 0.678444 0.099942
v -0.149382 0.795106 0.095071
v -0.181143 0.829081 0.053178
v -0.190219 0.813940 0.003106
v -0.176244 0.813564 -0.041922
v -0.099608 0.784928 -0.101149
v -0.025437 0.779926 -0.053938
v -0.058247 0.692147 -0.072368
v -0.020305 0.715971 0.014882
v -0.047176 0.560541 -0.030096
v -0.094861 0.658219 -0.078359
v -0.132306 0.688071 -0.067175
v -0.157538 0.689809 -0.035269
v -0.097547 0.565023 -0.062914
v -0.065471 0.564554 -0.057566
v -0.047622 0.443901 -0.089957
v -0.069271 0.501640 -0.085669
v -0.128548 0.513847 -0.082215
v -0.046769 0.379532 -0.102273
v -0.073465 0.404632 -0.126437
v -0.127409 0.482965 -0.107688
v -0.072470 0.227410 -0.103044
v -0.098445 0.263562 -0.126428
v -0.127113 0.425007 -0.131976
v -0.087104 0.184709 -0.116427
v -0.107434 0.364503 -0.138955
v -0.138417 0.356262 -0.137151
v -0.167560 0.442002 -0.101079
v -0.163750 0.349091 -0.115832
v -0.180678 0.426805 -0.060532
v -0.176714 0.346535 -0.079263
v -0.130750 0.273303 -0.123024
v -0.142126 0.236359 -0.101283
v -0.103279 0.179259 -0.119754
v -0.066924 0.108338 -0.113245
v -0.068486 0.097541 -0.108202
v -0.095307 0.103525 -0.128116
v -0.110631 0.100366 -0.122986
v -0.119955 0.183242 -0.115531
v -0.144650 0.218392 -0.076813
v -0.135630 0.151035 -0.083381
v -0.139821 0.109847 -0.080979
v -0.128209 0.088616 -0.065578
v -0.131386 0.157902 -0.062220
v -0.140552 0.211344 -0.057944
v -0.102127 0.198802 -0.030306
v -0.111509 0.302935 -0.013092
v -0.138672 0.306091 -0.023025
v -0.172294 0.392244 -0.029368
v -0.138027 0.472271 0.035994
v -0.158850 0.518282 -0.050590
v -0.159122 0.547034 -0.003685
v -0.132382 0.574939 -0.056783
v -0.153391 0.574005 -0.032103
v -0.169988 0.674671 0.004996
v -0.150031 0.550758 0.034372
v -0.130039 0.559945 0.065329
v -0.108215 0.534900 0.068602
v -0.108466 0.465329 0.046842
v -0.256795 0.931129 0.000846
v -0.258707 0.890759 -0.028749
v -0.242528 0.919857 0.024729
v -0.259516 0.897955 0.004316
v -0.241199 0.898910 0.030059
v -0.273185 0.854116 -0.004196
v -0.263544 0.874879 0.034511
v -0.250027 0.884206 0.070616
v -0.258092 0.882739 0.065324
v -0.228858 0.870954 0.083151
v -0.219427 0.855519 0.101082
v -0.234134 0.855817 0.100827
v -0.232082 0.853771 0.114041
v -0.246291 0.876690 0.090558
v -0.268896 0.858646 0.067161
v -0.271973 0.861008 0.051012
v -0.261503 0.829789 0.071403
v -0.252022 0.801118 0.076856
v -0.267006 0.817295 0.060457
v -0.241458 0.771598 0.080747
v -0.277137 0.851720 0.040914
v -0.271605 0.810319 0.048954
v -0.282424 0.846658 0.025502
v -0.280273 0.845769 0.015240
v -0.277179 0.806202 0.036306
v -0.265820 0.755194 0.044944
v -0.254519 0.757181 0.062869
v -0.258674 0.768730 0.048911
v -0.256218 0.746539 0.051291
v -0.152489 1.563831 -0.059320
v -0.134179 1.539087 -0.033766
v -0.011781 0.888281 0.028965
v -0.035088 0.921522 0.094971
v -0.034194 0.888149 0.085534
v -0.064378 0.913451 0.103346
v -0.158168 0.946302 0.082634
v -0.121800 0.954870 0.101225
v -0.178565 0.920868 0.049639
v -0.172986 0.978054 -0.002208
v -0.153073 1.063118 0.026119
v -0.122144 1.021444 0.080256
v -0.092383 0.991078 0.090295
v -0.058776 0.965247 0.096067
v -0.063189 1.003451 0.091440
v -0.033195 0.968189 0.110518
v -0.030652 1.218730 0.113007
v -0.036441 1.286146 0.111855
v -0.041282 1.318932 0.121329
v -0.042114 1.398322 0.111405
v -0.083059 1.318069 0.109451
v -0.080635 1.366811 0.104542
v -0.069589 1.283918 0.106393
v -0.124179 1.291196 0.069407
v -0.085122 1.229880 0.085756
v -0.052080 1.176958 0.112326
v -0.116374 1.378479 0.085456
v -0.103375 1.228247 0.061184
v -0.095790 1.157803 0.078689
v -0.065318 1.123165 0.096226
v -0.046716 1.103715 0.108986
v -0.124541 1.132560 0.062352
v -0.034848 1.032603 0.111193
v -0.105180 1.059115 0.078575
v -0.108789 1.101768 0.077566
v -0.132630 1.093863 0.045804
v -0.137461 1.149513 0.035410
v -0.090515 1.023101 0.084254
v -0.148650 1.031404 0.063906
v -0.150889 1.074186 0.004328
v -0.137648 1.112763 0.009365
v -0.139562 1.121542 -0.021220
v -0.135235 1.216673 0.029236
v -0.140886 1.221258 0.010648
v -0.141025 1.213104 -0.027507
v -0.155243 1.270580 -0.083535
v -0.171619 1.336742 -0.049419
v -0.144898 1.259992 -0.007873
v -0.175041 1.361203 -0.067038
v -0.172763 1.339899 -0.120924
v -0.159973 1.338124 0.007251
v -0.173564 1.419428 -0.017748
v -0.170083 1.399222 -0.001422
v -0.176475 1.420512 0.016323
v -0.145760 1.291941 0.036369
v -0.140853 1.362986 0.047005
v -0.146807 1.397269 0.061732
v -0.104653 1.403811 0.090675
v -0.168729 1.465456 0.022548
v -0.093625 1.454881 0.070314
v -0.141170 1.498964 0.018237
v -0.037901 1.467892 0.074434
v -0.048376 1.504053 0.046728
v -0.033182 1.519820 0.020401
v -0.104163 1.517696 0.018986
v -0.176502 1.436661 0.027573
v -0.271862 0.850944 -0.025206
v -0.280928 0.842290 -0.022524
v -0.285155 0.839908 -0.003497
v -0.275113 0.812752 -0.014383
v -0.266349 0.788273 -0.010939
v -0.256375 0.768933 -0.006815
v -0.259306 0.755817 -0.011667
v -0.261848 0.777578 0.002243
v -0.279191 0.812840 -0.001914
v -0.276090 0.801730 0.009620
v -0.273105 0.805218 0.023372
v -0.264261 0.775338 0.017921
v -0.255666 0.754779 0.032991
v -0.258411 0.740674 0.018223
v -0.261348 0.741368 0.037672
v -0.315972 0.828776 0.007671
v -0.314942 0.831898 0.019099
v -0.291673 0.778078 0.021340
v -0.274573 0.753301 0.018383
v -0.287673 0.782220 0.029371
v -0.281252 0.793845 0.031152
v -0.273649 0.754613 0.032366
v -0.267736 0.742539 0.034798
v -0.267019 0.739876 0.021069
v -0.040727 1.532351 -0.170246
v -0.103152 1.496543 -0.191035
v -0.083583 1.447932 -0.202590
v -0.151343 1.449595 -0.192030
v -0.151901 1.404134 -0.191103
v -0.166178 1.422224 -0.178907
v -0.131680 1.397315 -0.196088
v -0.169119 1.385347 -0.147133
v -0.159407 1.335932 -0.146981
v -0.117535 1.313115 -0.165002
v -0.041604 1.405542 -0.202922
v -0.039850 1.377049 -0.199898
v -0.216534 0.862776 0.111378
v -0.216126 0.856600 0.112768
v -0.227371 0.860837 0.116537
v -0.028972 0.845354 0.070135
v 0.000008 1.657007 -0.106411
v -0.048858 0.000583 0.090453
v -0.071796 0.064248 0.044393
v -0.052948 0.044455 0.092723
v -0.108436 0.043578 0.077847
v -0.102453 0.066343 0.032102
v -0.164824 0.009249 0.061208
v -0.149954 0.000701 0.064013
v -0.113824 0.008119 -0.147019
v -0.131829 0.006404 -0.133264
v -0.083938 0.007442 -0.145944
v -0.086367 0.026832 -0.146048
v -0.097249 0.078029 -0.135473
v -0.054648 0.025699 -0.104609
v -0.066515 0.015096 -0.132709
v -0.059986 0.005717 -0.109614
v -0.078223 0.000261 -0.125355
v -0.060853 0.005218 -0.026670
v -0.143701 0.024088 -0.101031
v -0.160688 0.014658 -0.005659
v -0.147328 0.003904 -0.028702
v -0.148544 0.043674 -0.058368
v -0.053929 0.022199 -0.024178
v -0.053151 0.055671 -0.012487
v -0.126806 0.055841 0.027183
v -0.115025 -0.000122 -0.134846
v -0.098857 0.129205 -0.028269
v -0.073613 0.085562 0.008540
v -0.163230 0.027856 0.008952
v -0.037858 0.021604 0.073724
v -0.039017 0.013850 0.093166
v -0.138272 0.065831 -0.008421
v -0.117762 0.121215 -0.035624
v -0.155739 0.025719 0.062870
v -0.101845 0.133940 -0.126709
v -0.117691 0.082903 -0.124286
v -0.056893 0.113814 -0.089798
v -0.073343 0.084084 -0.124568
v -0.144655 0.060937 -0.026989
v -0.058236 0.065528 0.019781
v -0.125512 0.110621 -0.104973
v -0.083638 0.137899 -0.127873
v -0.132387 0.101885 -0.067765
v -0.060150 0.109659 -0.059347
v -0.053806 0.000488 0.140855
v -0.072149 0.027343 0.146537
v -0.097772 0.038500 0.120100
v -0.153837 0.001290 0.104529
v -0.156288 0.015377 0.102204
v -0.116575 0.022937 0.136775
v -0.043731 0.001450 0.095406
v -0.044137 0.008929 0.126725
v -0.161118 0.002397 0.062026
v -0.156160 0.027916 0.070857
v -0.123870 0.010308 0.133028
v -0.099209 0.001832 0.140133
v -0.078661 0.007976 0.149935
v -0.100759 0.000005 0.085438
v -0.054018 0.024387 0.143536
v -0.089199 0.043457 0.091884
v -0.042814 0.038880 0.098119
v -0.048016 0.033036 0.129882
v -0.139292 0.007642 0.069809
v -0.139198 0.021912 0.074020
v -0.062544 0.007028 0.092984
v -0.101453 0.034390 0.087287
v -0.063181 0.032101 0.093053
v -0.063090 0.009085 0.105779
v -0.137794 0.009375 0.084760
v -0.107954 0.006630 0.096663
v -0.140106 0.020612 0.087967
v -0.108829 0.032918 0.099587
v -0.080780 0.006316 0.104418
v -0.086254 0.034577 0.104748
v -0.064003 0.031854 0.107575
v -0.101545 0.126082 -0.044789
v -0.069198 0.111462 -0.068256
v -0.106935 0.125142 -0.108550
v -0.080550 0.129800 -0.108385
v -0.119809 0.105814 -0.077459
v -0.094095 0.077430 -0.048350
v -0.072009 0.065502 -0.063225
v -0.117137 0.062819 -0.066064
v -0.105771 0.073793 -0.050851
v -0.088489 0.082581 -0.112137
v -0.099491 0.079819 -0.109223
v -0.068466 0.068260 -0.088913
v -0.078925 0.080111 -0.107173
v -0.115697 0.060084 -0.075570
v -0.068942 0.064586 -0.074897
v -0.113492 0.062066 -0.088168
v -0.058503 0.008490 0.088207
v -0.063633 0.037235 0.088960
v -0.132616 0.030995 0.068697
v -0.145734 0.009376 0.065777
v -0.061037 0.012099 0.046558
v -0.069897 0.037144 0.046534
v -0.102931 0.038160 0.037844
v -0.147472 0.014793 0.023998
v -0.138828 0.007052 0.025719
v -0.129936 0.031098 0.027595
vn -0.5462 -0.6981 0.4629
vn 0.1009 -0.9846 0.1426
vn 0.8194 -0.5705 -0.0557
vn 0.3444 -0.9351 0.0834
vn 0.4212 -0.2170 0.8806
vn -0.0109 0.6320 0.7749
vn 0.3069 0.0841 0.9480
vn -0.2333 0.8856 0.4016
vn 0.6541 0.2314 0.7201
vn 0.7016 -0.4944 0.5132
vn 0.9169 0.2842 0.2803
vn 0.8286 -0.3007 0.4723
vn 0.9945 0.0626 0.0839
vn 0.4105 0.1374 0.9014
vn 0.4634 0.6609 0.5903
vn 0.9447 -0.0693 -0.3206
vn 0.7689 0.4812 -0.4210
vn 0.7121 0.2069 -0.6710
vn 0.9440 0.1663 -0.2849
vn 0.4654 0.5915 -0.6584
vn 0.2599 -0.1622 -0.9519
vn 0.0611 -0.1987 -0.9781
vn -0.2077 0.6088 -0.7656
vn 0.0711 -0.0666 -0.9952
vn 0.5070 0.1996 -0.8385
vn -0.0000 0.4076 -0.9132
vn 0.2286 0.6697 -0.7066
vn 0.4924 0.6974 -0.5207
vn 0.0750 0.5212 -0.8501
vn 0.6601 0.7502 0.0385
vn 0.3909 0.7494 0.5345
vn 0.0780 0.7403 0.6677
vn 0.2119 0.4321 0.8766
vn -0.0005 0.1917 0.9815
vn -0.3616 0.7025 0.6130
vn -0.0000 0.7343 0.6788
vn -0.0000 0.8884 0.4590
vn -0.1688 0.7022 0.6917
vn -0.1697 0.8065 0.5663
vn -0.5408 0.4884 0.6848
vn -0.5264 0.6669 0.5274
vn -0.6878 0.4078 0.6005
vn -0.7115 0.5346 0.4561
vn -0.6397 0.6361 0.4315
vn -0.0000 -0.8085 0.5885
vn 0.0761 -0.9850 0.1546
vn 0.4044 -0.6560 0.6373
vn 0.3356 -0.9418 -0.0212
vn 0.3237 -0.7844 -0.5291
vn -0.0158 -0.8569 -0.5153
vn 0.4705 -0.6667 -0.5781
vn 0.6959 -0.6140 0.3723
vn 0.0641 -0.6822 -0.7284
vn 0.7393 -0.3447 -0.5784
vn 0.9199 -0.3872 -0.0616
vn 0.8950 -0.3624 0.2599
vn 0.6250 -0.5570 -0.5470
vn 0.9516 -0.2370 -0.1959
vn 0.9761 -0.1123 0.1858
vn 0.7044 -0.4516 -0.5477
vn 0.7161 -0.2009 0.6685
vn 0.9956 -0.0353 -0.0865
vn 0.8592 -0.1167 -0.4981
vn 0.8910 0.1181 -0.4385
vn 0.4486 -0.0551 -0.8920
vn 0.3724 -0.4189 -0.8281
vn 0.7067 0.4995 -0.5011
vn 0.8822 0.4648 -0.0750
vn 0.9865 0.1043 0.1263
vn 0.8298 0.4175 0.3703
vn 0.7726 0.6139 0.1619
vn 0.8408 0.2113 0.4984
vn 0.5550 0.5803 0.5960
vn 0.4890 -0.1427 0.8605
vn 0.6744 -0.2456 0.6963
vn 0.7113 -0.1099 0.6942
vn 0.4016 0.1670 0.9004
vn 0.1999 -0.4503 0.8702
vn 0.0626 0.3268 0.9430
vn 0.2629 0.4050 0.8757
vn 0.4186 0.4144 0.8081
vn 0.5665 0.2387 0.7887
vn 0.6522 0.1612 0.7407
vn 0.6088 0.1000 0.7870
vn 0.6471 -0.3379 0.6834
vn 0.3184 -0.2340 0.9186
vn 0.2981 -0.8517 0.4310
vn 0.2962 -0.1582 0.9419
vn 0.2529 -0.8994 0.3564
vn 0.1276 -0.0050 0.9918
vn 0.4068 -0.0460 0.9124
vn 0.1341 0.4943 0.8589
vn 0.5934 -0.1683 0.7871
vn -0.0116 -0.7394 -0.6732
vn 0.2218 0.8610 0.4578
vn 0.0287 0.9080 0.4180
vn 0.0545 0.5852 0.8091
vn 0.1028 0.9879 0.1165
vn -0.0000 0.9860 -0.1666
vn 0.2558 0.5045 0.8247
vn 0.4325 0.8526 -0.2933
vn 0.2365 0.6669 -0.7067
vn -0.0000 0.7478 -0.6639
vn 0.3663 0.3711 -0.8533
vn -0.0000 0.2890 -0.9573
vn -0.0000 -0.3498 -0.9368
vn 0.2742 -0.7292 -0.6269
vn 0.4940 0.8603 0.1262
vn 0.6939 -0.0767 0.7160
vn 0.5460 -0.1072 0.8309
vn 0.6002 -0.1395 0.7876
vn 0.3395 -0.1344 0.9310
vn 0.2428 -0.1107 0.9637
vn 0.1275 -0.1214 0.9844
vn 0.1347 -0.1154 0.9841
vn 0.1932 0.9464 -0.2588
vn 0.2940 0.8903 -0.3478
vn 0.2037 0.9572 0.2057
vn 0.1981 0.6183 -0.7606
vn 0.1478 0.6227 -0.7684
vn 0.0834 0.6333 -0.7694
vn 0.0011 -0.0558 -0.9984
vn 0.0977 0.1328 -0.9863
vn -0.2773 0.0212 -0.9605
vn 0.1922 0.2182 -0.9568
vn 0.0832 0.3021 -0.9496
vn 0.5199 0.1872 -0.8335
vn 0.3858 -0.1984 -0.9010
vn -0.0844 -0.2987 -0.9506
vn 0.1285 -0.3945 -0.9099
vn -0.1171 -0.1850 -0.9757
vn 0.4048 -0.4703 -0.7842
vn -0.1348 -0.4504 -0.8826
vn 0.7188 -0.3833 -0.5800
vn 0.0290 -0.4352 -0.8999
vn 0.6875 -0.2070 -0.6960
vn 0.9236 -0.2787 -0.2631
vn 0.5920 -0.5142 -0.6206
vn 0.8889 -0.3016 -0.3449
vn 0.8491 0.1531 -0.5056
vn 0.0549 0.3302 -0.9423
vn 0.9483 0.2267 -0.2220
vn 0.8446 0.2852 -0.4531
vn 0.6605 0.1686 -0.7317
vn 0.9573 0.0204 -0.2885
vn 0.8626 0.0364 -0.5046
vn 0.2955 0.2175 -0.9303
vn 0.5410 -0.2311 -0.8087
vn -0.0974 -0.0170 -0.9951
vn 0.2564 -0.1668 -0.9521
vn 0.7502 -0.0601 -0.6585
vn -0.0762 -0.5261 -0.8470
vn 0.9195 -0.0257 -0.3922
vn 0.6310 -0.0889 -0.7707
vn 0.3217 -0.2441 -0.9148
vn -0.3840 -0.3992 -0.8326
vn -0.8653 -0.1602 -0.4750
vn -0.9868 -0.1578 -0.0376
vn -0.2292 -0.9361 -0.2667
vn -0.6304 -0.5968 -0.4964
vn -0.2958 -0.9476 -0.1208
vn -0.1430 -0.3955 -0.9073
vn -0.1544 -0.2132 -0.9647
vn -0.5479 -0.0516 -0.8349
vn 0.5499 -0.0888 -0.8305
vn 0.3110 -0.0997 -0.9452
vn -0.4462 -0.4306 -0.7845
vn 0.9221 -0.0828 -0.3780
vn 0.7258 -0.3467 -0.5941
vn 0.4413 -0.4732 -0.7625
vn -0.1481 -0.4297 -0.8908
vn 0.8463 -0.5172 -0.1278
vn 0.4084 -0.5589 -0.7217
vn -0.9306 -0.3564 -0.0831
vn 0.5288 -0.6937 -0.4890
vn 0.8115 -0.4158 0.4106
vn 0.1619 -0.7914 0.5895
vn 0.0441 -0.0354 0.9984
vn 0.5635 -0.7909 0.2386
vn 0.6504 -0.2719 0.7092
vn 0.9237 -0.3135 0.2203
vn 0.9840 -0.1767 -0.0239
vn 0.5178 -0.4681 -0.7161
vn 0.0740 -0.3991 -0.9139
vn 0.9953 -0.0356 0.0896
vn 0.9963 -0.0180 0.0845
vn 0.9319 0.0674 0.3564
vn 0.9472 0.1526 0.2821
vn 0.8048 0.2376 0.5438
vn 0.9395 -0.2666 0.2151
vn 0.6237 0.2990 0.7222
vn 0.3902 0.6064 0.6928
vn 0.2093 0.3889 0.8972
vn -0.4921 0.5284 0.6918
vn -0.8840 0.4667 0.0279
vn -0.8715 0.3921 0.2945
vn -0.5464 0.5818 0.6025
vn -0.8927 -0.1744 -0.4156
vn 0.2088 0.3407 0.9167
vn -0.5453 0.5814 0.6039
vn -0.8800 -0.3579 -0.3124
vn 0.3900 0.2789 0.8775
vn -0.7669 0.5392 0.3480
vn 0.6707 0.1013 0.7348
vn -0.0439 0.8581 0.5117
vn 0.8150 -0.3788 0.4384
vn 0.5369 -0.1561 0.8291
vn -0.1093 -0.6761 0.7286
vn 0.2301 -0.0804 0.9698
vn 0.8334 -0.0111 0.5525
vn -0.5808 0.0373 0.8132
vn 0.4890 -0.1605 0.8574
vn 0.8708 -0.4850 -0.0811
vn 0.4168 -0.2215 0.8816
vn -0.2322 -0.7449 0.6255
vn 0.2179 -0.4948 0.8412
vn -0.5729 -0.5488 -0.6087
vn 0.4542 -0.8551 -0.2499
vn -0.3401 -0.1695 -0.9250
vn 0.8540 -0.4005 -0.3322
vn 0.8876 -0.2569 0.3823
vn -0.5381 -0.8412 -0.0528
vn 0.4959 -0.8390 -0.2241
vn 0.8201 -0.0461 0.5704
vn 0.8914 -0.0532 0.4501
vn 0.9502 -0.2538 0.1807
vn -0.0139 -0.0000 0.9999
vn 0.6900 -0.2176 0.6903
vn 0.6929 -0.2102 0.6897
vn 0.8347 -0.4482 0.3199
vn -0.3489 -0.2376 0.9066
vn 0.7234 -0.4266 -0.5429
vn 0.6975 -0.5774 -0.4244
vn 0.5835 -0.7825 0.2172
vn -0.8179 -0.5647 0.1103
vn -0.2636 -0.6068 -0.7498
vn 0.5321 -0.8085 -0.2513
vn -0.1285 -0.8799 0.4574
vn -0.9607 -0.1835 -0.2084
vn -0.9850 0.0300 -0.1697
vn -0.9424 -0.0571 0.3296
vn 0.4184 0.3181 0.8507
vn 0.9501 -0.1053 -0.2936
vn 0.4200 -0.3937 -0.8177
vn 0.9355 0.1364 0.3259
vn -0.4051 0.2059 0.8908
vn -0.9199 -0.0998 0.3792
vn -0.9127 -0.1488 0.3806
vn -0.6118 0.2310 0.7565
vn -0.3290 0.3523 0.8761
vn -0.9836 -0.1081 0.1442
vn -0.9809 -0.1036 -0.1649
vn -0.8521 -0.0873 -0.5160
vn -0.5031 -0.0668 0.8617
vn -0.9951 -0.0283 -0.0944
vn -0.8954 -0.2104 0.3924
vn -0.9763 -0.1790 0.1213
vn -0.9630 -0.0509 -0.2648
vn -0.3759 -0.2214 0.8998
vn -0.8248 -0.1515 0.5447
vn -0.9942 -0.1075 0.0096
vn 0.2258 -0.3544 0.9074
vn -0.4376 -0.8981 0.0437
vn 0.2998 -0.6456 0.7024
vn 0.8388 -0.5391 0.0759
vn -0.1148 -0.1575 0.9808
vn 0.0984 -0.3636 0.9263
vn 0.5481 -0.1436 0.8240
vn 0.2283 -0.5811 0.7812
vn 0.2983 0.4155 0.8593
vn 0.2945 -0.1088 0.9494
vn 0.4843 0.3965 0.7799
vn 0.8608 0.1505 0.4862
vn 0.6856 0.4841 0.5437
vn 0.1072 0.7474 0.6556
vn -0.0108 0.8303 0.5573
vn 0.1329 0.7629 0.6327
vn 0.1527 0.8834 0.4430
vn 0.4567 0.7728 0.4406
vn 0.1391 0.6973 -0.7031
vn 0.0315 0.5486 -0.8355
vn -0.1113 0.6959 -0.7095
vn 0.4609 0.8800 0.1146
vn 0.0099 0.3808 -0.9246
vn 0.3607 0.0136 -0.9326
vn 0.1451 0.2410 -0.9596
vn 0.2786 0.8806 -0.3833
vn 0.2467 0.0301 -0.9686
vn 0.7746 -0.3042 -0.5545
vn 0.0747 -0.0645 -0.9951
vn 0.0470 0.0037 -0.9989
vn 0.5912 -0.6602 -0.4633
vn 0.2428 -0.0475 -0.9689
vn 0.5456 0.3476 -0.7626
vn -0.8874 -0.2228 -0.4037
vn 0.1959 -0.0072 -0.9806
vn -0.3655 -0.0160 -0.9307
vn -0.7938 -0.2112 -0.5704
vn -0.4176 -0.1742 -0.8918
vn 0.1699 0.0529 -0.9840
vn 0.6495 -0.0045 -0.7603
vn 0.6544 0.2108 -0.7262
vn 0.8450 0.0929 -0.5267
vn 0.9815 0.1544 -0.1129
vn 0.6497 0.6298 -0.4258
vn 0.9866 0.1454 -0.0740
vn 0.8884 0.4508 0.0863
vn 0.9827 0.0066 0.1851
vn 0.9205 0.0237 0.3899
vn 0.9251 -0.0350 0.3780
vn 0.7048 -0.1126 0.7004
vn 0.7083 0.0361 0.7049
vn -0.1329 0.1731 0.9759
vn 0.4658 0.1751 0.8674
vn 0.9137 0.1164 0.3894
vn 0.4354 0.4329 0.7894
vn 0.8857 0.3124 0.3435
vn -0.0566 0.3602 0.9312
vn 0.6557 0.3030 0.6915
vn 0.9613 0.2031 0.1862
vn 0.9773 -0.0318 -0.2095
vn 0.6538 -0.2795 -0.7032
vn -0.3981 -0.4148 -0.8182
vn -0.8320 -0.3875 -0.3969
vn -0.8632 -0.1255 -0.4889
vn -0.4326 -0.4472 -0.7829
vn -0.7860 -0.4754 -0.3951
vn -0.0319 -0.4475 -0.8937
vn -0.8109 -0.2620 -0.5233
vn -0.2797 -0.3958 -0.8747
vn -0.5135 -0.0330 -0.8575
vn 0.6883 -0.0755 -0.7215
vn 0.0111 -0.0258 -0.9996
vn 0.9842 0.1431 -0.1044
vn 0.9713 0.2261 -0.0741
vn 0.7274 0.1893 -0.6596
vn -0.6027 -0.0272 -0.7975
vn 0.9798 0.1653 -0.1129
vn -0.8878 -0.4040 0.2204
vn -0.9100 -0.1311 0.3932
vn -0.9978 0.0080 -0.0655
vn -0.9731 0.1356 0.1863
vn -0.7832 -0.1533 0.6026
vn -0.5717 0.1772 0.8011
vn -0.8707 0.0669 0.4872
vn -0.6028 -0.0159 0.7978
vn 0.2709 0.2635 0.9259
vn 0.2520 0.0668 0.9654
vn 0.8217 -0.0104 0.5699
vn 0.6842 -0.0804 0.7248
vn -0.9623 -0.1539 0.2245
vn -0.8956 -0.1063 0.4321
vn -0.4882 -0.2311 0.8416
vn -0.9752 0.1587 -0.1543
vn -0.8192 -0.2372 0.5221
vn -0.8563 -0.1419 0.4966
vn -0.9742 0.1978 0.1084
vn -0.4542 -0.2351 0.8594
vn -0.8596 -0.1055 0.5000
vn -0.9817 -0.1871 -0.0359
vn 0.0500 -0.2975 0.9534
vn -0.5148 -0.2384 0.8235
vn -0.8446 -0.1732 0.5066
vn -0.9877 -0.0583 0.1454
vn -0.9344 -0.0900 0.3446
vn -0.5689 -0.1313 0.8118
vn -0.9579 -0.0283 0.2856
vn -0.5248 -0.0768 0.8478
vn 0.0498 -0.0309 0.9983
vn 0.0188 -0.1799 0.9835
vn 0.6343 -0.0763 0.7693
vn 0.1031 -0.1185 -0.9876
vn -0.8815 -0.1298 -0.4539
vn -0.5539 -0.1508 -0.8188
vn -0.9572 -0.0371 -0.2869
vn 0.0206 -0.1544 -0.9878
vn 0.6073 -0.1262 -0.7844
vn 0.8743 -0.1075 -0.4734
vn 0.5454 0.0652 -0.8356
vn 0.0232 0.1037 -0.9943
vn -0.5309 0.0887 -0.8428
vn -0.8500 0.1937 -0.4899
vn -0.4686 0.3611 -0.8062
vn 0.3195 0.4425 -0.8379
vn -0.8542 -0.0599 -0.5165
vn -0.4709 0.1624 -0.8671
vn 0.1667 0.4813 -0.8606
vn -0.8443 -0.0031 -0.5359
vn -0.2547 -0.0974 -0.9621
vn 0.1886 0.2703 -0.9441
vn -0.3962 0.0343 -0.9175
vn -0.1625 0.0001 -0.9867
vn 0.3911 -0.0376 -0.9196
vn 0.8040 0.2220 -0.5516
vn 0.8219 -0.0777 -0.5643
vn 0.9885 -0.1430 -0.0484
vn 0.9965 0.0824 -0.0107
vn 0.4454 -0.1935 -0.8741
vn 0.8643 -0.1904 -0.4655
vn 0.0453 0.0179 -0.9988
vn -0.7034 -0.1294 -0.6989
vn -0.7239 -0.1786 -0.6664
vn -0.5403 0.0517 -0.8399
vn -0.0593 0.0917 -0.9940
vn 0.4490 0.0382 -0.8927
vn 0.4079 -0.0159 -0.9129
vn 0.7966 -0.0390 -0.6032
vn 0.9837 -0.1771 -0.0319
vn 0.9973 -0.0476 -0.0562
vn 0.9964 -0.0838 -0.0125
vn 0.9525 -0.2545 -0.1672
vn 0.9439 -0.1976 0.2644
vn 0.9127 -0.0702 0.4026
vn 0.9068 -0.1858 0.3784
vn 0.0795 -0.1169 0.9900
vn 0.0914 -0.2514 0.9636
vn 0.5747 -0.2355 0.7838
vn 0.8980 -0.1450 0.4154
vn 0.6235 -0.2328 0.7463
vn 0.8572 0.3084 -0.4125
vn 0.9957 0.0467 0.0798
vn 0.9087 0.0655 -0.4124
vn 0.8993 -0.0873 0.4285
vn 0.9925 -0.1045 -0.0633
vn 0.9974 -0.0493 -0.0521
vn 0.9264 -0.0222 0.3759
vn 0.5745 -0.1936 0.7953
vn 0.0528 -0.2880 0.9562
vn -0.8315 -0.1916 -0.5214
vn -0.9126 0.1113 -0.3935
vn -0.9323 -0.3110 -0.1845
vn -0.8270 -0.4414 -0.3482
vn -0.8872 -0.4550 0.0760
vn -0.8047 -0.5815 -0.1199
vn -0.5766 -0.6681 0.4703
vn 0.2540 -0.8930 -0.3716
vn -0.3044 -0.5762 -0.7586
vn -0.4943 -0.7721 -0.3993
vn -0.2750 -0.2484 0.9288
vn 0.4945 -0.8390 -0.2269
vn -0.8460 0.1334 0.5162
vn -0.8903 -0.4034 -0.2114
vn -0.9687 0.2481 0.0103
vn -0.9412 0.3291 0.0767
vn -0.5577 0.0318 -0.8294
vn -0.9856 0.1614 -0.0506
vn -0.9381 -0.3376 0.0775
vn -0.9557 0.2142 0.2019
vn -0.8889 -0.4409 -0.1243
vn -0.9365 -0.3335 0.1081
vn -0.6312 -0.0408 -0.7746
vn -0.8666 0.0323 0.4979
vn -0.8367 0.1408 -0.5292
vn -0.7380 -0.4312 -0.5191
vn 0.1331 -0.9552 0.2645
vn -0.7880 -0.4080 0.4611
vn -0.0911 -0.2759 0.9569
vn 0.0002 -0.8659 0.5001
vn -0.6811 -0.0209 0.7319
vn -0.8209 -0.1020 0.5618
vn -0.1959 0.0938 0.9761
vn 0.7052 0.1308 0.6968
vn 0.2557 0.1573 0.9539
vn 0.9589 0.0981 0.2664
vn 0.9793 0.1690 -0.1111
vn 0.9274 0.3238 0.1871
vn 0.7534 0.2702 0.5995
vn 0.3225 0.2526 0.9122
vn 0.0462 0.2343 0.9711
vn 0.3348 -0.1622 0.9282
vn 0.2196 -0.0088 0.9755
vn 0.3524 0.0312 0.9353
vn 0.1730 -0.3676 0.9138
vn 0.2845 -0.0182 0.9585
vn -0.0000 -0.1386 0.9903
vn 0.0638 0.0177 0.9978
vn -0.0000 0.0118 0.9999
vn -0.0174 -0.0489 0.9987
vn 0.0672 -0.1244 0.9899
vn 0.0618 -0.0670 0.9958
vn -0.0000 0.3531 0.9356
vn 0.0682 0.2967 0.9525
vn 0.5158 -0.0627 0.8544
vn 0.4022 0.0645 0.9133
vn 0.3892 -0.1618 0.9068
vn 0.7361 -0.1351 0.6633
vn 0.7019 -0.0839 0.7073
vn 0.3386 -0.0335 0.9403
vn 0.6167 -0.0469 0.7858
vn 0.7229 -0.1068 0.6827
vn 0.5798 0.0545 0.8129
vn 0.5190 0.0192 0.8545
vn 0.2724 -0.0142 0.9621
vn 0.0389 0.0106 0.9992
vn 0.7568 0.0467 0.6520
vn 0.4961 0.1092 0.8613
vn 0.5823 0.0082 0.8130
vn 0.8773 0.1371 0.4599
vn 0.9646 0.0057 0.2635
vn 0.2435 0.0381 0.9691
vn 0.9457 0.3209 -0.0513
vn 0.9922 0.0880 0.0888
vn 0.9888 0.0069 -0.1489
vn 0.8701 -0.0276 0.4922
vn 0.9892 -0.0708 0.1287
vn 0.9885 -0.1373 -0.0638
vn 0.9837 -0.1649 0.0723
vn 0.9832 -0.1702 0.0656
vn 0.9272 -0.3212 -0.1927
vn 0.9990 -0.0369 0.0241
vn 0.9431 -0.1155 0.3118
vn 0.9813 -0.0468 -0.1866
vn 0.9597 -0.2132 0.1829
vn 0.8607 -0.3991 0.3161
vn 0.8958 -0.1142 0.4295
vn 0.8564 -0.1355 0.4982
vn 0.7458 -0.0764 0.6618
vn 0.4223 0.2491 0.8716
vn 0.3306 0.3047 0.8932
vn 0.3177 0.4859 0.8142
vn 0.3177 0.5640 0.7622
vn -0.0000 0.6922 0.7217
vn 0.0093 0.5285 0.8489
vn 0.0624 0.7168 0.6944
vn -0.0000 0.7445 0.6677
vn 0.1923 0.8210 0.5375
vn 0.7819 0.0283 0.6228
vn -0.7924 -0.3461 -0.5024
vn -0.8227 -0.4600 -0.3340
vn -0.9630 -0.2641 0.0545
vn -0.9496 0.1965 -0.2441
vn -0.8812 0.2778 -0.3826
vn -0.9917 0.0551 -0.1166
vn -0.6385 0.2706 0.7205
vn -0.5644 0.2513 0.7863
vn -0.7387 0.0560 -0.6717
vn -0.8993 0.2752 0.3399
vn -0.0939 -0.1471 0.9847
vn -0.8393 0.1644 -0.5182
vn -0.8978 0.1236 0.4226
vn -0.3021 -0.6609 -0.6870
vn 0.3180 -0.5471 0.7743
vn 0.9510 -0.2049 0.2316
vn 0.9787 -0.1422 -0.1477
vn 0.8652 -0.4848 0.1280
vn 0.5336 -0.2331 0.8130
vn 0.7583 -0.4937 -0.4256
vn 0.6517 -0.2605 0.7123
vn 0.4497 -0.7071 0.5458
vn 0.2755 -0.8010 -0.5316
vn -0.0949 0.4490 -0.8885
vn -0.0001 0.1932 -0.9812
vn 0.0123 0.1263 -0.9919
vn 0.5480 -0.2235 -0.8061
vn 0.2117 -0.2079 -0.9550
vn 0.7598 -0.3632 -0.5392
vn 0.2912 -0.4737 -0.8311
vn -0.0596 -0.0131 -0.9981
vn -0.1079 -0.3069 -0.9456
vn -0.0000 -0.2578 -0.9662
vn 0.0001 -0.6377 -0.7703
vn -0.8691 0.1673 0.4656
vn 0.1234 0.0620 0.9904
vn -0.3134 -0.7125 0.6279
vn -0.8454 -0.5277 -0.0826
vn -0.3087 -0.9203 -0.2405
vn -0.3267 0.5353 0.7789
vn 0.3303 0.4782 0.8138
vn 0.2536 0.8055 0.5356
vn 0.8290 -0.2877 0.4795
vn 0.3317 -0.7531 0.5681
vn 0.9129 -0.3857 -0.1334
vn 0.2716 -0.3262 -0.9054
vn -0.3352 -0.4927 -0.8030
vn -0.2784 0.1368 -0.9507
vn 0.0762 0.1839 -0.9800
vn -0.9751 -0.0519 -0.2156
vn -0.7843 0.0733 -0.6161
vn -0.9580 -0.2196 -0.1842
vn -0.6805 0.1016 -0.7257
vn 0.9651 -0.0560 -0.2557
vn 0.9696 0.2030 -0.1367
vn -0.9814 -0.1737 -0.0818
vn -1.0000 -0.0027 0.0034
vn -0.9913 0.1309 -0.0115
vn 0.6057 0.4767 0.6371
vn 0.5713 0.7324 0.3705
vn 0.1338 0.9488 0.2862
vn -0.3991 0.7495 0.5282
vn 0.7543 0.5865 0.2950
vn 0.1477 -0.9419 -0.3018
vn 0.9501 0.3110 0.0253
vn -0.8552 0.5177 0.0232
vn -0.7894 0.5806 0.1991
vn 0.7069 -0.4624 -0.5353
vn 0.8345 0.5249 -0.1678
vn 0.4914 0.7506 -0.4417
vn -0.2175 0.8257 -0.5205
vn -0.7899 0.5912 -0.1632
vn 0.8968 0.4353 0.0798
vn 0.8230 0.5625 0.0788
vn -0.7113 0.6915 0.1262
vn -0.1322 0.9143 0.3830
vn 0.6413 -0.6648 0.3831
vn 0.0103 -0.9999 0.0054
vn 0.8064 -0.5884 0.0590
vn -0.6342 0.6667 0.3916
vn -0.5382 0.3181 0.7805
vn -0.0148 0.5909 0.8066
vn 0.4466 0.4780 0.7563
vn 0.0509 -0.3139 0.9481
vn -0.4693 -0.6823 0.5606
vn -0.6628 -0.7484 0.0225
vn 0.2277 -0.7737 0.5913
vn 0.8332 0.3566 0.4226
vn 0.7956 0.5785 0.1797
vn -0.6882 0.7000 0.1907
vn -0.9367 -0.2313 0.2630
vn 0.5417 -0.2513 0.8021
vn -0.1890 0.0932 -0.9775
vn -0.1759 0.0780 -0.9813
vn -0.1511 0.0818 -0.9851
vn -0.2565 -0.4201 -0.8705
vn -0.3241 0.0284 -0.9456
vn -0.2873 0.1989 -0.9370
vn -0.2645 0.2521 -0.9308
vn -0.2602 0.2448 -0.9340
vn -0.2500 0.1500 -0.9566
vn -0.1910 0.1600 -0.9685
vn -0.8662 -0.4989 0.0277
vn -0.8039 -0.5919 -0.0583
vn -0.2210 -0.9753 -0.0045
vn -0.1359 -0.9907 0.0082
vn 0.0513 -0.9986 0.0160
vn -0.7043 0.7075 -0.0573
vn -0.6526 0.7425 -0.1514
vn 0.6569 0.7501 -0.0763
vn -0.0110 0.9996 0.0263
vn 0.7081 -0.7061 -0.0109
vn 0.7290 -0.6845 -0.0090
vn 0.3742 0.9273 -0.0060
vn -0.1106 0.9196 0.3769
vn 0.4314 0.8393 0.3309
vn 0.4281 0.8759 0.2224
vn 0.9305 -0.0769 -0.3582
vn 0.9852 -0.0367 0.1671
vn 0.5215 -0.0777 0.8497
vn -1.0000 -0.0012 0.0008
vn -0.9825 0.0422 -0.1812
vn -0.1551 -0.0418 -0.9870
vn 0.8451 -0.0040 -0.5346
vn 0.9902 0.0139 -0.1386
vn -0.4640 -0.0014 0.8858
vn -0.5287 0.0526 0.8472
vn -0.9360 0.0902 0.3401
vn -0.9841 0.0961 0.1491
vn 0.1734 -0.2946 0.9398
vn 0.2426 -0.0511 0.9688
vn -0.6953 -0.1832 0.6950
vn 0.2570 -0.1341 0.9571
vn -0.4816 -0.8750 -0.0495
vn -0.1351 -0.9899 -0.0424
vn -0.5049 -0.8626 0.0308
vn -0.8284 0.5471 -0.1201
vn -0.3574 0.9335 0.0308
vn 0.8393 0.5396 0.0668
vn 0.7727 0.6165 0.1511
vn 0.6926 -0.7210 0.0194
vn -0.9992 -0.0011 0.0394
vn -0.8281 -0.4909 -0.2706
vn -0.4351 -0.8969 -0.0785
vn -0.4504 -0.1996 0.8702
vn -0.2236 0.1964 0.9547
vn 0.0109 0.6320 0.7749
vn 0.2333 0.8856 0.4016
vn -0.6552 0.2319 0.7189
vn -0.6710 -0.5004 0.5471
vn -0.9215 0.2797 0.2693
vn -0.8272 -0.3039 0.4726
vn -0.9920 0.0014 0.1264
vn -0.4105 0.1374 0.9014
vn -0.4203 0.6982 0.5795
vn -0.9557 -0.0736 -0.2851
vn -0.7689 0.4812 -0.4210
vn -0.5644 0.3937 -0.7256
vn -0.9372 0.1794 -0.2991
vn -0.4654 0.5915 -0.6584
vn -0.3090 -0.1565 -0.9381
vn -0.0611 -0.1986 -0.9782
vn 0.2077 0.6088 -0.7656
vn -0.0711 -0.0666 -0.9952
vn -0.5021 0.2054 -0.8401
vn -0.2024 0.6422 -0.7394
vn -0.4904 0.7046 -0.5128
vn -0.7180 0.6960 -0.0043
vn -0.4197 0.7404 0.5250
vn -0.0948 0.7328 0.6738
vn -0.2562 0.4387 0.8614
vn 0.3946 0.7408 0.5436
vn 0.1687 0.7022 0.6917
vn 0.1697 0.8065 0.5663
vn 0.5408 0.4884 0.6848
vn 0.5151 0.6518 0.5566
vn 0.6877 0.4079 0.6005
vn 0.7093 0.5239 0.4716
vn 0.6397 0.6361 0.4315
vn -0.4053 -0.6500 0.6428
vn -0.3442 -0.9387 -0.0186
vn -0.2999 -0.7825 -0.5457
vn -0.4342 -0.6765 -0.5948
vn -0.6852 -0.6325 0.3612
vn -0.1487 -0.6829 -0.7152
vn -0.7171 -0.3666 -0.5928
vn -0.9208 -0.3848 -0.0634
vn -0.8938 -0.3639 0.2622
vn -0.6609 -0.5281 -0.5331
vn -0.9528 -0.2454 -0.1787
vn -0.9669 -0.1428 0.2115
vn -0.6973 -0.4580 -0.5514
vn -0.7418 -0.2456 0.6240
vn -0.9956 -0.0354 -0.0871
vn -0.8505 -0.1269 -0.5104
vn -0.8946 0.1206 -0.4303
vn -0.4588 -0.0392 -0.8877
vn -0.3739 -0.4106 -0.8316
vn -0.7098 0.5155 -0.4800
vn -0.8840 0.4613 -0.0755
vn -0.9898 0.0929 0.1079
vn -0.8798 0.3331 0.3389
vn -0.7911 0.5808 0.1921
vn -0.8326 0.1873 0.5212
vn -0.5514 0.5869 0.5928
vn -0.4932 -0.1346 0.8595
vn -0.6893 -0.1241 0.7138
vn -0.6189 -0.2882 0.7307
vn -0.3943 0.1321 0.9094
vn -0.1999 -0.4503 0.8702
vn -0.0639 0.3305 0.9416
vn -0.2629 0.4050 0.8757
vn -0.4185 0.4144 0.8081
vn -0.5646 0.2182 0.7960
vn -0.6702 0.1446 0.7280
vn -0.6006 0.1233 0.7900
vn -0.5840 -0.3635 0.7258
vn -0.3135 -0.2292 0.9215
vn -0.2981 -0.8517 0.4310
vn -0.2975 -0.0953 0.9499
vn -0.2529 -0.8994 0.3564
vn -0.4065 -0.0455 0.9125
vn -0.6013 -0.1636 0.7821
vn -0.2217 0.8610 0.4578
vn -0.1023 0.9887 0.1094
vn -0.2579 0.5273 0.8096
vn -0.3909 0.8671 -0.3087
vn -0.2301 0.6667 -0.7090
vn -0.3687 0.3117 -0.8757
vn -0.2756 -0.7257 -0.6305
vn -0.4934 0.8605 0.1271
vn -0.6939 -0.0767 0.7160
vn -0.6004 -0.1393 0.7874
vn -0.5452 -0.1079 0.8313
vn -0.3381 -0.1349 0.9314
vn -0.2435 -0.1104 0.9636
vn -0.1275 -0.1214 0.9844
vn -0.1347 -0.1154 0.9841
vn -0.1726 0.9427 -0.2854
vn -0.2101 0.9592 0.1895
vn -0.3272 0.9068 -0.2658
vn -0.1645 0.6134 -0.7725
vn -0.1248 0.6213 -0.7736
vn -0.0809 0.6630 -0.7442
vn 0.0054 -0.0659 -0.9978
vn -0.1851 0.2102 -0.9600
vn -0.5124 0.1754 -0.8406
vn -0.3905 -0.1914 -0.9005
vn 0.0791 -0.2963 -0.9518
vn -0.1319 -0.3888 -0.9118
vn -0.4034 -0.4680 -0.7863
vn 0.1355 -0.4505 -0.8824
vn -0.6056 -0.4846 -0.6312
vn -0.0266 -0.4342 -0.9004
vn -0.6850 -0.2109 -0.6974
vn -0.9167 -0.2963 -0.2681
vn -0.5908 -0.5144 -0.6216
vn -0.9461 -0.2457 -0.2112
vn -0.8034 0.1800 -0.5676
vn -0.0556 0.3273 -0.9433
vn -0.9427 0.2438 -0.2278
vn -0.8447 0.2851 -0.4529
vn -0.6615 0.1686 -0.7308
vn -0.9649 0.0515 -0.2576
vn -0.8620 0.0418 -0.5052
vn -0.2975 0.2201 -0.9290
vn -0.5408 -0.2353 -0.8075
vn 0.1108 0.0105 -0.9938
vn -0.2524 -0.1759 -0.9515
vn -0.7502 -0.0606 -0.6584
vn 0.1191 -0.5289 -0.8403
vn -0.9133 0.0151 -0.4071
vn -0.6282 -0.0860 -0.7733
vn -0.3205 -0.2403 -0.9163
vn 0.4004 -0.4009 -0.8240
vn 0.8662 -0.1728 -0.4688
vn 0.9887 -0.1460 -0.0353
vn 0.6276 -0.6030 -0.4925
vn 0.5731 -0.2866 -0.7677
vn -0.3186 -0.1410 -0.9373
vn -0.5449 -0.1242 -0.8293
vn 0.4216 -0.4598 -0.7815
vn -0.9240 -0.0854 -0.3727
vn -0.7344 -0.3332 -0.5913
vn -0.3876 -0.4022 -0.8295
vn 0.1888 -0.4463 -0.8748
vn -0.8337 -0.5328 -0.1452
vn -0.3639 -0.4899 -0.7922
vn 0.7755 -0.6228 0.1037
vn -0.1748 -0.9250 -0.3374
vn -0.7882 -0.4559 0.4133
vn -0.2494 -0.7122 0.6562
vn -0.0926 -0.0787 0.9926
vn -0.6402 -0.7475 0.1769
vn -0.6761 -0.2645 0.6878
vn -0.9457 -0.2821 0.1613
vn -0.9899 -0.1279 -0.0618
vn -0.5357 -0.5080 -0.6745
vn -0.1117 -0.3582 -0.9269
vn -0.9953 -0.0604 0.0761
vn -0.9943 -0.0151 0.1056
vn -0.9319 0.0717 0.3555
vn -0.8082 0.2156 0.5480
vn -0.9486 0.1465 0.2807
vn -0.9360 -0.2680 0.2284
vn -0.5782 0.2352 0.7813
vn -0.2880 0.6042 0.7429
vn -0.2005 0.3948 0.8966
vn 0.4796 0.4415 0.7583
vn 0.8952 0.3501 0.2757
vn 0.9855 0.1689 -0.0145
vn 0.6064 0.5303 0.5925
vn 0.9422 -0.2912 -0.1657
vn -0.3186 0.5113 0.7982
vn 0.5553 0.5957 0.5803
vn 0.7991 -0.2651 -0.5397
vn -0.4631 0.2196 0.8587
vn 0.7271 0.5219 0.4460
vn -0.7276 0.1417 0.6712
vn -0.0338 0.8607 0.5080
vn -0.9220 -0.3833 -0.0542
vn -0.5480 -0.0315 0.8359
vn -0.5107 -0.8593 0.0272
vn -0.1567 -0.1067 0.9819
vn -0.8330 -0.0056 0.5533
vn -0.5474 -0.1307 0.8266
vn 0.1127 -0.0043 0.9936
vn -0.8144 -0.5368 -0.2205
vn -0.3890 -0.1420 0.9102
vn 0.3422 -0.7786 0.5261
vn -0.3903 -0.5931 0.7042
vn 0.2542 -0.6820 -0.6858
vn -0.4450 -0.8643 -0.2342
vn 0.1611 -0.2498 -0.9548
vn -0.8332 -0.4252 -0.3535
vn -0.8664 -0.2891 0.4071
vn 0.2403 -0.9699 -0.0383
vn -0.4646 -0.8609 -0.2075
vn -0.7928 -0.0894 0.6029
vn -0.8909 -0.0585 0.4505
vn -0.9714 -0.2367 0.0179
vn 0.1743 -0.0590 0.9829
vn -0.7042 -0.2286 0.6723
vn -0.8153 -0.2260 0.5332
vn -0.8473 -0.4055 0.3429
vn -0.3019 -0.6204 0.7238
vn -0.7658 -0.3920 -0.5098
vn -0.6875 -0.5169 -0.5101
vn -0.6633 -0.7188 0.2083
vn 0.8294 -0.5502 -0.0969
vn 0.1009 0.0977 -0.9901
vn -0.4969 -0.8507 -0.1715
vn 0.5876 -0.6108 -0.5307
vn 0.9847 0.0191 -0.1733
vn 0.9664 -0.1405 -0.2154
vn 0.9713 -0.0369 0.2349
vn -0.4129 0.3140 0.8549
vn -0.9568 -0.1135 -0.2678
vn -0.4252 -0.3785 -0.8221
vn -0.9372 0.1348 0.3216
vn 0.4067 0.2148 0.8879
vn 0.9203 -0.1315 0.3685
vn 0.9247 -0.1245 0.3598
vn 0.6120 0.2342 0.7553
vn 0.3367 0.3554 0.8720
vn 0.9855 -0.0981 0.1384
vn 0.9450 -0.1697 -0.2797
vn 0.8656 -0.0655 -0.4963
vn 0.5076 -0.0640 0.8592
vn 0.9961 -0.0422 -0.0772
vn 0.8952 -0.2085 0.3939
vn 0.9760 -0.1803 0.1220
vn 0.9615 -0.0537 -0.2696
vn 0.3757 -0.2262 0.8987
vn 0.8456 -0.1490 0.5125
vn 0.9949 -0.0965 0.0297
vn 0.1498 -0.5072 0.8487
vn -0.3309 -0.3164 0.8891
vn -0.6984 -0.7134 -0.0565
vn -0.1625 -0.5768 0.8006
vn 0.1131 -0.1514 0.9820
vn -0.0898 -0.3905 0.9162
vn -0.5798 -0.1706 0.7967
vn -0.3052 -0.3815 0.8725
vn -0.3097 -0.0843 0.9471
vn -0.4697 0.4374 0.7668
vn -0.2232 0.3968 0.8904
vn -0.8555 0.1509 0.4953
vn -0.6845 0.4861 0.5433
vn -0.0406 0.7444 0.6665
vn 0.0179 0.8370 0.5469
vn -0.1350 0.7747 0.6178
vn -0.1500 0.8878 0.4351
vn -0.4398 0.7820 0.4416
vn -0.1414 0.6989 -0.7011
vn 0.0254 0.5343 -0.8449
vn 0.1449 0.6963 -0.7030
vn -0.4612 0.8800 0.1137
vn -0.0221 0.3929 -0.9193
vn -0.3730 0.0218 -0.9276
vn -0.1437 0.2527 -0.9568
vn -0.2764 0.8809 -0.3842
vn -0.2463 0.0307 -0.9687
vn -0.7987 -0.3052 -0.5186
vn -0.0736 -0.0466 -0.9962
vn 0.0625 -0.0335 -0.9975
vn 0.2335 -0.2085 -0.9497
vn -0.2526 -0.0658 -0.9653
vn -0.5507 0.3334 -0.7652
vn 0.8818 -0.2266 -0.4136
vn -0.1946 -0.0013 -0.9809
vn 0.3513 -0.0372 -0.9355
vn 0.7935 -0.2121 -0.5703
vn 0.4248 -0.1710 -0.8890
vn -0.1773 0.0413 -0.9833
vn -0.6991 -0.0328 -0.7142
vn -0.6454 0.1787 -0.7426
vn -0.8474 0.0980 -0.5218
vn -0.9794 0.1595 -0.1241
vn -0.6485 0.6272 -0.4314
vn -0.9891 0.1400 -0.0466
vn -0.8898 0.4487 0.0833
vn -0.9829 0.0074 0.1839
vn -0.9211 0.0107 0.3891
vn -0.9297 -0.0509 0.3647
vn -0.6874 -0.1902 0.7009
vn -0.7046 0.0428 0.7083
vn 0.1324 0.1704 0.9764
vn -0.4616 0.1863 0.8673
vn -0.9119 0.1440 0.3843
vn -0.4376 0.4124 0.7990
vn -0.8850 0.2937 0.3613
vn 0.0570 0.3497 0.9351
vn -0.6548 0.2977 0.6947
vn -0.9603 0.2123 0.1813
vn -0.9774 -0.0244 -0.2101
vn -0.6540 -0.2700 -0.7067
vn 0.3975 -0.4113 -0.8202
vn 0.8318 -0.3885 -0.3964
vn 0.8953 -0.0171 -0.4451
vn 0.4423 -0.4530 -0.7741
vn 0.7943 -0.4572 -0.4002
vn 0.0352 -0.4615 -0.8865
vn 0.8102 -0.2446 -0.5328
vn 0.2810 -0.3971 -0.8737
vn 0.5107 -0.0168 -0.8596
vn -0.6736 -0.0666 -0.7361
vn -0.0166 0.0021 -0.9999
vn -0.9862 0.1392 -0.0891
vn -0.9726 0.2184 -0.0801
vn -0.7205 0.1950 -0.6654
vn 0.5951 -0.0308 -0.8031
vn -0.9767 0.1887 -0.1023
vn 0.8878 -0.4042 0.2203
vn 0.9979 -0.0510 0.0389
vn 0.9137 -0.1276 0.3859
vn 0.9620 0.2688 0.0478
vn 0.7832 -0.1534 0.6025
vn 0.5578 0.1680 0.8128
vn 0.8677 0.0683 0.4923
vn 0.6178 0.0240 0.7860
vn -0.2449 0.0629 0.9675
vn -0.2573 0.2588 0.9310
vn -0.8254 -0.0124 0.5644
vn -0.6846 -0.0751 0.7250
vn 0.9600 -0.2769 0.0423
vn 0.8952 -0.1041 0.4333
vn 0.4919 -0.2340 0.8386
vn 0.9783 0.1573 0.1350
vn 0.8159 -0.2484 0.5221
vn 0.8596 -0.1484 0.4889
vn 0.9718 0.1931 0.1354
vn 0.4918 -0.2833 0.8233
vn 0.8580 -0.1078 0.5022
vn 0.9960 -0.0694 -0.0563
vn -0.0525 -0.2954 0.9539
vn 0.5424 -0.2193 0.8110
vn 0.8471 -0.1843 0.4985
vn 0.9999 -0.0045 -0.0109
vn 0.9340 -0.0936 0.3447
vn 0.5699 -0.1279 0.8117
vn 0.9592 -0.0205 0.2821
vn 0.5497 0.0494 0.8339
vn -0.0592 -0.0111 0.9982
vn -0.0325 -0.1793 0.9833
vn -0.6087 -0.0521 0.7917
vn -0.1035 -0.1177 -0.9876
vn 0.8795 -0.1313 -0.4574
vn 0.5526 -0.1579 -0.8184
vn 0.9520 -0.0455 -0.3027
vn -0.0200 -0.1549 -0.9877
vn -0.6077 -0.1288 -0.7837
vn -0.8746 -0.1059 -0.4731
vn -0.5590 0.0953 -0.8237
vn -0.0405 0.1496 -0.9879
vn 0.5425 0.0530 -0.8384
vn 0.8651 0.2070 -0.4569
vn 0.4533 0.3524 -0.8188
vn -0.3107 0.4469 -0.8389
vn 0.8548 -0.0560 -0.5159
vn 0.4798 0.1551 -0.8636
vn -0.1627 0.4878 -0.8577
vn 0.8444 -0.0104 -0.5357
vn 0.2606 -0.0992 -0.9603
vn -0.1838 0.2562 -0.9490
vn 0.3991 0.0406 -0.9160
vn 0.1546 -0.0038 -0.9880
vn -0.3917 -0.0354 -0.9194
vn -0.8026 0.2197 -0.5546
vn -0.8220 -0.0800 -0.5638
vn -0.9885 -0.1438 -0.0476
vn -0.9979 0.0595 -0.0261
vn -0.4518 -0.1830 -0.8732
vn -0.8637 -0.1906 -0.4665
vn -0.0310 0.0096 -0.9995
vn 0.6986 -0.1236 -0.7047
vn 0.7247 -0.1774 -0.6658
vn 0.5407 0.0559 -0.8393
vn 0.0648 0.0918 -0.9937
vn -0.4484 0.0381 -0.8930
vn -0.4111 -0.0359 -0.9109
vn -0.7972 -0.0395 -0.6024
vn -0.9839 -0.1758 -0.0327
vn -0.9958 -0.0585 -0.0706
vn -0.9949 -0.1004 -0.0086
vn -0.9526 -0.2540 -0.1673
vn -0.9462 -0.2058 0.2498
vn -0.9121 -0.0707 0.4039
vn -0.9076 -0.1815 0.3786
vn -0.0806 -0.1242 0.9890
vn -0.0922 -0.2610 0.9609
vn -0.5685 -0.2330 0.7890
vn -0.8913 -0.1275 0.4352
vn -0.6199 -0.1938 0.7604
vn -0.8565 0.3064 -0.4154
vn -0.9963 0.0221 0.0829
vn -0.9092 0.0647 -0.4113
vn -0.9001 -0.0852 0.4273
vn -0.9922 -0.1075 -0.0633
vn -0.9978 -0.0409 -0.0530
vn -0.9121 -0.0389 0.4081
vn -0.6343 -0.1756 0.7529
vn -0.0489 -0.2860 0.9570
vn 0.8346 -0.2144 -0.5074
vn 0.9265 0.0875 -0.3661
vn 0.9446 -0.2592 -0.2016
vn 0.8777 -0.3908 -0.2774
vn 0.8578 -0.5012 0.1138
vn 0.8174 -0.5662 -0.1057
vn 0.5779 -0.6539 0.4884
vn -0.1157 -0.8990 -0.4224
vn 0.3178 -0.6111 -0.7250
vn 0.5478 -0.7473 -0.3760
vn 0.2372 -0.3179 0.9180
vn -0.4675 -0.8554 -0.2230
vn 0.8234 0.0761 0.5623
vn 0.8903 -0.4034 -0.2113
vn 0.9823 0.1860 0.0198
vn 0.9454 0.3215 0.0525
vn 0.5663 -0.0105 -0.8241
vn 0.9924 0.1130 -0.0479
vn 0.9331 -0.3538 0.0648
vn 0.9588 0.2274 0.1704
vn 0.8817 -0.4593 -0.1083
vn 0.9354 -0.3070 0.1754
vn 0.6096 -0.0114 -0.7927
vn 0.8753 0.0264 0.4828
vn 0.8376 0.1548 -0.5239
vn 0.7859 -0.4455 -0.4288
vn 0.8860 -0.3365 0.3190
vn 0.0349 -0.3130 0.9491
vn 0.7541 -0.0771 0.6522
vn 0.8210 -0.1020 0.5618
vn 0.1903 0.0910 0.9775
vn -0.7047 0.1441 0.6948
vn -0.2228 0.2155 0.9507
vn -0.9599 0.1015 0.2614
vn -0.9771 0.1794 -0.1142
vn -0.9263 0.3252 0.1903
vn -0.7500 0.2522 0.6115
vn -0.3398 0.2082 0.9172
vn -0.0328 0.2319 0.9722
vn -0.3354 -0.1639 0.9277
vn -0.3639 0.0262 0.9311
vn -0.2385 0.0539 0.9697
vn -0.2823 -0.0190 0.9591
vn -0.0654 0.0162 0.9977
vn -0.0683 -0.1255 0.9897
vn -0.0574 -0.0693 0.9959
vn -0.0602 0.3043 0.9507
vn -0.5226 -0.0537 0.8509
vn -0.4009 0.0788 0.9127
vn -0.3892 -0.1621 0.9068
vn -0.7354 -0.1385 0.6633
vn -0.7026 -0.0828 0.7067
vn -0.3439 -0.0328 0.9384
vn -0.6164 -0.0464 0.7861
vn -0.7432 -0.1140 0.6593
vn -0.5784 0.0547 0.8140
vn -0.5191 0.0193 0.8545
vn -0.2749 -0.0143 0.9614
vn -0.7671 0.0506 0.6395
vn -0.4923 0.1145 0.8629
vn -0.5823 0.0181 0.8127
vn -0.8757 0.1529 0.4581
vn -0.9612 0.0111 0.2758
vn -0.2621 0.0811 0.9616
vn -0.9460 0.3203 -0.0499
vn -0.9915 0.0836 0.1001
vn -0.9893 0.0102 -0.1456
vn -0.8719 -0.0196 0.4893
vn -0.9893 -0.0702 0.1280
vn -0.9889 -0.1338 -0.0640
vn -0.9836 -0.1649 0.0728
vn -0.9831 -0.1708 0.0663
vn -0.9648 -0.2488 -0.0851
vn -0.9983 -0.0514 0.0277
vn -0.9436 -0.1222 0.3077
vn -0.9884 -0.0143 -0.1514
vn -0.9617 -0.2033 0.1840
vn -0.8995 -0.3293 0.2873
vn -0.9038 -0.1297 0.4079
vn -0.8597 -0.1322 0.4934
vn -0.7469 -0.0743 0.6607
vn -0.4221 0.2489 0.8717
vn -0.4498 0.3073 0.8386
vn -0.3135 0.4865 0.8155
vn -0.2607 0.5547 0.7901
vn -0.0096 0.5301 0.8479
vn -0.0517 0.7265 0.6852
vn -0.1908 0.8219 0.5368
vn -0.7674 0.0246 0.6407
vn 0.6700 -0.5187 -0.5311
vn 0.8822 -0.4132 -0.2259
vn 0.9772 -0.2062 0.0507
vn 0.9664 0.1791 -0.1842
vn 0.8914 0.2818 -0.3551
vn 0.9918 0.0551 -0.1155
vn 0.6303 0.3124 0.7108
vn 0.5601 0.2563 0.7878
vn 0.7323 0.0778 -0.6765
vn 0.8195 0.3096 0.4823
vn 0.1512 -0.1374 0.9789
vn 0.8421 0.1927 -0.5037
vn 0.8717 0.1327 0.4717
vn 0.3887 -0.4950 -0.7771
vn -0.3183 -0.5522 0.7705
vn -0.9638 0.0016 0.2665
vn -0.9479 -0.2941 -0.1228
vn -0.8666 -0.4840 0.1216
vn -0.5510 -0.2324 0.8015
vn -0.6472 -0.6180 -0.4464
vn -0.6920 -0.2023 0.6930
vn -0.6538 -0.6770 0.3380
vn -0.3223 -0.7601 -0.5643
vn 0.1001 0.4428 -0.8910
vn -0.0044 0.1226 -0.9924
vn -0.5383 -0.2261 -0.8119
vn -0.2030 -0.2033 -0.9578
vn -0.7615 -0.3545 -0.5426
vn -0.2755 -0.4746 -0.8360
vn 0.0592 -0.0133 -0.9982
vn 0.1116 -0.3052 -0.9457
vn 0.8287 0.1366 0.5427
vn -0.0517 0.0322 0.9981
vn -0.9129 -0.3857 -0.1334
vn -0.8290 -0.2877 0.4795
vn -0.9501 0.3110 0.0253
vn 0.3087 -0.9203 -0.2405
vn 0.3847 -0.9152 -0.1204
vn 0.8454 -0.5277 -0.0826
vn -0.9651 -0.0560 -0.2557
vn -0.5817 -0.8049 -0.1176
vn -0.7069 -0.4624 -0.5353
vn 0.2784 0.1368 -0.9507
vn 0.7843 0.0733 -0.6161
vn 0.3352 -0.4927 -0.8030
vn -0.1477 -0.9419 -0.3018
vn -0.2716 -0.3262 -0.9054
vn 0.3134 -0.7125 0.6279
vn -0.3317 -0.7531 0.5681
vn 0.0428 0.9432 0.3294
vn -0.2659 0.8058 0.5292
vn 0.4041 0.7486 0.5257
vn -0.9696 0.2030 -0.1367
vn 0.9814 -0.1737 -0.0818
vn 0.9580 -0.2196 -0.1842
vn -0.0777 0.1861 -0.9795
vn -0.6450 0.1918 -0.7397
vn -0.4444 0.7663 -0.4641
vn 0.6879 0.1542 -0.7093
vn -0.9005 0.4277 0.0787
vn 0.3267 0.5353 0.7789
vn 1.0000 -0.0027 0.0034
vn 0.7900 0.5802 0.1984
vn -0.8255 0.5321 -0.1883
vn -0.5771 0.7258 0.3745
vn -0.6057 0.4767 0.6371
vn -0.8090 0.5842 -0.0647
vn -0.6284 0.7609 0.1614
vn -0.7920 0.5284 0.3059
vn 0.8209 0.5598 -0.1130
vn 0.7072 0.6940 0.1351
vn 0.9913 0.1309 -0.0115
vn 0.1322 0.9143 0.3830
vn -0.1766 0.9341 0.3102
vn -0.4466 0.4780 0.7563
vn 0.0148 0.5909 0.8066
vn -0.7956 0.5785 0.1797
vn 0.6342 0.6667 0.3916
vn -0.6413 -0.6648 0.3831
vn -0.2277 -0.7737 0.5913
vn -0.5417 -0.2513 0.8021
vn -0.0509 -0.3139 0.9481
vn -0.0103 -0.9999 0.0054
vn 0.4693 -0.6823 0.5606
vn 0.5382 0.3181 0.7805
vn -0.0840 0.9855 0.1471
vn 0.9367 -0.2313 0.2630
vn -0.8332 0.3566 0.4226
vn -0.8064 -0.5884 0.0590
vn 0.6628 -0.7484 0.0225
vn 0.2565 -0.4201 -0.8705
vn 0.1759 0.0780 -0.9813
vn 0.1511 0.0818 -0.9851
vn 0.1729 0.2400 -0.9553
vn 0.2500 0.1500 -0.9566
vn 0.2645 0.2521 -0.9308
vn 0.3241 0.0284 -0.9456
vn -0.6569 0.7501 -0.0763
vn -0.8134 0.5679 -0.1260
vn -0.7290 -0.6845 -0.0090
vn 0.7043 0.7075 -0.0573
vn 0.6526 0.7425 -0.1514
vn 0.0110 0.9996 0.0263
vn 0.1359 -0.9907 0.0082
vn 0.2210 -0.9753 -0.0045
vn 0.8662 -0.4989 0.0277
vn -0.0342 0.9994 0.0076
vn 0.8039 -0.5919 -0.0583
vn -0.4618 0.8398 0.2854
vn 0.6894 0.7237 -0.0325
vn 0.2287 0.9723 0.0487
vn 0.1478 -0.0408 -0.9882
vn 0.6247 0.0399 -0.7798
vn 0.9828 0.0408 -0.1800
vn -0.2692 0.0230 -0.9628
vn -0.5185 -0.0783 0.8515
vn -0.7445 -0.0081 0.6675
vn -0.9852 -0.0379 0.1670
vn 1.0000 -0.0024 -0.0046
vn 0.9833 0.0948 0.1553
vn -0.1694 -0.0242 0.9852
vn 0.9349 0.0893 0.3434
vn 0.4661 -0.0007 0.8847
vn -0.9314 -0.0761 -0.3560
vn -0.9897 0.0148 -0.1423
vn -0.2436 -0.0285 0.9695
vn -0.2570 -0.1341 0.9571
vn 0.6953 -0.1832 0.6950
vn -0.8393 0.5396 0.0668
vn -0.7727 0.6165 0.1511
vn 0.3574 0.9335 0.0308
vn 0.8284 0.5471 -0.1201
vn 0.9992 -0.0011 0.0394
vn 0.4816 -0.8750 -0.0495
vn -0.6926 -0.7210 0.0193
vn -0.3303 0.4782 0.8138
vn 0.6483 0.1829 -0.7391
vn -0.5960 -0.6812 -0.4253
vn -0.3847 -0.9152 -0.1204
vn 0.5817 -0.8049 -0.1176
vn 0.1766 0.9341 0.3102
vn 0.0840 0.9855 0.1471
vn -0.1729 0.2400 -0.9553
vn 0.8134 0.5679 -0.1260
vn 0.0342 0.9994 0.0076
vn -0.2050 0.9769 0.0603
vn 0.2677 0.0209 -0.9633
vn 0.1690 -0.0246 0.9853
vn -0.6263 0.0418 -0.7785
vn 0.7426 -0.0055 0.6697
vn 0.2436 -0.0285 0.9695
vn 0.4606 -0.8873 0.0240
vn 0.9751 -0.0519 -0.2156
vn 0.5960 -0.6812 -0.4253
vn 0.3974 0.8018 -0.4464
vn 0.6882 0.7000 0.1907
vn 0.1910 0.1600 -0.9685
vn 0.1890 0.0932 -0.9775
vn 0.2873 0.1989 -0.9370
vn 0.2602 0.2448 -0.9340
vn -0.0513 -0.9986 0.0160
vn -0.7081 -0.7061 -0.0109
vn -0.1216 0.9660 -0.2280
vn -0.3385 0.9405 0.0308
vn -0.8439 -0.0019 -0.5365
vn 0.5310 0.0533 0.8457
vn -0.1734 -0.2946 0.9398
vn -0.2426 -0.0511 0.9688
vn -0.4606 -0.8873 0.0240
vn 0.1351 -0.9899 -0.0424
vn 0.5049 -0.8626 0.0308
vt 0.948524 0.610058
vt 0.931307 0.603736
vt 0.933914 0.592834
vt 0.936921 0.618413
vt 0.231338 0.435915
vt 0.223642 0.440074
vt 0.222615 0.436038
vt 0.231036 0.438388
vt 0.245898 0.419095
vt 0.246518 0.441348
vt 0.261407 0.422786
vt 0.257053 0.447307
vt 0.266739 0.452950
vt 0.261957 0.452587
vt 0.266725 0.455656
vt 0.001508 0.016113
vt 0.002981 0.005372
vt 0.005009 0.005128
vt 0.040724 0.004736
vt 0.002062 0.028723
vt 0.004815 0.031233
vt 0.029653 0.018141
vt 0.002798 0.042129
vt 0.002872 0.047300
vt 0.003702 0.054015
vt 0.001697 0.053687
vt 0.011367 0.054231
vt 0.025026 0.039184
vt 0.026986 0.056022
vt 0.045250 0.047050
vt 0.045923 0.032293
vt 0.047847 0.061951
vt 0.050100 0.019100
vt 0.272937 0.410670
vt 0.261155 0.401001
vt 0.866810 0.817259
vt 0.851776 0.835839
vt 0.829087 0.848946
vt 0.224917 0.414360
vt 0.215279 0.422268
vt 0.223512 0.401945
vt 0.810254 0.017562
vt 0.851825 0.039153
vt 0.782433 0.039027
vt 0.784530 0.030923
vt 0.850970 0.031303
vt 0.802569 0.009486
vt 0.844295 0.016753
vt 0.808530 0.004267
vt 0.815596 0.001688
vt 0.832303 0.006212
vt 0.278013 0.086493
vt 0.285060 0.066380
vt 0.292890 0.097160
vt 0.307449 0.084285
vt 0.364068 0.075288
vt 0.290969 0.069571
vt 0.345555 0.046687
vt 0.407998 0.147914
vt 0.308651 0.103715
vt 0.453207 0.199693
vt 0.422165 0.186390
vt 0.388893 0.182891
vt 0.358287 0.190826
vt 0.447163 0.211691
vt 0.978350 0.406843
vt 0.995902 0.403339
vt 0.995663 0.407663
vt 0.404836 0.245905
vt 0.351225 0.242339
vt 0.965466 0.390516
vt 0.315883 0.216186
vt 0.399859 0.303694
vt 0.995073 0.385438
vt 0.961308 0.373688
vt 0.990980 0.365551
vt 0.957726 0.358869
vt 0.937893 0.374192
vt 0.946285 0.396646
vt 0.949939 0.344794
vt 0.962911 0.336792
vt 0.992959 0.341146
vt 0.992390 0.316478
vt 0.331966 0.328159
vt 0.977684 0.319416
vt 0.285275 0.311919
vt 0.281403 0.372660
vt 0.988190 0.302123
vt 0.240098 0.366647
vt 0.257927 0.261234
vt 0.285874 0.262763
vt 0.298124 0.253227
vt 0.288349 0.216325
vt 0.281026 0.245409
vt 0.280729 0.234398
vt 0.273475 0.221893
vt 0.264761 0.216117
vt 0.260022 0.195587
vt 0.249548 0.218174
vt 0.229858 0.207026
vt 0.243922 0.223099
vt 0.225459 0.222424
vt 0.252599 0.232988
vt 0.230052 0.252870
vt 0.267347 0.241854
vt 0.203083 0.225221
vt 0.243317 0.169508
vt 0.232185 0.171342
vt 0.282204 0.164828
vt 0.956191 0.604536
vt 0.940430 0.581238
vt 0.984150 0.571695
vt 0.957467 0.569686
vt 0.990363 0.579926
vt 0.181639 0.394973
vt 0.148562 0.392110
vt 0.157424 0.323210
vt 0.971190 0.275331
vt 0.979607 0.283673
vt 0.951495 0.304326
vt 0.929625 0.311778
vt 0.189938 0.333797
vt 0.943670 0.327458
vt 0.929455 0.340504
vt 0.916870 0.337691
vt 0.931020 0.359412
vt 0.916407 0.371117
vt 0.937019 0.413053
vt 0.947753 0.410829
vt 0.970425 0.419395
vt 0.960534 0.433672
vt 0.965618 0.311977
vt 0.146168 0.317127
vt 0.563584 0.001599
vt 0.571192 0.001754
vt 0.563280 0.020579
vt 0.579696 0.020160
vt 0.580642 0.001860
vt 0.588538 0.001579
vt 0.588162 0.020831
vt 0.041044 0.870937
vt 0.035512 0.900946
vt 0.026342 0.867366
vt 0.067364 0.889478
vt 0.071013 0.910306
vt 0.051326 0.933044
vt 0.303910 0.929943
vt 0.316685 0.949861
vt 0.294380 0.950483
vt 0.331028 0.930574
vt 0.780102 0.060523
vt 0.781706 0.041856
vt 0.802232 0.043201
vt 0.338384 0.895528
vt 0.291686 0.898204
vt 0.263654 0.930117
vt 0.237763 0.910979
vt 0.239230 0.949372
vt 0.246028 0.891921
vt 0.213313 0.930676
vt 0.256848 0.863743
vt 0.191547 0.906021
vt 0.284042 0.876058
vt 0.281536 0.860150
vt 0.220763 0.869016
vt 0.241420 0.842381
vt 0.344763 0.875005
vt 0.839914 0.045320
vt 0.800267 0.067963
vt 0.889998 0.046899
vt 0.863911 0.071790
vt 0.859745 0.045377
vt 0.843096 0.091831
vt 0.893643 0.112525
vt 0.867678 0.106107
vt 0.820501 0.091071
vt 0.844380 0.124355
vt 0.797593 0.103915
vt 0.818598 0.115687
vt 0.873157 0.142586
vt 0.810956 0.133267
vt 0.654874 0.265197
vt 0.679276 0.264567
vt 0.678427 0.308891
vt 0.652857 0.321761
vt 0.847624 0.153352
vt 0.629465 0.264823
vt 0.817711 0.159607
vt 0.576221 0.277106
vt 0.553087 0.294058
vt 0.544610 0.274292
vt 0.802741 0.184084
vt 0.790872 0.158974
vt 0.775162 0.204566
vt 0.772939 0.174755
vt 0.779436 0.132010
vt 0.778899 0.109398
vt 0.957311 0.281410
vt 0.948474 0.281251
vt 0.946418 0.264139
vt 0.946533 0.235188
vt 0.936926 0.282781
vt 0.935815 0.228404
vt 0.943391 0.216319
vt 0.951292 0.211410
vt 0.942884 0.206926
vt 0.952472 0.197324
vt 0.956153 0.189735
vt 0.954302 0.190644
vt 0.947249 0.193699
vt 0.950677 0.188673
vt 0.948902 0.187002
vt 0.922828 0.215400
vt 0.935518 0.210575
vt 0.927293 0.227539
vt 0.918729 0.229911
vt 0.907568 0.202181
vt 0.910375 0.188704
vt 0.923335 0.277563
vt 0.927088 0.290695
vt 0.911381 0.284384
vt 0.767384 0.168925
vt 0.733529 0.152496
vt 0.769113 0.149244
vt 0.911665 0.301310
vt 0.869572 0.250749
vt 0.877842 0.285589
vt 0.893365 0.304372
vt 0.749747 0.132425
vt 0.772452 0.134819
vt 0.767386 0.124009
vt 0.896396 0.319970
vt 0.893900 0.327974
vt 0.880440 0.322429
vt 0.860917 0.309541
vt 0.854751 0.317265
vt 0.867719 0.295736
vt 0.844035 0.303789
vt 0.832036 0.307998
vt 0.849435 0.296004
vt 0.834210 0.304384
vt 0.837287 0.295415
vt 0.834157 0.299536
vt 0.843828 0.290255
vt 0.865649 0.288947
vt 0.825813 0.292783
vt 0.864364 0.263067
vt 0.866074 0.256289
vt 0.839336 0.250076
vt 0.849594 0.248859
vt 0.849504 0.240190
vt 0.826394 0.234705
vt 0.817616 0.233097
vt 0.820045 0.231911
vt 0.818844 0.226897
vt 0.822209 0.227606
vt 0.823426 0.224757
vt 0.827660 0.229132
vt 0.836927 0.235275
vt 0.868335 0.238799
vt 0.873471 0.245623
vt 0.879769 0.245723
vt 0.881114 0.235728
vt 0.890648 0.234075
vt 0.860972 0.219493
vt 0.868988 0.217296
vt 0.855118 0.198963
vt 0.861230 0.204549
vt 0.850321 0.194041
vt 0.874855 0.212402
vt 0.860982 0.195029
vt 0.896063 0.228193
vt 0.891061 0.218633
vt 0.862638 0.190861
vt 0.854487 0.190917
vt 0.853301 0.188783
vt 0.754300 0.245295
vt 0.733676 0.229240
vt 0.757180 0.226532
vt 0.723108 0.242536
vt 0.750106 0.108299
vt 0.775764 0.116942
vt 0.698195 0.127800
vt 0.713626 0.169717
vt 0.763491 0.179597
vt 0.718168 0.188324
vt 0.757829 0.191596
vt 0.684703 0.146330
vt 0.682280 0.092516
vt 0.706427 0.089319
vt 0.665880 0.067389
vt 0.643201 0.073571
vt 0.650202 0.091442
vt 0.596332 0.248663
vt 0.626639 0.239024
vt 0.635105 0.253178
vt 0.582122 0.224938
vt 0.629890 0.054914
vt 0.629891 0.079147
vt 0.561901 0.234381
vt 0.597549 0.056563
vt 0.539846 0.249056
vt 0.532915 0.231706
vt 0.580077 0.031434
vt 0.579971 0.066803
vt 0.558012 0.044794
vt 0.512461 0.239587
vt 0.556166 0.018744
vt 0.475334 0.249039
vt 0.465521 0.228348
vt 0.754588 0.725206
vt 0.771882 0.738869
vt 0.758221 0.744018
vt 0.504061 0.024994
vt 0.516391 0.007915
vt 0.541270 0.057838
vt 0.505718 0.047868
vt 0.481049 0.042053
vt 0.481644 0.020446
vt 0.469115 0.025877
vt 0.566417 0.082558
vt 0.459923 0.031714
vt 0.469475 0.059400
vt 0.451418 0.054909
vt 0.829657 0.778938
vt 0.803206 0.772129
vt 0.810605 0.758817
vt 0.826769 0.794967
vt 0.846948 0.789492
vt 0.862718 0.776496
vt 0.848796 0.750902
vt 0.826337 0.741324
vt 0.072806 0.855225
vt 0.085055 0.874014
vt 0.086520 0.881909
vt 0.872305 0.743184
vt 0.879270 0.778838
vt 0.103783 0.896876
vt 0.131340 0.868895
vt 0.093852 0.857210
vt 0.055359 0.843238
vt 0.038490 0.832997
vt 0.115706 0.857035
vt 0.147705 0.855407
vt 0.441046 0.174920
vt 0.454924 0.174185
vt 0.456174 0.198409
vt 0.436428 0.158713
vt 0.461149 0.189511
vt 0.471556 0.207005
vt 0.459829 0.153889
vt 0.449396 0.140100
vt 0.426930 0.139593
vt 0.508490 0.210282
vt 0.470516 0.164138
vt 0.497848 0.191795
vt 0.535461 0.214080
vt 0.538809 0.198383
vt 0.529095 0.179719
vt 0.483865 0.143201
vt 0.524799 0.158810
vt 0.469857 0.133414
vt 0.499648 0.125167
vt 0.434571 0.117450
vt 0.480070 0.126735
vt 0.445964 0.096186
vt 0.492034 0.102048
vt 0.509260 0.102075
vt 0.486175 0.079446
vt 0.512210 0.071412
vt 0.865486 0.726714
vt 0.062767 0.828701
vt 0.044336 0.816262
vt 0.567020 0.101505
vt 0.628843 0.100987
vt 0.610249 0.116138
vt 0.578644 0.125894
vt 0.633779 0.120921
vt 0.619652 0.138315
vt 0.650268 0.108676
vt 0.653365 0.128685
vt 0.639280 0.144133
vt 0.660828 0.164604
vt 0.657216 0.179594
vt 0.719047 0.200440
vt 0.754121 0.200523
vt 0.711198 0.218180
vt 0.755871 0.217101
vt 0.639037 0.207221
vt 0.639624 0.225280
vt 0.680310 0.248918
vt 0.652255 0.195575
vt 0.603580 0.222808
vt 0.605437 0.208114
vt 0.590083 0.208870
vt 0.606505 0.179806
vt 0.580617 0.192626
vt 0.617263 0.160247
vt 0.589861 0.154957
vt 0.575717 0.173799
vt 0.574651 0.207395
vt 0.540922 0.140725
vt 0.753142 0.252094
vt 0.753102 0.259538
vt 0.741799 0.247642
vt 0.740749 0.262951
vt 0.763810 0.258209
vt 0.775040 0.259808
vt 0.756171 0.291921
vt 0.769585 0.301996
vt 0.785049 0.260696
vt 0.784281 0.272284
vt 0.803689 0.258313
vt 0.795443 0.295165
vt 0.740625 0.327229
vt 0.753035 0.333564
vt 0.761496 0.375462
vt 0.709772 0.415052
vt 0.742378 0.381927
vt 0.733459 0.427367
vt 0.708539 0.459849
vt 0.754234 0.457126
vt 0.732431 0.471254
vt 0.708991 0.506211
vt 0.768302 0.475320
vt 0.747752 0.525373
vt 0.724279 0.543294
vt 0.692627 0.574636
vt 0.695391 0.641711
vt 0.727825 0.637413
vt 0.554321 0.370527
vt 0.522128 0.339837
vt 0.517752 0.306714
vt 0.726213 0.683248
vt 0.687765 0.674501
vt 0.756090 0.668449
vt 0.757032 0.592880
vt 0.782097 0.655066
vt 0.628213 0.322618
vt 0.600532 0.263495
vt 0.579006 0.329244
vt 0.605255 0.376061
vt 0.589359 0.456862
vt 0.628569 0.394570
vt 0.651535 0.377382
vt 0.675066 0.377437
vt 0.655301 0.447863
vt 0.633247 0.454660
vt 0.610292 0.455260
vt 0.569930 0.463540
vt 0.578772 0.508159
vt 0.602766 0.530226
vt 0.583123 0.552023
vt 0.616461 0.499396
vt 0.650901 0.492623
vt 0.604125 0.562649
vt 0.621760 0.552069
vt 0.647963 0.511749
vt 0.613501 0.645531
vt 0.640156 0.613517
vt 0.647168 0.541902
vt 0.596041 0.643504
vt 0.627635 0.669626
vt 0.637386 0.571199
vt 0.651747 0.574625
vt 0.669587 0.531613
vt 0.667588 0.577378
vt 0.688347 0.578298
vt 0.692302 0.533123
vt 0.651872 0.617422
vt 0.663839 0.639185
vt 0.637886 0.672437
vt 0.613831 0.710351
vt 0.599168 0.710058
vt 0.603772 0.725205
vt 0.616133 0.718545
vt 0.627202 0.716226
vt 0.635277 0.714945
vt 0.642832 0.716789
vt 0.647898 0.669745
vt 0.649914 0.720300
vt 0.676671 0.650539
vt 0.670459 0.690727
vt 0.669054 0.714646
vt 0.663678 0.728419
vt 0.814931 0.252554
vt 0.827886 0.248672
vt 0.822934 0.264228
vt 0.821699 0.286404
vt 0.809572 0.292183
vt 0.809547 0.323594
vt 0.821631 0.326467
vt 0.780597 0.314770
vt 0.777891 0.377898
vt 0.794771 0.379868
vt 0.812178 0.427358
vt 0.837652 0.397177
vt 0.836825 0.442336
vt 0.784652 0.478002
vt 0.675730 0.482949
vt 0.818799 0.514655
vt 0.695680 0.459017
vt 0.676708 0.446289
vt 0.799491 0.520179
vt 0.698068 0.387114
vt 0.705481 0.309987
vt 0.825592 0.585789
vt 0.835509 0.662808
vt 0.809206 0.672437
vt 0.778149 0.527724
vt 0.764804 0.513882
vt 0.393476 0.406528
vt 0.400041 0.387431
vt 0.412611 0.393003
vt 0.403375 0.434642
vt 0.386724 0.383498
vt 0.373074 0.369743
vt 0.385614 0.368909
vt 0.371444 0.381776
vt 0.378789 0.398612
vt 0.350842 0.378699
vt 0.364570 0.389603
vt 0.380596 0.429055
vt 0.357058 0.405448
vt 0.341141 0.393385
vt 0.340378 0.387713
vt 0.331028 0.368150
vt 0.333380 0.376206
vt 0.324551 0.370225
vt 0.320899 0.367082
vt 0.317853 0.373171
vt 0.322966 0.375564
vt 0.329145 0.385197
vt 0.853146 0.284887
vt 0.856793 0.281684
vt 0.855463 0.267973
vt 0.332179 0.405447
vt 0.340538 0.413384
vt 0.315554 0.412143
vt 0.305336 0.408530
vt 0.298347 0.416627
vt 0.277453 0.420089
vt 0.312759 0.421767
vt 0.283650 0.421201
vt 0.282530 0.429433
vt 0.331517 0.427532
vt 0.343567 0.424697
vt 0.329328 0.447411
vt 0.321491 0.446149
vt 0.355405 0.434232
vt 0.365245 0.436285
vt 0.350541 0.449174
vt 0.335145 0.452792
vt 0.319289 0.474338
vt 0.310334 0.468262
vt 0.318529 0.465749
vt 0.306044 0.471480
vt 0.313048 0.474149
vt 0.309766 0.477420
vt 0.277387 0.427201
vt 0.527545 0.785072
vt 0.557162 0.771140
vt 0.538758 0.788355
vt 0.519728 0.279616
vt 0.502848 0.820561
vt 0.548184 0.799173
vt 0.495460 0.797686
vt 0.524924 0.819126
vt 0.713432 0.704627
vt 0.704538 0.680537
vt 0.736222 0.714386
vt 0.787353 0.713046
vt 0.511374 0.843201
vt 0.517883 0.865980
vt 0.490181 0.873797
vt 0.496100 0.895969
vt 0.812477 0.711746
vt 0.838773 0.709257
vt 0.704427 0.263246
vt 0.915911 0.098417
vt 0.474226 0.940434
vt 0.431594 0.917847
vt 0.508784 0.917826
vt 0.450100 0.899292
vt 0.453286 0.882216
vt 0.466995 0.861454
vt 0.471741 0.824086
vt 0.476759 0.839453
vt 0.456690 0.846746
vt 0.481196 0.801966
vt 0.439691 0.836777
vt 0.440896 0.812911
vt 0.647577 0.861050
vt 0.693078 0.878287
vt 0.624291 0.878008
vt 0.685164 0.858055
vt 0.703383 0.856323
vt 0.740634 0.877805
vt 0.745141 0.855306
vt 0.703433 0.834068
vt 0.729012 0.833091
vt 0.683798 0.837854
vt 0.689230 0.804340
vt 0.653799 0.824845
vt 0.623939 0.847695
vt 0.734925 0.811983
vt 0.652702 0.809058
vt 0.615555 0.818422
vt 0.597136 0.839326
vt 0.583641 0.852586
vt 0.590784 0.878095
vt 0.597601 0.800201
vt 0.419050 0.837070
vt 0.415367 0.819637
vt 0.563224 0.817562
vt 0.560358 0.842744
vt 0.580892 0.812925
vt 0.576062 0.790141
vt 0.607360 0.784248
vt 0.448809 0.865305
vt 0.429397 0.880192
vt 0.424518 0.897087
vt 0.422673 0.931673
vt 0.907005 0.061824
vt 0.567039 0.763976
vt 0.565579 0.779274
vt 0.586548 0.769496
vt 0.569568 0.752403
vt 0.592109 0.753036
vt 0.354507 0.848729
vt 0.331455 0.846323
vt 0.644297 0.789853
vt 0.648070 0.768623
vt 0.281480 0.844521
vt 0.642727 0.747104
vt 0.713360 0.730774
vt 0.666876 0.729673
vt 0.668710 0.757197
vt 0.198471 0.838969
vt 0.201593 0.813080
vt 0.723375 0.723053
vt 0.712911 0.763736
vt 0.171157 0.844619
vt 0.179335 0.798144
vt 0.169840 0.823473
vt 0.746606 0.754416
vt 0.760905 0.761611
vt 0.781391 0.753108
vt 0.690910 0.780057
vt 0.727374 0.786789
vt 0.746230 0.793341
vt 0.748633 0.820741
vt 0.784876 0.773804
vt 0.776808 0.824466
vt 0.808164 0.793645
vt 0.798365 0.872688
vt 0.789230 0.853278
vt 0.809939 0.844390
vt 0.824287 0.869144
vt 0.818959 0.811245
vt 0.770783 0.770477
vt 0.392930 0.427862
vt 0.394191 0.436087
vt 0.380261 0.441159
vt 0.398549 0.454122
vt 0.407594 0.457593
vt 0.404356 0.466465
vt 0.407660 0.476223
vt 0.411753 0.480110
vt 0.401857 0.474765
vt 0.404213 0.482491
vt 0.381494 0.451871
vt 0.392333 0.457609
vt 0.367958 0.465608
vt 0.369469 0.479300
vt 0.360202 0.463870
vt 0.352966 0.468134
vt 0.362808 0.479643
vt 0.356079 0.490924
vt 0.361422 0.496688
vt 0.352828 0.496366
vt 0.903224 0.226324
vt 0.910907 0.224217
vt 0.901861 0.194578
vt 0.897387 0.195520
vt 0.903038 0.180544
vt 0.891857 0.199496
vt 0.896685 0.180642
vt 0.894628 0.172814
vt 0.896422 0.174554
vt 0.901445 0.173922
vt 0.902484 0.171467
vt 0.072741 0.951360
vt 0.043680 0.950526
vt 0.077101 0.927298
vt 0.101388 0.951279
vt 0.130207 0.905188
vt 0.155633 0.869409
vt 0.155150 0.881980
vt 0.154547 0.841729
vt 0.195452 0.856472
vt 0.203299 0.885074
vt 0.149395 0.928510
vt 0.169083 0.924673
vt 0.149269 0.951012
vt 0.212392 0.950166
vt 0.826366 0.301166
vt 0.823708 0.300296
vt 0.826897 0.296170
vt 0.975790 0.002124
vt 0.967337 0.066802
vt 0.955132 0.120229
vt 0.904617 0.614765
vt 0.930954 0.613471
vt 0.939287 0.640504
vt 0.647774 0.009218
vt 0.647086 0.001742
vt 0.684203 0.010262
vt 0.767417 0.002715
vt 0.777462 0.003426
vt 0.776558 0.015428
vt 0.770346 0.041992
vt 0.890520 0.723016
vt 0.883618 0.737551
vt 0.879858 0.725842
vt 0.920635 0.739801
vt 0.735084 0.013095
vt 0.715543 0.030131
vt 0.890573 0.679628
vt 0.895137 0.633873
vt 0.907117 0.674169
vt 0.635715 0.046580
vt 0.646661 0.019614
vt 0.667027 0.042635
vt 0.890644 0.751953
vt 0.844652 0.856866
vt 0.844526 0.866526
vt 0.958474 0.683898
vt 0.936212 0.664834
vt 0.687248 0.044163
vt 0.703164 0.082399
vt 0.661573 0.058824
vt 0.950307 0.130912
vt 0.933889 0.123823
vt 0.921762 0.013907
vt 0.677033 0.019171
vt 0.937651 0.717583
vt 0.918651 0.656125
vt 0.753972 0.004102
vt 0.745113 0.061100
vt 0.762233 0.071535
vt 0.771959 0.074874
vt 0.943700 0.730490
vt 0.697405 0.034942
vt 0.724440 0.058145
vt 0.937962 0.701523
vt 0.949409 0.746528
vt 0.921389 0.751510
vt 0.922859 0.638439
vt 0.880823 0.680885
vt 0.978411 0.162235
vt 0.995326 0.138795
vt 0.998017 0.172049
vt 0.978401 0.250897
vt 0.971422 0.249108
vt 0.970149 0.240799
vt 0.967376 0.220056
vt 0.960883 0.240421
vt 0.974867 0.106040
vt 0.997810 0.107640
vt 0.967360 0.129688
vt 0.963996 0.191899
vt 0.974873 0.169726
vt 0.970903 0.192563
vt 0.985636 0.182209
vt 0.995180 0.256361
vt 0.971873 0.261207
vt 0.961593 0.214617
vt 0.963073 0.254579
vt 0.983571 0.277220
vt 0.741655 0.085130
vt 0.742200 0.067404
vt 0.751861 0.072134
vt 0.063629 0.010041
vt 0.067819 0.027546
vt 0.064018 0.039483
vt 0.912780 0.036422
vt 0.905081 0.029541
vt 0.908712 0.007970
vt 0.732236 0.077267
vt 0.898635 0.024471
vt 0.901606 0.007129
vt 0.714650 0.081108
vt 0.711453 0.074330
vt 0.717880 0.072845
vt 0.899621 0.035942
vt 0.895017 0.029462
vt 0.067279 0.007606
vt 0.074863 0.007733
vt 0.728027 0.069451
vt 0.299567 0.014160
vt 0.288917 0.024124
vt 0.282059 0.016087
vt 0.360020 0.009342
vt 0.350404 0.013655
vt 0.347369 0.002217
vt 0.323416 0.012226
vt 0.335174 0.014050
vt 0.313722 0.022922
vt 0.309195 0.015443
vt 0.375857 0.023757
vt 0.360405 0.047740
vt 0.313104 0.051034
vt 0.373197 0.051416
vt 0.367127 0.050577
vt 0.337800 0.040039
vt 0.323715 0.049338
vt 0.317746 0.051502
vt 0.932146 0.165735
vt 0.947312 0.159444
vt 0.958088 0.165710
vt 0.625042 0.044163
vt 0.618777 0.038620
vt 0.629405 0.040386
vt 0.621994 0.022971
vt 0.929569 0.141155
vt 0.944083 0.135741
vt 0.005500 0.067913
vt 0.027597 0.060736
vt 0.005814 0.089069
vt 0.596280 0.032738
vt 0.956413 0.132687
vt 0.036451 0.934478
vt 0.060929 0.019492
vt 0.960229 0.629373
vt 0.949063 0.628390
vt 0.245898 0.419095
vt 0.261155 0.401001
vt 0.829087 0.848946
vt 0.260936 0.079902
vt 0.263719 0.060667
vt 0.240198 0.008389
vt 0.274266 0.008187
vt 0.155380 0.011473
vt 0.246812 0.070315
vt 0.087294 0.002057
vt 0.115438 0.020721
vt 0.136606 0.046626
vt 0.146752 0.076571
vt 0.080574 0.013690
vt 0.817067 0.942577
vt 0.817888 0.959890
vt 0.813565 0.960130
vt 0.075170 0.067843
vt 0.107545 0.110720
vt 0.800740 0.929695
vt 0.148793 0.125936
vt 0.029573 0.103690
vt 0.795663 0.959302
vt 0.783912 0.925537
vt 0.775776 0.955210
vt 0.769092 0.921956
vt 0.784414 0.902122
vt 0.806869 0.910513
vt 0.755016 0.914170
vt 0.747015 0.927142
vt 0.751372 0.957190
vt 0.726703 0.956623
vt 0.046337 0.173877
vt 0.729640 0.941916
vt 0.085517 0.204019
vt 0.036845 0.240559
vt 0.712348 0.952423
vt 0.064519 0.271803
vt 0.142897 0.199101
vt 0.127555 0.161096
vt 0.126296 0.176568
vt 0.163773 0.149038
vt 0.143467 0.171108
vt 0.152837 0.165319
vt 0.167272 0.164529
vt 0.176880 0.168649
vt 0.196647 0.161357
vt 0.183500 0.182499
vt 0.203619 0.192854
vt 0.182466 0.189905
vt 0.193154 0.204975
vt 0.169439 0.188070
vt 0.165175 0.217826
vt 0.153940 0.180598
vt 0.227616 0.161027
vt 0.210208 0.125942
vt 0.973291 0.626870
vt 0.996202 0.588429
vt 0.989648 0.614373
vt 0.072880 0.336218
vt 0.093408 0.362309
vt 0.685555 0.935424
vt 0.714548 0.915728
vt 0.693897 0.943841
vt 0.721999 0.893857
vt 0.119489 0.295741
vt 0.737680 0.907902
vt 0.750726 0.893686
vt 0.747912 0.881101
vt 0.769633 0.895250
vt 0.781338 0.880637
vt 0.823275 0.901246
vt 0.821052 0.911980
vt 0.829619 0.934651
vt 0.843896 0.924760
vt 0.722200 0.929851
vt 0.995001 0.082109
vt 0.995305 0.101089
vt 0.987393 0.082265
vt 0.978889 0.100670
vt 0.977943 0.082370
vt 0.970047 0.082089
vt 0.970423 0.101341
vt 0.041044 0.870937
vt 0.026342 0.867368
vt 0.035512 0.900946
vt 0.067364 0.889477
vt 0.071013 0.910306
vt 0.051326 0.933044
vt 0.303910 0.929943
vt 0.331028 0.930574
vt 0.246063 0.891924
vt 0.256869 0.863671
vt 0.191555 0.906058
vt 0.220773 0.869017
vt 0.241320 0.842396
vt 0.344763 0.875005
vt 0.839914 0.045321
vt 0.800267 0.067963
vt 0.889997 0.046898
vt 0.843096 0.091832
vt 0.893642 0.112519
vt 0.867678 0.106106
vt 0.820501 0.091071
vt 0.844380 0.124352
vt 0.797593 0.103914
vt 0.873157 0.142584
vt 0.810955 0.133267
vt 0.458430 0.712880
vt 0.434874 0.669189
vt 0.434029 0.713513
vt 0.460443 0.656316
vt 0.483839 0.713256
vt 0.537082 0.700962
vt 0.568694 0.703776
vt 0.560229 0.684650
vt 0.790964 0.158616
vt 0.962434 0.565207
vt 0.951542 0.547936
vt 0.953598 0.565048
vt 0.951657 0.518985
vt 0.942049 0.566579
vt 0.940938 0.512201
vt 0.948514 0.500116
vt 0.956415 0.495207
vt 0.948008 0.490724
vt 0.957596 0.481121
vt 0.961277 0.473532
vt 0.959426 0.474441
vt 0.952372 0.477496
vt 0.955801 0.472471
vt 0.954025 0.470799
vt 0.927952 0.499196
vt 0.940642 0.494372
vt 0.932417 0.511337
vt 0.923852 0.513709
vt 0.912692 0.485979
vt 0.915498 0.472501
vt 0.928459 0.561361
vt 0.932219 0.574486
vt 0.916504 0.568181
vt 0.341977 0.551371
vt 0.343695 0.531655
vt 0.308114 0.534926
vt 0.916775 0.585117
vt 0.874696 0.534546
vt 0.882965 0.569386
vt 0.898487 0.588168
vt 0.347032 0.517247
vt 0.324308 0.514845
vt 0.341955 0.506434
vt 0.901514 0.603764
vt 0.885563 0.606225
vt 0.899024 0.611771
vt 0.866041 0.593338
vt 0.859874 0.601062
vt 0.872843 0.579533
vt 0.849159 0.587586
vt 0.837160 0.591796
vt 0.854559 0.579801
vt 0.839334 0.588181
vt 0.842411 0.579212
vt 0.839281 0.583333
vt 0.848953 0.574052
vt 0.870772 0.572744
vt 0.830937 0.576580
vt 0.869487 0.546864
vt 0.871198 0.540086
vt 0.854717 0.532656
vt 0.844460 0.533873
vt 0.854628 0.523987
vt 0.831517 0.518502
vt 0.822740 0.516894
vt 0.825169 0.515708
vt 0.823968 0.510694
vt 0.827332 0.511404
vt 0.828550 0.508554
vt 0.832783 0.512929
vt 0.842051 0.519072
vt 0.873459 0.522596
vt 0.878595 0.529420
vt 0.884893 0.529520
vt 0.886238 0.519525
vt 0.895772 0.517872
vt 0.866095 0.503291
vt 0.874112 0.501093
vt 0.860241 0.482760
vt 0.866354 0.488347
vt 0.855445 0.477839
vt 0.879978 0.496199
vt 0.866106 0.478826
vt 0.901187 0.511990
vt 0.896185 0.502430
vt 0.867762 0.474659
vt 0.859611 0.474714
vt 0.858425 0.472580
vt 0.328880 0.627724
vt 0.331756 0.608961
vt 0.308255 0.611668
vt 0.297688 0.624964
vt 0.350344 0.499371
vt 0.324687 0.490727
vt 0.272774 0.510229
vt 0.288206 0.552144
vt 0.338071 0.562027
vt 0.292747 0.570752
vt 0.332409 0.574024
vt 0.259282 0.528758
vt 0.256859 0.474945
vt 0.281006 0.471747
vt 0.240459 0.449817
vt 0.217772 0.455995
vt 0.224777 0.473868
vt 0.170905 0.631090
vt 0.209684 0.635606
vt 0.201218 0.621452
vt 0.156700 0.607366
vt 0.204464 0.437340
vt 0.204485 0.461577
vt 0.136480 0.616809
vt 0.172114 0.438987
vt 0.114425 0.631484
vt 0.107494 0.614133
vt 0.154656 0.413862
vt 0.154591 0.449241
vt 0.132588 0.427222
vt 0.087060 0.622035
vt 0.130785 0.401184
vt 0.040294 0.610731
vt 0.049774 0.631630
vt 0.754558 0.725157
vt 0.758218 0.744121
vt 0.078453 0.407367
vt 0.090916 0.390278
vt 0.115842 0.440264
vt 0.080297 0.430295
vt 0.055616 0.424468
vt 0.050020 0.405563
vt 0.140993 0.464995
vt 0.034502 0.414142
vt 0.805894 0.774306
vt 0.810589 0.758802
vt 0.787784 0.758944
vt 0.044038 0.441830
vt 0.025996 0.437338
vt 0.829660 0.778937
vt 0.826771 0.794958
vt 0.846948 0.789494
vt 0.862719 0.776500
vt 0.848802 0.750905
vt 0.826338 0.741323
vt 0.072807 0.855223
vt 0.085054 0.874014
vt 0.086519 0.881908
vt 0.872306 0.743188
vt 0.879270 0.778840
vt 0.103781 0.896871
vt 0.131335 0.868896
vt 0.093852 0.857209
vt 0.055353 0.843252
vt 0.038489 0.833001
vt 0.115701 0.857041
vt 0.147871 0.855434
vt 0.015625 0.557347
vt 0.030748 0.580832
vt 0.029503 0.556613
vt 0.011007 0.541141
vt 0.035789 0.571928
vt 0.046107 0.589440
vt 0.034407 0.536318
vt 0.023958 0.522529
vt 0.001509 0.522021
vt 0.083069 0.592710
vt 0.045093 0.546566
vt 0.072428 0.574224
vt 0.110040 0.596508
vt 0.113387 0.580811
vt 0.103674 0.562147
vt 0.058445 0.525629
vt 0.099378 0.541238
vt 0.044424 0.515840
vt 0.074227 0.507595
vt 0.009150 0.499878
vt 0.054085 0.508868
vt 0.020582 0.478620
vt 0.066589 0.484470
vt 0.083839 0.484503
vt 0.060752 0.461827
vt 0.086629 0.453805
vt 0.141594 0.483931
vt 0.203404 0.483413
vt 0.184843 0.498573
vt 0.153215 0.508321
vt 0.208351 0.503347
vt 0.194227 0.520741
vt 0.224876 0.491118
vt 0.227946 0.511114
vt 0.213860 0.526561
vt 0.235407 0.547032
vt 0.231795 0.562022
vt 0.293625 0.582868
vt 0.328704 0.582949
vt 0.285777 0.600608
vt 0.330457 0.599531
vt 0.213616 0.589649
vt 0.214203 0.607708
vt 0.254890 0.631349
vt 0.226834 0.578003
vt 0.178158 0.605236
vt 0.180016 0.590542
vt 0.164662 0.591298
vt 0.181081 0.562234
vt 0.155189 0.575053
vt 0.191842 0.542675
vt 0.164441 0.537385
vt 0.150300 0.556228
vt 0.149227 0.589822
vt 0.115501 0.523153
vt 0.466779 0.727967
vt 0.471233 0.716624
vt 0.459327 0.727931
vt 0.455884 0.715579
vt 0.460664 0.738635
vt 0.459060 0.749867
vt 0.426953 0.730996
vt 0.416878 0.744410
vt 0.446595 0.759106
vt 0.458180 0.759874
vt 0.460567 0.778564
vt 0.423712 0.770268
vt 0.391645 0.715451
vt 0.385310 0.727860
vt 0.343412 0.736323
vt 0.303822 0.684597
vt 0.336946 0.717203
vt 0.291507 0.708284
vt 0.259024 0.683365
vt 0.261749 0.729059
vt 0.247620 0.707257
vt 0.212664 0.683817
vt 0.243555 0.743128
vt 0.193502 0.722577
vt 0.175580 0.699104
vt 0.144238 0.667452
vt 0.077163 0.670216
vt 0.081461 0.702650
vt 0.558974 0.607542
vt 0.591170 0.638229
vt 0.595549 0.671352
vt 0.035626 0.701039
vt 0.044373 0.662590
vt 0.050425 0.730915
vt 0.125994 0.731857
vt 0.063808 0.756922
vt 0.485086 0.655458
vt 0.512772 0.714573
vt 0.534293 0.648827
vt 0.508040 0.602013
vt 0.523930 0.521208
vt 0.484724 0.583506
vt 0.461760 0.600695
vt 0.438230 0.600642
vt 0.457989 0.530216
vt 0.480043 0.523419
vt 0.502997 0.522810
vt 0.543358 0.514529
vt 0.534512 0.469912
vt 0.510517 0.447846
vt 0.530157 0.426048
vt 0.496824 0.478678
vt 0.462385 0.485454
vt 0.509155 0.415423
vt 0.491520 0.426005
vt 0.465321 0.466327
vt 0.499772 0.332542
vt 0.473119 0.364558
vt 0.466113 0.436174
vt 0.517232 0.334567
vt 0.485636 0.308441
vt 0.475893 0.406877
vt 0.461532 0.403451
vt 0.443695 0.446464
vt 0.445690 0.400700
vt 0.424930 0.399781
vt 0.420981 0.444957
vt 0.461403 0.360654
vt 0.449434 0.338893
vt 0.475385 0.305637
vt 0.499469 0.267703
vt 0.514097 0.268055
vt 0.509493 0.252868
vt 0.497133 0.259529
vt 0.486065 0.261848
vt 0.477990 0.263129
vt 0.470435 0.261288
vt 0.465373 0.308331
vt 0.463352 0.257778
vt 0.436602 0.327539
vt 0.442808 0.287349
vt 0.444211 0.263438
vt 0.449587 0.249659
vt 0.466320 0.789756
vt 0.454638 0.797758
vt 0.470201 0.802712
vt 0.432471 0.796525
vt 0.426833 0.784419
vt 0.395280 0.784373
vt 0.392407 0.796457
vt 0.404104 0.755423
vt 0.340976 0.752716
vt 0.339005 0.769596
vt 0.291517 0.787003
vt 0.321697 0.812477
vt 0.276538 0.811650
vt 0.240872 0.759477
vt 0.437556 0.495130
vt 0.204219 0.793625
vt 0.417609 0.519063
vt 0.436581 0.531790
vt 0.198695 0.774316
vt 0.415226 0.590967
vt 0.407820 0.668094
vt 0.133084 0.800417
vt 0.046437 0.784031
vt 0.056066 0.810334
vt 0.191152 0.752975
vt 0.204994 0.739629
vt 0.920882 0.929776
vt 0.934404 0.948913
vt 0.939991 0.936341
vt 0.892766 0.939671
vt 0.943913 0.923028
vt 0.957670 0.909377
vt 0.945636 0.907747
vt 0.958502 0.921918
vt 0.928801 0.915090
vt 0.948716 0.887145
vt 0.937810 0.900872
vt 0.898356 0.916893
vt 0.921966 0.893358
vt 0.934030 0.877443
vt 0.939703 0.876679
vt 0.959267 0.867332
vt 0.951211 0.869684
vt 0.957192 0.860855
vt 0.960336 0.857204
vt 0.954247 0.854157
vt 0.951853 0.859269
vt 0.942220 0.865448
vt 0.858270 0.568684
vt 0.861917 0.565481
vt 0.860587 0.551770
vt 0.921970 0.868479
vt 0.914032 0.876837
vt 0.918890 0.841636
vt 0.915277 0.851854
vt 0.910794 0.834646
vt 0.907334 0.813752
vt 0.905652 0.849057
vt 0.906221 0.819948
vt 0.897990 0.818827
vt 0.899885 0.867814
vt 0.902718 0.879864
vt 0.880006 0.865623
vt 0.881269 0.857786
vt 0.893183 0.891702
vt 0.891128 0.901541
vt 0.878241 0.886836
vt 0.874626 0.871440
vt 0.853080 0.855581
vt 0.859157 0.846626
vt 0.861669 0.854823
vt 0.855940 0.842337
vt 0.853270 0.849340
vt 0.850000 0.846058
vt 0.900222 0.813685
vt 0.593576 0.698450
vt 0.502841 0.820568
vt 0.014247 0.688259
vt 0.038336 0.679364
vt 0.004487 0.711050
vt 0.005827 0.762178
vt 0.511373 0.843205
vt 0.490181 0.873797
vt 0.496098 0.895970
vt 0.007128 0.787302
vt 0.009616 0.813599
vt 0.408877 0.714835
vt 0.915906 0.098398
vt 0.474206 0.940432
vt 0.508781 0.917826
vt 0.431590 0.917847
vt 0.450099 0.899292
vt 0.453286 0.882215
vt 0.466995 0.861455
vt 0.456686 0.846747
vt 0.476758 0.839454
vt 0.439696 0.836776
vt 0.689228 0.804340
vt 0.734921 0.811982
vt 0.615556 0.818422
vt 0.597136 0.839328
vt 0.583641 0.852587
vt 0.597601 0.800201
vt 0.563223 0.817565
vt 0.580893 0.812925
vt 0.576062 0.790141
vt 0.607360 0.784248
vt 0.429397 0.880189
vt 0.448808 0.865304
vt 0.422669 0.931672
vt 0.565579 0.779275
vt 0.586549 0.769496
vt 0.592110 0.753036
vt 0.354506 0.848729
vt 0.331454 0.846323
vt 0.642721 0.747066
vt 0.713309 0.730766
vt 0.666890 0.729668
vt 0.668818 0.757155
vt 0.198475 0.838950
vt 0.201529 0.813034
vt 0.723453 0.723094
vt 0.712907 0.763713
vt 0.171168 0.844601
vt 0.179330 0.798141
vt 0.746608 0.754458
vt 0.760709 0.761853
vt 0.690910 0.780058
vt 0.727375 0.786789
vt 0.746231 0.793341
vt 0.748632 0.820741
vt 0.784877 0.773803
vt 0.776806 0.824466
vt 0.808151 0.793626
vt 0.809951 0.844388
vt 0.818965 0.811265
vt 0.770847 0.770406
vt 0.899548 0.929228
vt 0.891323 0.930487
vt 0.886253 0.916557
vt 0.873287 0.934843
vt 0.869816 0.943888
vt 0.860943 0.940649
vt 0.851185 0.943951
vt 0.847297 0.948044
vt 0.852644 0.938149
vt 0.844917 0.940504
vt 0.875540 0.917789
vt 0.869801 0.928627
vt 0.861804 0.904251
vt 0.848113 0.905761
vt 0.863544 0.896496
vt 0.859280 0.889258
vt 0.847770 0.899100
vt 0.836490 0.892369
vt 0.830725 0.897711
vt 0.831049 0.889117
vt 0.908347 0.510121
vt 0.916031 0.508014
vt 0.906985 0.478375
vt 0.902511 0.479317
vt 0.908161 0.464342
vt 0.896981 0.483293
vt 0.901809 0.464439
vt 0.899752 0.456612
vt 0.901546 0.458352
vt 0.906569 0.457720
vt 0.907608 0.455265
vt 0.077101 0.927298
vt 0.130208 0.905189
vt 0.155614 0.869379
vt 0.155154 0.881981
vt 0.195462 0.856466
vt 0.203280 0.885063
vt 0.149392 0.928505
vt 0.169075 0.924667
vt 0.831490 0.584963
vt 0.828832 0.584094
vt 0.832020 0.579967
vt 0.040458 0.661872
vt 0.850168 0.418927
vt 0.849124 0.455355
vt 0.859077 0.426097
vt 0.390676 0.609332
vt 0.400363 0.601762
vt 0.402881 0.555903
vt 0.853001 0.368046
vt 0.842441 0.405692
vt 0.844008 0.349158
vt 0.525815 0.892827
vt 0.540218 0.885800
vt 0.527426 0.881156
vt 0.369433 0.612926
vt 0.369801 0.620701
vt 0.385851 0.620015
vt 0.360941 0.612692
vt 0.411334 0.491226
vt 0.357306 0.503010
vt 0.594549 0.961837
vt 0.637265 0.941472
vt 0.612934 0.938396
vt 0.863808 0.387167
vt 0.598141 0.892757
vt 0.596885 0.883008
vt 0.551928 0.882042
vt 0.881844 0.332685
vt 0.884008 0.345761
vt 0.912494 0.338864
vt 0.526227 0.923265
vt 0.537968 0.922809
vt 0.874822 0.405715
vt 0.663004 0.906802
vt 0.643896 0.897322
vt 0.621645 0.920835
vt 0.900371 0.355689
vt 0.882541 0.436103
vt 0.859521 0.456469
vt 0.898038 0.378688
vt 0.912798 0.394069
vt 0.884292 0.416448
vt 0.557862 0.941159
vt 0.575196 0.940825
vt 0.841649 0.456043
vt 0.603600 0.909301
vt 0.639330 0.925044
vt 0.413629 0.077076
vt 0.400298 0.071116
vt 0.403071 0.091859
vt 0.418557 0.033268
vt 0.411322 0.101957
vt 0.396917 0.042959
vt 0.387963 0.079710
vt 0.394515 0.065677
vt 0.393805 0.091481
vt 0.830636 0.166334
vt 0.854078 0.183248
vt 0.886831 0.162787
vt 0.404345 0.100168
vt 0.430756 0.077450
vt 0.404797 0.112266
vt 0.395995 0.105638
vt 0.403823 0.043622
vt 0.407794 0.020785
vt 0.416492 0.128279
vt 0.376974 0.002062
vt 0.389215 0.006434
vt 0.399599 0.002348
vt 0.001655 0.239971
vt 0.006322 0.236018
vt 0.002254 0.207564
vt 0.980492 0.010030
vt 0.984682 0.027535
vt 0.984142 0.007595
vt 0.921715 0.187199
vt 0.927362 0.191738
vt 0.935889 0.185151
vt 0.991965 0.024658
vt 0.991726 0.007722
vt 0.013427 0.236858
vt 0.009954 0.214446
vt 0.371152 0.012898
vt 0.380724 0.014051
vt 0.016399 0.219516
vt 0.015414 0.208045
vt 0.042519 0.331735
vt 0.038976 0.341172
vt 0.050022 0.344716
vt 0.038618 0.373668
vt 0.039425 0.356266
vt 0.029276 0.381862
vt 0.035790 0.385438
vt 0.034811 0.409151
vt 0.028894 0.294811
vt 0.004472 0.308015
vt 0.001997 0.319076
vt 0.004049 0.301541
vt 0.012444 0.355701
vt 0.005284 0.366401
vt 0.030086 0.319541
vt 0.001522 0.323743
vt 0.014361 0.350023
vt 0.003686 0.329717
vt 0.002447 0.373127
vt 0.447367 0.001547
vt 0.440871 0.007009
vt 0.451124 0.003786
vt 0.877717 0.002694
vt 0.876367 0.010850
vt 0.893783 0.003440
vt 0.812381 0.189837
vt 0.790677 0.197986
vt 0.790675 0.218224
vt 0.416792 0.007924
vt 0.417004 0.012802
vt 0.443766 0.021890
vt 0.886133 0.036564
vt 0.892015 0.014067
vt 0.662525 0.887962
vt 0.898730 0.441558
vt 0.886486 0.467414
vt 0.757379 0.044100
vt 0.687045 0.678415
vt 0.962393 0.124838
vt 0.964819 0.112660
vt 0.697438 0.002534
vt 0.878972 0.750343
vt 0.934257 0.131599
vt 0.925397 0.123590
vt 0.918308 0.065402
vt 0.980707 0.226017
vt 0.997834 0.226391
vt 0.955042 0.228650
vt 0.879019 0.616407
vt 0.885777 0.615244
vt 0.717764 0.085426
vt 0.461125 0.002063
vt 0.483752 0.002348
vt 0.473368 0.006434
vt 0.913378 0.004017
vt 0.906668 0.047045
vt 0.736554 0.062864
vt 0.075102 0.024669
vt 0.464877 0.014052
vt 0.455304 0.012899
vt 0.473803 0.014473
vt 0.396176 0.025521
vt 0.378969 0.017340
vt 0.401977 0.017965
vt 0.336991 0.003895
vt 0.368646 0.015223
vt 0.388411 0.049605
vt 0.344026 0.038664
vt 0.302018 0.048552
vt 0.295545 0.048976
vt 0.615477 0.002612
vt 0.618769 0.001779
vt 0.630151 0.024321
vt 0.349705 0.040580
vt 0.002207 0.089116
vt 0.001619 0.062404
vt 0.967654 0.163055
vt 0.965413 0.166811
vt 0.962193 0.156557
vt 0.597994 0.018781
vt 0.593724 0.001602
vt 0.764599 0.233823
vt 0.786304 0.205438
vt 0.786302 0.225675
vt 0.031335 0.917606
vt 0.961293 0.132477
vt 0.010403 0.898115
vt 0.057921 0.002107
vt 0.842620 0.335713
vt 0.664297 0.933139
vt 0.855334 0.326572
vt 0.843332 0.325667
vt 0.923933 0.401024
vt 0.554754 0.892704
vt 0.397938 0.613940
vt 0.353853 0.554504
vt 0.914754 0.331171
vt 0.531309 0.951555
vt 0.428103 0.107419
vt 0.820823 0.185940
vt 0.885232 0.185730
vt 0.863183 0.155282
vt 0.661364 0.881204
vt 0.931680 0.177336
vt 0.949267 0.173494
vt 0.946153 0.169176
vt 0.922262 0.169472
vt 0.912055 0.182468
vt 0.980882 0.039472
vt 0.008367 0.196942
vt 0.946036 0.181757
vt 0.389650 0.014472
vt 0.952463 0.180272
vt 0.020018 0.214526
vt 0.050786 0.353425
vt 0.027502 0.402186
vt 0.038952 0.297965
vt 0.036467 0.286327
vt 0.037581 0.315194
vt 0.045566 0.363447
vt 0.003419 0.394398
vt 0.001609 0.379199
vt 0.012986 0.343797
vt 0.855175 0.014074
vt 0.856008 0.017367
vt 0.994279 0.069031
vt 0.998160 0.074539
vt 0.997572 0.047827
vt 0.993965 0.047874
vt 0.450065 0.037053
vt 0.450026 0.011111
vt 0.897559 0.007803
vt 0.872176 0.034850
vt 0.854997 0.039120
vt 0.420065 0.025131
vt 0.425487 0.039643
vt 0.972182 0.076207
s 1
f 564/1/1 1/2/2 50/3/3
f 564/1/1 88/4/4 1/2/2
f 6/5/5 4/6/6 5/7/7
f 6/5/5 7/8/8 4/6/6
f 5/7/7 8/9/9 6/5/5
f 9/10/10 7/8/8 6/5/5
f 6/5/5 8/9/9 9/10/10
f 8/9/9 14/11/11 9/10/10
f 10/12/12 9/10/10 14/11/11
f 11/13/13 12/14/14 10/12/12
f 11/13/13 13/15/15 12/14/14
f 14/11/11 11/13/13 10/12/12
f 15/16/16 13/17/15 11/18/13
f 11/18/13 14/19/11 15/16/16
f 16/20/17 15/16/16 17/21/18
f 18/22/19 15/16/16 14/19/11
f 19/23/20 16/20/17 17/21/18
f 17/21/18 15/16/16 18/22/19
f 19/23/20 17/21/18 20/24/21
f 563/25/22 3/26/23 20/24/21
f 20/24/21 557/27/24 563/25/22
f 557/27/24 20/24/21 21/28/25
f 557/27/24 21/28/25 22/29/26
f 20/24/21 17/21/18 21/28/25
f 17/21/18 18/22/19 21/28/25
f 22/29/26 21/28/25 23/30/27
f 21/28/25 24/31/28 23/30/27
f 24/31/28 21/28/25 18/22/19
f 23/30/27 2/32/29 22/29/26
f 24/31/28 18/22/19 25/33/30
f 25/33/30 18/22/19 14/19/11
f 25/34/30 14/11/11 26/35/31
f 14/11/11 8/9/9 26/35/31
f 26/36/31 8/37/9 511/38/32
f 8/9/9 5/7/7 27/39/33
f 27/39/33 5/7/7 28/40/34
f 511/41/32 8/9/9 27/39/33
f 33/42/35 29/43/36 31/44/37
f 33/42/35 31/44/37 32/45/38
f 30/46/39 29/43/36 33/42/35
f 33/42/35 32/45/38 34/47/40
f 35/48/41 30/46/39 33/42/35
f 36/49/42 33/42/35 34/47/40
f 37/50/43 33/42/35 36/49/42
f 35/48/41 33/42/35 37/50/43
f 35/48/41 37/50/43 38/51/44
f 85/52/45 39/53/46 40/54/47
f 40/54/47 39/53/46 41/55/48
f 42/56/49 41/55/48 39/57/46
f 43/58/50 42/56/49 39/57/46
f 42/56/49 45/59/51 41/55/48
f 45/59/51 44/60/52 41/55/48
f 40/54/47 41/55/48 44/60/52
f 86/61/53 46/62/54 45/59/51
f 45/59/51 47/63/55 44/60/52
f 47/63/55 45/59/51 46/62/54
f 48/64/56 44/60/52 47/63/55
f 49/65/57 47/63/55 46/62/54
f 86/61/53 49/65/57 46/62/54
f 50/66/3 49/67/57 86/68/53
f 49/65/57 51/69/58 47/63/55
f 51/69/58 53/70/59 47/63/55
f 48/64/56 47/63/55 53/70/59
f 50/66/3 52/71/60 49/67/57
f 53/70/59 54/72/61 48/64/56
f 51/69/58 55/73/62 53/70/59
f 52/71/60 51/74/58 49/67/57
f 56/75/63 55/76/62 51/74/58
f 56/75/63 51/74/58 52/71/60
f 57/77/64 55/76/62 56/75/63
f 52/71/60 59/78/65 56/75/63
f 58/79/66 59/78/65 52/71/60
f 59/78/65 57/77/64 56/75/63
f 60/80/67 61/81/68 57/77/64
f 62/82/69 57/77/64 61/81/68
f 62/82/69 55/76/62 57/77/64
f 64/83/70 62/82/69 61/81/68
f 53/70/59 55/73/62 62/84/69
f 64/83/70 61/81/68 63/85/71
f 53/70/59 62/84/69 65/86/72
f 65/86/72 62/84/69 64/87/70
f 66/88/73 64/83/70 63/85/71
f 65/86/72 64/87/70 66/89/73
f 66/89/73 80/90/74 65/86/72
f 65/86/72 68/91/75 67/92/76
f 67/92/76 53/70/59 65/86/72
f 53/70/59 67/92/76 54/72/61
f 54/72/61 67/92/76 69/93/77
f 68/91/75 70/94/78 67/92/76
f 71/95/79 67/92/76 70/94/78
f 69/93/77 67/92/76 71/95/79
f 69/93/77 71/95/79 72/96/80
f 72/96/80 73/97/81 69/93/77
f 69/93/77 73/97/81 74/98/82
f 74/98/82 73/97/81 75/99/83
f 76/100/84 75/99/83 77/101/85
f 76/100/84 77/101/85 78/102/86
f 78/102/86 77/101/85 79/103/87
f 82/104/88 78/102/86 80/90/74
f 79/103/87 68/91/75 78/102/86
f 80/90/74 78/102/86 68/91/75
f 79/103/87 81/105/89 68/91/75
f 81/105/89 70/94/78 68/91/75
f 68/91/75 65/86/72 80/90/74
f 103/106/90 78/102/86 82/104/88
f 76/100/84 78/102/86 103/106/90
f 74/98/82 75/99/83 76/100/84
f 74/98/82 76/100/84 83/107/91
f 561/108/92 76/100/84 103/106/90
f 83/107/91 76/100/84 561/108/92
f 84/109/93 74/98/82 83/107/91
f 85/52/45 83/107/91 561/108/92
f 85/52/45 40/54/47 83/107/91
f 40/54/47 84/109/93 83/107/91
f 69/93/77 74/98/82 84/109/93
f 54/72/61 69/93/77 84/109/93
f 44/60/52 48/64/56 54/72/61
f 54/72/61 84/109/93 44/60/52
f 44/60/52 84/109/93 40/54/47
f 87/110/94 50/3/3 86/111/53
f 87/110/94 564/1/1 50/3/3
f 42/112/49 86/111/53 45/113/51
f 43/114/50 86/111/53 42/112/49
f 87/110/94 86/111/53 43/114/50
f 95/115/95 93/116/96 94/117/97
f 93/118/96 95/119/95 96/120/98
f 96/120/98 92/121/99 93/118/96
f 95/115/95 94/117/97 97/122/100
f 96/120/98 98/123/101 92/121/99
f 92/121/99 98/123/101 99/124/102
f 92/121/99 99/124/102 91/125/103
f 91/125/103 99/124/102 100/126/104
f 91/125/103 100/126/104 90/127/105
f 98/123/101 60/80/67 99/124/102
f 99/124/102 60/80/67 100/126/104
f 100/126/104 59/78/65 90/127/105
f 59/78/65 89/128/106 90/127/105
f 59/78/65 100/126/104 57/77/64
f 100/126/104 60/80/67 57/77/64
f 59/78/65 58/79/66 89/128/106
f 89/128/106 58/79/66 101/129/107
f 1/130/2 89/128/106 101/129/107
f 89/128/106 1/130/2 88/131/4
f 1/130/2 101/129/107 58/79/66
f 58/79/66 52/71/60 1/130/2
f 50/66/3 1/130/2 52/71/60
f 60/80/67 98/123/101 61/81/68
f 102/132/108 61/81/68 98/123/101
f 102/132/108 63/85/71 61/81/68
f 96/120/98 102/132/108 98/123/101
f 96/120/98 95/119/95 102/132/108
f 102/132/108 66/88/73 63/85/71
f 95/119/95 66/88/73 102/132/108
f 97/122/100 66/89/73 95/115/95
f 80/90/74 66/89/73 97/122/100
f 82/104/88 80/90/74 97/122/100
f 97/122/100 103/106/90 82/104/88
f 97/122/100 94/133/97 103/106/90
f 105/134/109 107/135/110 104/136/111
f 104/136/111 107/135/110 106/137/112
f 107/135/110 108/138/113 106/137/112
f 109/139/114 106/137/112 108/138/113
f 109/139/114 110/140/115 106/137/112
f 112/141/116 114/142/117 111/143/118
f 112/141/116 113/144/119 114/142/117
f 113/144/119 115/145/120 114/142/117
f 114/142/117 115/145/120 116/146/121
f 119/147/122 117/148/123 118/149/124
f 119/147/122 120/150/125 117/148/123
f 121/151/126 117/152/123 120/153/125
f 123/154/127 120/150/125 119/147/122
f 122/155/128 123/154/127 119/147/122
f 119/147/122 124/156/129 122/155/128
f 124/156/129 119/147/122 118/149/124
f 125/157/130 122/155/128 124/156/129
f 124/156/129 118/149/124 126/158/131
f 124/156/129 126/158/131 125/157/130
f 127/159/132 122/155/128 125/157/130
f 126/158/131 128/160/133 125/157/130
f 129/161/134 122/155/128 127/159/132
f 130/162/135 127/159/132 125/157/130
f 125/157/130 128/160/133 130/162/135
f 129/161/134 131/163/136 122/155/128
f 131/163/136 129/161/134 132/164/137
f 127/159/132 133/165/138 129/161/134
f 129/161/134 133/165/138 491/166/139
f 131/163/136 123/154/127 122/155/128
f 132/164/137 134/167/140 131/163/136
f 131/163/136 134/167/140 123/154/127
f 123/168/127 135/169/141 120/153/125
f 121/151/126 120/153/125 135/169/141
f 137/170/142 136/171/143 134/172/140
f 134/172/140 136/171/143 123/168/127
f 136/171/143 138/173/144 123/168/127
f 139/174/145 136/171/143 137/170/142
f 139/174/145 140/175/146 136/171/143
f 138/173/144 136/171/143 140/175/146
f 138/173/144 141/176/147 123/168/127
f 141/176/147 135/169/141 123/168/127
f 138/173/144 140/175/146 142/177/148
f 142/177/148 141/176/147 138/173/144
f 135/169/141 141/176/147 143/178/149
f 143/178/149 121/151/126 135/169/141
f 142/177/148 144/179/150 141/176/147
f 143/178/149 141/176/147 144/179/150
f 145/180/151 140/175/146 139/174/145
f 140/175/146 145/180/151 142/177/148
f 142/177/148 146/181/152 144/179/150
f 145/182/151 139/183/145 355/184/153
f 145/182/151 355/184/153 147/185/154
f 145/180/151 148/186/155 142/177/148
f 147/185/154 148/187/155 145/182/151
f 148/186/155 146/181/152 142/177/148
f 148/186/155 149/188/156 146/181/152
f 150/189/157 151/190/158 152/191/159
f 150/192/157 153/193/160 149/188/156
f 146/181/152 149/188/156 153/193/160
f 150/192/157 152/194/159 153/193/160
f 153/193/160 152/194/159 558/195/161
f 143/178/149 144/179/150 146/181/152
f 560/196/162 153/193/160 558/195/161
f 560/196/162 146/181/152 153/193/160
f 143/178/149 146/181/152 560/196/162
f 143/178/149 560/196/162 154/197/163
f 143/178/149 154/197/163 121/151/126
f 155/198/164 156/199/165 158/200/166
f 159/201/167 155/198/164 158/200/166
f 156/199/165 157/202/168 158/200/166
f 159/201/167 158/200/166 161/203/169
f 161/203/169 158/200/166 157/202/168
f 159/201/167 161/203/169 163/204/170
f 164/205/171 159/201/167 163/204/170
f 163/204/170 161/203/169 170/206/172
f 163/204/170 165/207/173 164/205/171
f 520/208/174 164/205/171 165/207/173
f 520/208/174 165/207/173 166/209/175
f 166/209/175 165/207/173 169/210/176
f 520/208/174 166/209/175 167/211/177
f 520/208/174 167/211/177 168/212/178
f 169/210/176 167/211/177 166/209/175
f 168/212/178 167/211/177 169/210/176
f 165/207/173 170/206/172 169/210/176
f 170/206/172 165/207/173 163/204/170
f 172/213/179 168/212/178 169/210/176
f 169/210/176 170/206/172 171/214/180
f 172/213/179 169/210/176 171/214/180
f 170/206/172 162/215/181 171/214/180
f 170/206/172 161/203/169 162/215/181
f 171/214/180 162/215/181 172/213/179
f 162/215/181 173/216/182 172/213/179
f 173/216/182 174/217/183 172/213/179
f 175/218/184 172/213/179 174/217/183
f 157/202/168 173/216/182 162/215/181
f 157/202/168 162/215/181 161/203/169
f 157/202/168 176/219/185 173/216/182
f 176/219/185 157/202/168 160/220/186
f 178/221/187 176/219/185 160/220/186
f 160/222/186 177/223/188 179/224/189
f 160/220/186 179/225/189 178/221/187
f 210/226/190 178/221/187 195/227/191
f 179/225/189 195/227/191 178/221/187
f 179/225/189 181/228/192 195/227/191
f 179/224/189 180/229/193 181/230/192
f 180/229/193 182/231/194 181/230/192
f 182/232/194 183/233/195 184/234/196
f 182/232/194 184/234/196 185/235/197
f 181/228/192 182/232/194 185/235/197
f 185/235/197 184/234/196 188/236/198
f 186/237/199 181/228/192 185/235/197
f 188/236/198 187/238/200 185/235/197
f 188/236/198 191/239/201 187/238/200
f 185/235/197 187/238/200 189/240/202
f 190/241/203 187/238/200 191/239/201
f 190/241/203 193/242/204 187/238/200
f 190/241/203 192/243/205 193/242/204
f 189/240/202 187/238/200 193/242/204
f 193/242/204 423/244/206 189/240/202
f 194/245/207 189/240/202 423/244/206
f 423/244/206 193/242/204 422/246/208
f 194/245/207 186/237/199 189/240/202
f 185/235/197 189/240/202 186/237/199
f 195/227/191 186/237/199 194/245/207
f 186/237/199 195/227/191 181/228/192
f 196/247/209 195/227/191 194/245/207
f 195/227/191 196/247/209 197/248/210
f 197/248/210 210/226/190 195/227/191
f 196/247/209 199/249/211 198/250/212
f 197/248/210 196/247/209 198/250/212
f 209/251/213 197/248/210 198/250/212
f 198/250/212 199/249/211 200/252/214
f 200/252/214 209/251/213 198/250/212
f 201/253/215 200/252/214 199/249/211
f 201/253/215 202/254/216 200/252/214
f 202/254/216 201/253/215 203/255/217
f 203/255/217 204/256/218 202/254/216
f 204/256/218 203/255/217 205/257/219
f 202/254/216 204/256/218 206/258/220
f 200/252/214 202/254/216 206/258/220
f 206/258/220 207/259/221 200/252/214
f 205/257/219 206/258/220 204/256/218
f 208/260/222 206/258/220 205/257/219
f 208/260/222 209/251/213 206/258/220
f 209/251/213 207/259/221 206/258/220
f 200/252/214 207/259/221 209/251/213
f 209/251/213 210/226/190 197/248/210
f 209/251/213 208/260/222 211/261/223
f 210/226/190 209/251/213 211/261/223
f 211/261/223 212/262/224 210/226/190
f 210/226/190 212/262/224 178/221/187
f 211/261/223 208/260/222 212/262/224
f 213/263/225 178/221/187 212/262/224
f 178/221/187 214/264/226 176/219/185
f 213/263/225 214/264/226 178/221/187
f 173/216/182 176/219/185 214/264/226
f 212/262/224 208/260/222 216/265/227
f 212/262/224 216/265/227 217/266/228
f 217/266/228 213/263/225 212/262/224
f 213/263/225 217/266/228 214/264/226
f 217/266/228 216/265/227 218/267/229
f 217/266/228 218/267/229 219/268/230
f 218/267/229 216/265/227 220/269/231
f 222/270/232 217/266/228 219/268/230
f 222/270/232 219/268/230 221/271/233
f 217/266/228 222/270/232 214/264/226
f 222/270/232 215/272/234 214/264/226
f 223/273/235 215/272/234 222/270/232
f 221/271/233 223/273/235 222/270/232
f 221/271/233 435/274/236 223/273/235
f 221/271/233 219/268/230 218/267/229
f 435/274/236 221/271/233 224/275/237
f 435/274/236 224/275/237 225/276/238
f 224/275/237 220/269/231 225/276/238
f 224/275/237 221/271/233 218/267/229
f 218/267/229 220/269/231 224/275/237
f 183/277/195 226/278/239 410/279/240
f 183/277/195 227/280/241 226/278/239
f 182/231/194 227/281/241 183/282/195
f 180/229/193 179/224/189 228/283/242
f 179/224/189 177/223/188 228/283/242
f 160/222/186 229/284/243 177/223/188
f 157/285/168 229/284/243 160/222/186
f 157/285/168 230/286/244 229/284/243
f 156/287/165 230/286/244 157/285/168
f 177/223/188 229/284/243 231/288/245
f 228/283/242 177/223/188 231/288/245
f 182/231/194 180/229/193 232/289/246
f 227/281/241 182/231/194 232/289/246
f 232/289/246 180/229/193 228/283/242
f 227/281/241 232/289/246 233/290/247
f 233/290/247 232/289/246 234/291/248
f 234/291/248 232/289/246 235/292/249
f 236/293/250 235/292/249 232/289/246
f 237/294/251 308/295/252 234/296/248
f 237/294/251 238/297/253 308/295/252
f 235/292/249 237/298/251 234/291/248
f 239/299/254 237/298/251 235/292/249
f 237/294/251 240/300/255 238/297/253
f 241/301/256 237/298/251 239/299/254
f 240/300/255 237/294/251 242/302/257
f 240/300/255 242/302/257 243/303/258
f 241/301/256 242/304/257 237/298/251
f 241/301/256 239/299/254 244/305/259
f 245/306/260 242/304/257 241/301/256
f 244/305/259 245/306/260 241/301/256
f 243/303/258 242/302/257 246/307/261
f 245/306/260 246/308/261 242/304/257
f 246/307/261 248/309/262 247/310/263
f 248/311/262 249/312/264 497/313/265
f 249/314/264 248/315/262 246/308/261
f 246/308/261 245/306/260 249/314/264
f 249/314/264 245/306/260 251/316/266
f 249/314/264 251/316/266 250/317/267
f 252/318/268 249/314/264 250/317/267
f 253/319/269 249/314/264 252/318/268
f 244/305/259 251/316/266 245/306/260
f 256/320/270 253/319/269 252/318/268
f 254/321/271 251/316/266 244/305/259
f 255/322/272 256/320/270 252/318/268
f 257/323/273 255/322/272 252/318/268
f 257/323/273 258/324/274 255/322/272
f 259/325/275 256/326/270 255/327/272
f 259/325/275 260/328/276 256/326/270
f 440/329/277 260/328/276 259/325/275
f 439/330/278 440/329/277 259/325/275
f 259/325/275 255/327/272 261/331/279
f 258/332/274 261/331/279 255/327/272
f 262/333/280 113/144/119 112/141/116
f 263/334/281 113/144/119 262/333/280
f 439/330/278 259/325/275 261/331/279
f 113/144/119 263/334/281 264/335/282
f 265/336/283 439/330/278 261/331/279
f 265/336/283 111/337/118 439/330/278
f 264/335/282 263/334/281 541/338/284
f 263/334/281 543/339/285 541/338/284
f 266/340/286 263/334/281 262/333/280
f 262/333/280 112/141/116 267/341/287
f 267/341/287 112/141/116 111/143/118
f 267/341/287 111/143/118 265/342/283
f 268/343/288 263/334/281 266/340/286
f 263/334/281 268/343/288 543/339/285
f 268/343/288 545/344/289 543/339/285
f 268/345/288 269/346/290 545/347/289
f 269/346/290 268/345/288 266/348/286
f 545/347/289 269/346/290 270/349/291
f 271/350/292 545/347/289 270/349/291
f 269/346/290 266/348/286 272/351/293
f 272/351/293 266/348/286 273/352/294
f 266/348/286 262/353/280 273/352/294
f 274/354/295 247/310/263 271/350/292
f 274/354/295 246/307/261 247/310/263
f 270/349/291 274/354/295 271/350/292
f 275/355/296 270/349/291 269/346/290
f 275/355/296 269/346/290 272/351/293
f 276/356/297 274/354/295 270/349/291
f 270/349/291 275/355/296 276/356/297
f 277/357/298 246/307/261 274/354/295
f 277/357/298 243/303/258 246/307/261
f 276/356/297 277/357/298 274/354/295
f 276/356/297 278/358/299 277/357/298
f 243/303/258 277/357/298 240/300/255
f 279/359/300 278/358/299 276/356/297
f 276/356/297 275/355/296 279/359/300
f 279/359/300 275/355/296 280/360/301
f 279/359/300 280/360/301 281/361/302
f 272/351/293 280/360/301 275/355/296
f 272/351/293 283/362/303 280/360/301
f 282/363/304 280/360/301 283/362/303
f 272/351/293 273/352/294 283/362/303
f 273/352/294 284/364/305 283/362/303
f 282/363/304 283/362/303 285/365/306
f 285/365/306 283/362/303 286/366/307
f 285/365/306 286/366/307 287/367/308
f 287/367/308 282/363/304 285/365/306
f 287/367/308 289/368/309 282/363/304
f 287/367/308 286/366/307 288/369/310
f 289/368/309 287/367/308 288/369/310
f 288/369/310 290/370/311 289/368/309
f 252/318/268 290/370/311 288/369/310
f 252/318/268 288/369/310 257/323/273
f 252/318/268 250/317/267 290/370/311
f 251/316/266 290/370/311 250/317/267
f 286/366/307 257/323/273 288/369/310
f 286/366/307 258/324/274 257/323/273
f 283/362/303 284/364/305 286/366/307
f 286/371/307 261/331/279 258/332/274
f 273/352/294 262/353/280 284/364/305
f 262/333/280 267/341/287 284/372/305
f 286/371/307 265/336/283 261/331/279
f 284/372/305 265/342/283 286/373/307
f 284/372/305 267/341/287 265/342/283
f 290/370/311 251/316/266 254/321/271
f 289/368/309 290/370/311 291/374/312
f 291/374/312 290/370/311 254/321/271
f 254/321/271 244/305/259 239/299/254
f 254/321/271 239/299/254 292/375/313
f 291/374/312 254/321/271 292/375/313
f 292/375/313 239/299/254 235/292/249
f 291/374/312 292/375/313 294/376/314
f 291/374/312 294/376/314 293/377/315
f 292/375/313 235/292/249 236/293/250
f 292/375/313 295/378/316 294/376/314
f 294/376/314 296/379/317 293/377/315
f 294/376/314 295/378/316 296/379/317
f 292/375/313 236/293/250 297/380/318
f 295/378/316 292/375/313 297/380/318
f 232/289/246 297/380/318 236/293/250
f 298/381/319 295/378/316 297/380/318
f 299/382/320 295/378/316 298/381/319
f 299/382/320 296/379/317 295/378/316
f 232/289/246 228/283/242 297/380/318
f 298/381/319 297/380/318 228/283/242
f 298/381/319 228/283/242 231/288/245
f 298/381/319 231/288/245 299/382/320
f 300/383/321 299/382/320 231/288/245
f 231/288/245 229/284/243 300/383/321
f 300/383/321 229/284/243 301/384/322
f 230/286/244 301/384/322 229/284/243
f 302/385/323 230/286/244 156/287/165
f 155/386/164 302/385/323 156/287/165
f 155/386/164 303/387/324 302/385/323
f 155/386/164 304/388/325 303/387/324
f 304/388/325 410/279/240 226/278/239
f 304/388/325 226/278/239 303/387/324
f 226/278/239 227/280/241 303/387/324
f 303/387/324 305/389/326 302/385/323
f 302/385/323 305/389/326 230/286/244
f 227/280/241 306/390/327 303/387/324
f 303/387/324 306/390/327 305/389/326
f 227/280/241 233/391/247 306/390/327
f 306/390/327 233/391/247 234/296/248
f 307/392/328 230/286/244 305/389/326
f 301/384/322 230/286/244 307/392/328
f 306/390/327 234/296/248 308/295/252
f 306/390/327 308/295/252 309/393/329
f 309/393/329 308/295/252 238/297/253
f 305/389/326 306/390/327 309/393/329
f 305/389/326 309/393/329 310/394/330
f 310/394/330 309/393/329 311/395/331
f 311/395/331 309/393/329 238/297/253
f 312/396/332 307/392/328 305/389/326
f 312/396/332 305/389/326 310/394/330
f 312/396/332 301/384/322 307/392/328
f 311/395/331 313/397/333 310/394/330
f 314/398/334 301/384/322 312/396/332
f 314/398/334 300/383/321 301/384/322
f 299/382/320 300/383/321 314/398/334
f 314/398/334 296/379/317 299/382/320
f 312/396/332 310/394/330 313/397/333
f 314/398/334 315/399/335 296/379/317
f 312/396/332 315/399/335 314/398/334
f 293/377/315 296/379/317 315/399/335
f 312/396/332 316/400/336 315/399/335
f 312/396/332 313/397/333 316/400/336
f 317/401/337 313/397/333 311/395/331
f 311/395/331 238/297/253 317/401/337
f 238/297/253 240/300/255 277/357/298
f 317/401/337 238/297/253 277/357/298
f 317/401/337 277/357/298 278/358/299
f 278/358/299 313/397/333 317/401/337
f 278/358/299 279/359/300 313/397/333
f 316/400/336 313/397/333 279/359/300
f 316/400/336 279/359/300 281/361/302
f 318/402/338 315/399/335 316/400/336
f 318/402/338 316/400/336 281/361/302
f 293/377/315 315/399/335 318/402/338
f 293/377/315 289/368/309 291/374/312
f 318/402/338 289/368/309 293/377/315
f 318/402/338 282/363/304 289/368/309
f 281/361/302 280/360/301 282/363/304
f 281/361/302 282/363/304 318/402/338
f 323/403/339 326/404/340 324/405/341
f 326/404/340 328/406/342 324/405/341
f 323/403/339 327/407/343 326/404/340
f 327/407/343 322/408/344 326/404/340
f 322/408/344 329/409/345 326/404/340
f 326/404/340 329/409/345 328/406/342
f 322/408/344 331/410/346 329/409/345
f 322/408/344 330/411/347 332/412/348
f 332/412/348 331/410/346 322/408/344
f 332/412/348 330/411/347 321/413/349
f 333/414/350 332/412/348 321/413/349
f 328/406/342 329/409/345 335/415/351
f 334/416/352 335/415/351 329/409/345
f 334/416/352 329/409/345 331/410/346
f 334/416/352 331/410/346 336/417/353
f 335/415/351 334/416/352 339/418/354
f 339/418/354 334/416/352 337/419/355
f 334/416/352 336/417/353 337/419/355
f 338/420/356 339/418/354 337/419/355
f 337/419/355 336/417/353 338/420/356
f 340/421/357 339/418/354 338/420/356
f 338/420/356 336/417/353 341/422/358
f 340/421/357 338/420/356 342/423/359
f 342/423/359 338/420/356 341/422/358
f 342/423/359 343/424/360 340/421/357
f 409/425/361 341/422/358 336/417/353
f 342/423/359 341/422/358 344/426/362
f 345/427/363 343/424/360 342/423/359
f 345/427/363 342/423/359 344/426/362
f 345/427/363 359/428/364 343/424/360
f 346/429/365 359/428/364 345/427/363
f 345/427/363 347/430/366 346/429/365
f 359/431/364 346/432/365 151/190/158
f 151/190/158 346/432/365 348/433/367
f 349/434/368 348/435/367 346/429/365
f 347/430/366 349/434/368 346/429/365
f 350/436/369 349/434/368 347/430/366
f 350/436/369 347/430/366 351/437/370
f 350/436/369 351/437/370 352/438/371
f 147/185/154 356/439/372 148/187/155
f 356/439/372 149/440/156 148/187/155
f 149/440/156 357/441/373 150/189/157
f 151/190/158 150/189/157 357/441/373
f 358/442/374 357/441/373 149/440/156
f 356/439/372 358/442/374 149/440/156
f 151/190/158 357/441/373 359/431/364
f 360/443/375 359/431/364 357/441/373
f 357/441/373 358/442/374 360/443/375
f 361/444/376 358/442/374 356/439/372
f 356/439/372 362/445/377 361/444/376
f 356/439/372 147/185/154 362/445/377
f 363/446/378 147/185/154 355/184/153
f 363/446/378 362/445/377 147/185/154
f 362/445/377 403/447/379 361/444/376
f 363/446/378 403/447/379 362/445/377
f 364/448/380 358/442/374 361/444/376
f 364/448/380 361/444/376 403/447/379
f 360/443/375 358/442/374 365/449/381
f 364/448/380 365/449/381 358/442/374
f 360/443/375 343/450/360 359/431/364
f 340/451/357 343/450/360 360/443/375
f 340/451/357 360/443/375 366/452/382
f 366/452/382 339/453/354 340/451/357
f 365/449/381 367/454/383 360/443/375
f 367/454/383 366/452/382 360/443/375
f 364/448/380 367/454/383 365/449/381
f 364/448/380 368/455/384 367/454/383
f 369/456/385 339/453/354 366/452/382
f 367/454/383 370/457/386 366/452/382
f 369/456/385 366/452/382 370/457/386
f 367/454/383 368/455/384 371/458/387
f 371/458/387 370/457/386 367/454/383
f 372/459/388 339/453/354 369/456/385
f 369/456/385 370/457/386 373/460/389
f 372/459/388 369/456/385 373/460/389
f 371/458/387 374/461/390 370/457/386
f 372/459/388 335/462/351 339/453/354
f 372/459/388 373/460/389 375/463/391
f 373/460/389 370/457/386 376/464/392
f 370/457/386 374/461/390 376/464/392
f 376/464/392 374/461/390 377/465/393
f 373/460/389 376/464/392 377/465/393
f 378/466/394 374/461/390 371/458/387
f 368/455/384 378/466/394 371/458/387
f 377/465/393 374/461/390 378/466/394
f 377/465/393 378/466/394 379/467/395
f 378/466/394 381/468/396 379/467/395
f 378/466/394 380/469/397 381/468/396
f 382/470/398 377/465/393 379/467/395
f 373/460/389 377/465/393 382/470/398
f 382/470/398 379/467/395 383/471/399
f 383/471/399 379/467/395 381/468/396
f 375/463/391 373/460/389 384/472/400
f 384/472/400 373/460/389 382/470/398
f 375/463/391 385/473/401 372/459/388
f 372/459/388 328/474/342 335/462/351
f 385/473/401 328/474/342 372/459/388
f 385/473/401 324/475/341 328/474/342
f 324/475/341 385/473/401 386/476/402
f 325/477/403 386/476/402 385/473/401
f 325/477/403 385/473/401 387/478/404
f 387/478/404 385/473/401 375/463/391
f 387/478/404 375/463/391 384/472/400
f 388/479/405 387/478/404 384/472/400
f 388/479/405 384/472/400 389/480/406
f 319/481/407 388/479/405 389/480/406
f 384/472/400 382/470/398 389/480/406
f 389/480/406 382/470/398 383/471/399
f 383/471/399 381/468/396 390/482/408
f 389/480/406 383/471/399 319/481/407
f 390/482/408 391/483/409 383/471/399
f 319/481/407 383/471/399 391/483/409
f 319/481/407 391/483/409 392/484/410
f 320/485/411 319/481/407 392/484/410
f 393/486/412 320/487/411 392/488/410
f 321/413/349 393/486/412 392/488/410
f 391/489/409 394/490/413 392/488/410
f 321/413/349 392/488/410 394/490/413
f 333/414/350 321/413/349 394/490/413
f 395/491/414 394/490/413 391/489/409
f 395/491/414 391/489/409 390/492/408
f 395/491/414 333/414/350 394/490/413
f 333/414/350 396/493/415 332/412/348
f 331/410/346 332/412/348 396/493/415
f 331/410/346 396/493/415 397/494/416
f 396/493/415 333/414/350 397/494/416
f 331/410/346 397/494/416 336/417/353
f 397/494/416 333/414/350 398/495/417
f 395/491/414 398/495/417 333/414/350
f 390/492/408 399/496/418 395/491/414
f 398/495/417 395/491/414 399/496/418
f 390/492/408 381/497/396 399/496/418
f 399/496/418 381/497/396 380/498/397
f 409/425/361 336/417/353 397/494/416
f 397/494/416 398/495/417 409/425/361
f 409/425/361 398/495/417 400/499/419
f 399/496/418 400/499/419 398/495/417
f 401/500/420 380/469/397 378/466/394
f 368/455/384 401/500/420 378/466/394
f 399/496/418 380/498/397 402/501/421
f 401/500/420 402/502/421 380/469/397
f 401/500/420 368/455/384 403/447/379
f 364/448/380 403/447/379 368/455/384
f 404/503/422 402/502/421 401/500/420
f 401/500/420 403/447/379 404/503/422
f 399/496/418 402/501/421 406/504/423
f 406/504/423 400/499/419 399/496/418
f 363/446/378 404/503/422 403/447/379
f 405/505/424 404/503/422 363/446/378
f 404/503/422 405/505/424 402/502/421
f 363/446/378 354/506/425 405/505/424
f 363/446/378 355/184/153 354/506/425
f 405/507/424 354/508/425 353/509/426
f 353/509/426 406/504/423 405/507/424
f 352/438/371 406/504/423 353/509/426
f 406/504/423 402/501/421 405/507/424
f 352/438/371 407/510/427 406/504/423
f 351/437/370 407/510/427 352/438/371
f 351/437/370 347/430/366 344/426/362
f 345/427/363 344/426/362 347/430/366
f 408/511/428 407/510/427 351/437/370
f 351/437/370 344/426/362 408/511/428
f 407/510/427 400/499/419 406/504/423
f 409/425/361 407/510/427 408/511/428
f 344/426/362 409/425/361 408/511/428
f 409/425/361 400/499/419 407/510/427
f 344/426/362 341/422/358 409/425/361
f 411/512/429 304/513/325 155/514/164
f 411/512/429 155/514/164 159/515/167
f 411/512/429 410/516/240 304/513/325
f 184/517/196 183/518/195 412/519/430
f 412/519/430 183/518/195 410/516/240
f 411/512/429 413/520/431 410/516/240
f 188/521/198 184/517/196 412/519/430
f 412/519/430 410/516/240 413/520/431
f 412/519/430 413/520/431 414/522/432
f 415/523/433 413/520/431 411/512/429
f 413/520/431 416/524/434 414/522/432
f 188/521/198 412/519/430 414/522/432
f 416/524/434 188/521/198 414/522/432
f 416/524/434 418/525/435 188/521/198
f 417/526/436 188/521/198 418/525/435
f 191/527/201 188/521/198 419/528/437
f 417/526/436 419/528/437 188/521/198
f 191/527/201 419/528/437 420/529/438
f 554/530/439 191/527/201 420/529/438
f 422/531/208 554/530/439 420/529/438
f 421/532/440 420/529/438 419/528/437
f 422/531/208 420/529/438 421/532/440
f 422/531/208 421/532/440 423/533/206
f 421/532/440 419/528/437 417/526/436
f 417/526/436 423/533/206 421/532/440
f 423/244/206 417/534/436 194/245/207
f 418/535/435 194/245/207 417/534/436
f 418/535/435 196/247/209 194/245/207
f 418/535/435 424/536/441 196/247/209
f 424/537/441 418/525/435 425/538/442
f 424/536/441 199/249/211 196/247/209
f 425/538/442 418/525/435 416/524/434
f 424/537/441 426/539/443 199/540/211
f 425/538/442 426/539/443 424/537/441
f 199/540/211 426/539/443 427/541/444
f 201/542/215 199/540/211 427/541/444
f 427/541/444 426/539/443 428/543/445
f 201/542/215 427/541/444 429/544/446
f 428/543/445 429/544/446 427/541/444
f 205/545/219 428/543/445 208/546/222
f 428/543/445 205/545/219 429/544/446
f 425/538/442 428/543/445 426/539/443
f 208/546/222 428/543/445 425/538/442
f 425/538/442 430/547/447 208/546/222
f 430/547/447 425/538/442 416/524/434
f 208/546/222 430/547/447 431/548/448
f 208/546/222 431/548/448 216/549/227
f 430/547/447 416/524/434 432/550/449
f 413/520/431 433/551/450 416/524/434
f 415/523/433 433/551/450 413/520/431
f 433/551/450 432/550/449 416/524/434
f 432/550/449 433/551/450 223/552/235
f 432/550/449 431/548/448 430/547/447
f 223/552/235 434/553/451 432/550/449
f 432/550/449 434/553/451 431/548/448
f 434/553/451 223/552/235 435/554/236
f 436/555/452 216/549/227 431/548/448
f 437/556/453 431/548/448 434/553/451
f 434/553/451 435/554/236 437/556/453
f 436/555/452 431/548/448 437/556/453
f 220/557/231 216/549/227 436/555/452
f 435/554/236 438/558/454 437/556/453
f 437/556/453 438/558/454 436/555/452
f 438/558/454 435/554/236 225/559/238
f 225/559/238 436/555/452 438/558/454
f 220/557/231 436/555/452 225/559/238
f 201/542/215 429/544/446 203/560/217
f 203/560/217 429/544/446 205/545/219
f 111/337/118 26/36/31 439/330/278
f 439/330/278 26/36/31 440/329/277
f 441/561/455 152/562/159 442/563/456
f 152/191/159 348/433/367 442/564/456
f 152/191/159 151/190/158 348/433/367
f 441/561/455 442/563/456 443/565/457
f 443/565/457 442/563/456 348/566/367
f 443/565/457 444/567/458 441/561/455
f 443/565/457 348/566/367 445/568/459
f 445/569/459 556/570/460 349/434/368
f 350/436/369 446/571/461 349/434/368
f 352/438/371 447/572/462 350/436/369
f 353/509/426 447/572/462 352/438/371
f 446/573/461 350/574/369 448/575/463
f 448/575/463 350/574/369 447/576/462
f 353/509/426 449/577/464 447/572/462
f 354/508/425 449/577/464 353/509/426
f 354/508/425 450/578/465 449/577/464
f 450/579/465 354/506/425 355/184/153
f 450/579/465 355/184/153 139/183/145
f 450/580/465 139/174/145 137/170/142
f 450/581/465 451/582/466 449/583/464
f 484/584/467 447/576/462 449/583/464
f 484/584/467 449/583/464 451/582/466
f 447/576/462 484/584/467 452/585/468
f 447/576/462 452/585/468 448/575/463
f 453/586/469 446/573/461 448/575/463
f 452/585/468 453/586/469 448/575/463
f 456/587/470 454/588/471 455/589/472
f 562/590/473 443/565/457 454/588/471
f 456/587/470 562/590/473 454/588/471
f 562/590/473 444/567/458 443/565/457
f 456/587/470 455/589/472 477/591/474
f 477/591/474 562/590/473 456/587/470
f 477/591/474 478/592/475 562/590/473
f 459/593/476 458/594/477 457/595/478
f 460/596/479 458/594/477 459/593/476
f 458/594/477 460/596/479 462/597/480
f 461/598/481 458/594/477 462/597/480
f 461/598/481 462/597/480 463/599/482
f 463/599/482 462/597/480 464/600/483
f 463/599/482 464/600/483 465/601/484
f 466/602/485 464/600/483 462/597/480
f 466/602/485 462/597/480 460/596/479
f 460/596/479 459/593/476 466/602/485
f 464/600/483 466/602/485 467/603/486
f 466/602/485 468/604/487 467/603/486
f 466/602/485 459/593/476 469/605/488
f 468/604/487 466/602/485 469/605/488
f 459/593/476 457/595/478 469/605/488
f 465/601/484 464/600/483 467/603/486
f 465/601/484 467/603/486 470/606/489
f 467/603/486 468/604/487 471/607/490
f 468/604/487 469/605/488 472/608/491
f 471/607/490 468/604/487 472/608/491
f 473/609/492 472/608/491 469/605/488
f 469/605/488 474/610/493 473/609/492
f 457/595/478 474/610/493 469/605/488
f 457/595/478 476/611/494 474/610/493
f 475/612/495 471/607/490 472/608/491
f 477/591/474 474/613/493 476/614/494
f 477/591/474 476/614/494 478/592/475
f 479/615/496 474/610/493 477/616/474
f 480/617/497 473/609/492 474/610/493
f 473/609/492 480/617/497 472/608/491
f 479/615/496 480/617/497 474/610/493
f 475/612/495 480/617/497 479/615/496
f 475/612/495 472/608/491 480/617/497
f 475/612/495 479/615/496 481/618/498
f 475/612/495 481/618/498 482/619/499
f 477/591/474 483/620/500 479/621/496
f 479/621/496 484/584/467 481/622/498
f 484/584/467 451/582/466 481/622/498
f 452/585/468 479/621/496 483/620/500
f 484/584/467 479/621/496 452/585/468
f 452/585/468 483/620/500 453/586/469
f 450/581/465 485/623/501 451/582/466
f 450/580/465 137/170/142 485/624/501
f 485/625/501 481/618/498 451/626/466
f 486/627/502 485/625/501 137/628/142
f 485/625/501 486/627/502 481/618/498
f 486/627/502 137/628/142 487/629/503
f 137/630/142 134/167/140 487/631/503
f 482/619/499 481/618/498 486/627/502
f 482/619/499 486/627/502 487/629/503
f 134/167/140 132/164/137 487/631/503
f 482/619/499 488/632/504 475/612/495
f 487/629/503 489/633/505 482/619/499
f 482/619/499 489/633/505 488/632/504
f 490/634/506 487/631/503 132/164/137
f 489/633/505 487/629/503 490/635/506
f 491/166/139 490/634/506 132/164/137
f 491/166/139 132/164/137 129/161/134
f 492/636/507 490/635/506 491/637/139
f 493/638/508 489/633/505 490/635/506
f 493/638/508 490/635/506 492/636/507
f 495/639/509 494/640/510 491/166/139
f 491/637/139 494/641/510 492/636/507
f 496/642/511 493/638/508 492/636/507
f 547/643/512 494/640/510 495/639/509
f 547/643/512 248/644/262 494/640/510
f 247/645/263 248/644/262 547/643/512
f 248/311/262 498/646/513 494/641/510
f 494/641/510 498/646/513 492/636/507
f 498/646/513 248/311/262 497/313/265
f 492/636/507 498/646/513 496/642/511
f 249/312/264 499/647/514 497/313/265
f 499/647/514 249/312/264 253/648/269
f 498/646/513 497/313/265 499/647/514
f 496/642/511 489/633/505 493/638/508
f 489/633/505 496/642/511 500/649/515
f 489/633/505 500/649/515 488/632/504
f 471/607/490 475/612/495 488/632/504
f 467/603/486 471/607/490 488/632/504
f 500/649/515 467/603/486 488/632/504
f 500/649/515 501/650/516 467/603/486
f 500/649/515 496/642/511 501/650/516
f 470/606/489 467/603/486 501/650/516
f 496/642/511 498/646/513 501/650/516
f 502/651/517 501/650/516 498/646/513
f 470/606/489 501/650/516 502/651/517
f 502/651/517 498/646/513 499/647/514
f 470/606/489 503/652/518 465/601/484
f 465/601/484 503/652/518 463/599/482
f 502/651/517 503/652/518 470/606/489
f 503/652/518 502/651/517 504/653/519
f 505/654/520 463/599/482 503/652/518
f 503/652/518 504/653/519 506/655/521
f 503/652/518 506/655/521 505/654/520
f 507/656/522 461/598/481 463/599/482
f 507/656/522 463/599/482 508/657/523
f 463/599/482 505/654/520 508/657/523
f 508/657/523 509/658/524 507/656/522
f 510/659/525 507/656/522 509/658/524
f 510/659/525 509/658/524 511/38/32
f 509/658/524 508/657/523 505/654/520
f 512/660/526 509/658/524 505/654/520
f 512/660/526 505/654/520 506/655/521
f 502/651/517 513/661/527 504/653/519
f 502/651/517 499/647/514 513/661/527
f 506/655/521 256/326/270 260/328/276
f 260/328/276 512/660/526 506/655/521
f 506/655/521 504/653/519 256/326/270
f 256/326/270 504/653/519 513/661/527
f 256/326/270 513/661/527 253/648/269
f 499/647/514 253/648/269 513/661/527
f 260/328/276 440/329/277 511/38/32
f 26/36/31 511/38/32 440/329/277
f 512/660/526 260/328/276 511/38/32
f 512/660/526 511/38/32 509/658/524
f 411/512/429 159/515/167 514/662/528
f 415/523/433 411/512/429 514/662/528
f 159/515/167 515/663/529 514/662/528
f 514/662/528 515/663/529 415/523/433
f 516/664/530 415/523/433 515/663/529
f 159/515/167 517/665/531 515/663/529
f 159/515/167 164/666/171 517/665/531
f 517/665/531 516/664/530 515/663/529
f 517/665/531 164/666/171 518/667/532
f 164/666/171 519/668/533 518/667/532
f 519/668/533 164/666/171 520/669/174
f 521/670/534 518/667/532 519/668/533
f 168/671/178 519/668/533 520/669/174
f 168/671/178 521/670/534 519/668/533
f 521/670/534 517/665/531 518/667/532
f 521/670/534 168/671/178 172/672/179
f 521/670/534 522/673/535 517/665/531
f 521/670/534 172/672/179 522/673/535
f 517/665/531 522/673/535 516/664/530
f 172/672/179 516/664/530 522/673/535
f 415/523/433 516/664/530 433/551/450
f 172/672/179 523/674/536 516/664/530
f 433/551/450 516/664/530 523/674/536
f 172/672/179 175/675/184 523/674/536
f 433/551/450 523/674/536 524/676/537
f 223/552/235 433/551/450 524/676/537
f 223/552/235 524/676/537 534/677/538
f 523/674/536 175/675/184 525/678/539
f 525/678/539 524/676/537 523/674/536
f 524/676/537 525/678/539 526/679/540
f 526/679/540 534/677/538 524/676/537
f 175/675/184 527/680/541 525/678/539
f 528/681/542 534/677/538 526/679/540
f 527/680/541 526/679/540 525/678/539
f 526/679/540 527/680/541 528/681/542
f 530/682/543 173/216/182 214/264/226
f 530/682/543 529/683/544 173/216/182
f 215/272/234 530/682/543 214/264/226
f 174/217/183 173/216/182 529/683/544
f 530/682/543 531/684/545 529/683/544
f 531/684/545 174/217/183 529/683/544
f 531/684/545 530/682/543 533/685/546
f 533/685/546 530/682/543 215/272/234
f 174/217/183 532/686/547 175/218/184
f 531/684/545 532/686/547 174/217/183
f 533/685/546 223/273/235 534/687/538
f 533/685/546 215/272/234 223/273/235
f 535/688/548 531/684/545 533/685/546
f 535/688/548 532/686/547 531/684/545
f 535/688/548 533/685/546 534/687/538
f 535/688/548 534/687/538 528/689/542
f 536/690/549 535/688/548 528/689/542
f 537/691/550 536/690/549 528/689/542
f 527/692/541 537/691/550 528/689/542
f 175/218/184 537/691/550 527/692/541
f 175/218/184 532/686/547 537/691/550
f 537/691/550 532/686/547 535/688/548
f 535/688/548 536/690/549 537/691/550
f 116/146/121 538/693/105 2/694/29
f 538/693/105 116/146/121 539/695/551
f 116/146/121 115/145/120 539/695/551
f 115/145/120 113/144/119 264/335/282
f 540/696/552 538/693/105 539/695/551
f 115/145/120 264/335/282 541/338/284
f 539/695/551 115/145/120 541/338/284
f 540/696/552 539/695/551 542/697/553
f 542/697/553 539/695/551 541/338/284
f 541/338/284 543/339/285 542/697/553
f 545/344/289 544/698/554 543/339/285
f 542/697/553 543/339/285 546/699/555
f 543/339/285 544/698/554 546/699/555
f 545/344/289 271/700/292 547/643/512
f 547/643/512 271/700/292 247/645/263
f 548/701/556 545/344/289 547/643/512
f 548/701/556 544/698/554 545/344/289
f 495/639/509 548/701/556 547/643/512
f 548/701/556 495/639/509 491/166/139
f 549/702/557 544/698/554 548/701/556
f 548/701/556 491/166/139 133/165/138
f 549/702/557 548/701/556 133/165/138
f 549/702/557 133/165/138 127/159/132
f 130/162/135 549/702/557 127/159/132
f 549/702/557 546/699/555 544/698/554
f 546/699/555 549/702/557 130/162/135
f 550/703/558 542/697/553 546/699/555
f 550/703/558 546/699/555 551/704/559
f 540/696/552 542/697/553 559/705/560
f 550/703/558 559/705/560 542/697/553
f 130/162/135 551/704/559 546/699/555
f 551/704/559 559/705/560 550/703/558
f 551/704/559 552/706/561 559/705/560
f 130/162/135 128/160/133 551/704/559
f 551/704/559 128/160/133 552/706/561
f 126/158/131 552/706/561 128/160/133
f 553/707/562 190/241/203 191/239/201
f 553/707/562 191/239/201 554/708/439
f 555/709/563 553/707/562 554/708/439
f 422/246/208 555/709/563 554/708/439
f 422/246/208 193/242/204 555/709/563
f 192/243/205 553/707/562 555/709/563
f 192/243/205 190/241/203 553/707/562
f 555/709/563 193/242/204 192/243/205
f 455/589/472 483/620/500 477/591/474
f 455/589/472 453/586/469 483/620/500
f 446/573/461 443/565/457 445/568/459
f 565/710/564 581/711/565 580/712/566
f 567/713/567 568/714/568 569/715/569
f 570/716/570 571/717/571 583/718/572
f 572/719/573 574/720/574 575/721/575
f 575/721/575 576/722/576 572/719/573
f 577/723/577 578/724/578 579/725/579
f 577/723/577 598/726/580 578/724/578
f 582/727/581 585/728/582 583/718/572
f 586/729/583 594/730/584 587/731/585
f 568/732/568 596/733/586 588/734/587
f 578/724/578 598/726/580 575/735/575
f 511/38/32 27/736/33 28/737/34 510/659/525
f 569/715/569 590/738/588 591/739/589
f 588/734/587 595/740/590 590/741/588
f 590/741/588 569/742/569 588/734/587
f 574/743/574 589/744/591 580/712/566
f 571/745/571 580/712/566 589/744/591
f 596/733/586 570/716/570 593/746/592
f 601/747/593 598/726/580 577/723/577
f 587/731/585 600/748/594 601/747/593
f 582/727/581 573/749/595 602/750/596
f 604/751/597 576/722/576 603/752/598
f 605/753/599 598/726/580 601/747/593
f 599/754/600 585/728/582 606/755/601
f 591/739/589 592/756/602 600/748/594
f 603/757/598 576/758/576 598/726/580
f 566/759/603 600/748/594 567/713/567
f 569/715/569 591/739/589 566/759/603
f 586/729/583 581/760/565 594/730/584
f 610/761/604 620/762/605 615/763/606
f 624/764/607 621/765/608 608/766/609
f 612/767/610 608/766/609 619/768/611
f 607/769/612 613/770/613 620/762/605
f 618/771/614 607/769/612 610/761/604
f 610/772/604 615/773/606 611/774/615
f 611/774/615 616/775/616 612/767/610
f 624/764/607 623/776/617 614/777/618
f 611/774/615 612/767/610 617/778/619
f 611/774/615 617/778/619 610/772/604
f 619/768/611 621/765/608 607/779/612
f 612/767/610 619/768/611 617/778/619
f 614/777/618 621/765/608 624/764/607
f 614/777/618 613/780/613 607/779/612
f 623/781/620 628/782/621 613/783/622
f 620/784/623 626/785/624 615/786/625
f 616/787/626 627/788/627 629/789/628
f 623/781/620 630/790/629 628/782/621
f 627/788/630 634/791/631 635/792/632
f 629/793/633 635/794/632 637/795/634
f 626/796/635 632/797/636 634/791/631
f 628/798/637 633/799/638 626/785/635
f 630/790/639 638/800/640 628/782/637
f 595/801/590 639/802/641 590/803/588
f 605/804/599 642/805/642 603/806/598
f 602/807/596 641/808/643 643/809/644
f 602/807/596 643/809/644 606/810/601
f 640/811/645 650/812/646 642/805/647
f 643/809/648 646/813/649 639/802/650
f 640/811/645 645/814/651 653/815/652
f 641/808/653 649/816/654 654/817/655
f 643/809/648 654/817/655 652/818/656
f 568/819/568 657/820/657 596/821/586
f 565/822/564 655/823/658 625/824/659
f 625/824/659 655/823/658 656/825/660
f 657/820/661 661/826/662 664/827/663
f 658/828/664 663/829/665 655/830/666
f 659/831/667 656/825/668 655/823/666
f 657/820/661 664/827/663 662/832/669
f 2/694/29 23/833/27 116/146/121
f 25/33/30 114/834/117 24/31/28
f 564/1/1 707/835/670 665/836/671
f 564/1/1 665/836/671 88/4/4
f 669/5/672 668/7/673 667/6/674
f 669/5/672 667/6/674 670/8/675
f 668/7/673 669/5/672 671/837/676
f 672/10/677 669/5/672 670/8/675
f 669/5/672 672/10/677 671/837/676
f 671/837/676 672/10/677 677/11/678
f 673/12/679 677/11/678 672/10/677
f 674/13/680 673/12/679 675/14/681
f 674/13/680 675/14/681 676/15/682
f 677/11/678 673/12/679 674/13/680
f 678/16/683 674/18/680 676/17/682
f 674/18/680 678/16/683 677/19/678
f 679/20/684 680/21/685 678/16/683
f 681/22/686 677/19/678 678/16/683
f 682/23/687 680/21/685 679/20/684
f 680/21/685 681/22/686 678/16/683
f 682/23/687 683/24/688 680/21/685
f 563/25/689 683/24/688 666/26/690
f 683/24/688 563/25/689 1186/27/691
f 1186/27/691 684/28/692 683/24/688
f 1186/27/691 22/29/26 684/28/692
f 683/24/688 684/28/692 680/21/685
f 680/21/685 684/28/692 681/22/686
f 22/29/26 685/30/693 684/28/692
f 684/28/692 685/30/693 686/31/694
f 686/31/694 681/22/686 684/28/692
f 2/32/29 685/30/693 22/29/26
f 686/31/694 687/33/695 681/22/686
f 687/33/695 677/19/678 681/22/686
f 687/34/695 688/838/696 677/11/678
f 677/11/678 688/838/696 671/837/676
f 671/37/676 688/36/696 1143/839/697
f 671/837/676 689/39/698 668/7/673
f 689/39/698 28/40/34 668/7/673
f 1143/41/697 689/39/698 671/837/676
f 692/42/699 31/44/37 29/43/36
f 692/42/699 691/45/700 31/44/37
f 690/46/701 692/42/699 29/43/36
f 692/42/699 693/47/702 691/45/700
f 694/48/703 692/42/699 690/46/701
f 695/49/704 693/47/702 692/42/699
f 696/50/705 695/49/704 692/42/699
f 694/48/703 696/50/705 692/42/699
f 694/48/703 697/51/706 696/50/705
f 85/52/45 698/840/707 39/53/46
f 698/840/707 699/841/708 39/53/46
f 700/842/709 39/53/46 699/841/708
f 43/843/50 39/53/46 700/842/709
f 700/842/709 699/841/708 702/844/710
f 702/844/710 699/841/708 701/845/711
f 698/840/707 701/845/711 699/841/708
f 742/846/712 702/844/710 703/847/713
f 702/844/710 701/845/711 704/848/714
f 704/848/714 703/847/713 702/844/710
f 705/849/715 704/848/714 701/845/711
f 706/850/716 703/847/713 704/848/714
f 742/846/712 703/847/713 706/850/716
f 707/851/670 742/852/712 706/853/716
f 706/850/716 704/848/714 708/854/717
f 708/854/717 704/848/714 710/855/718
f 705/849/715 710/855/718 704/848/714
f 707/851/670 706/853/716 709/856/719
f 710/855/718 705/849/715 711/857/720
f 708/854/717 710/855/718 712/858/721
f 709/856/719 706/853/716 708/859/717
f 713/860/722 708/859/717 712/861/721
f 713/860/722 709/856/719 708/859/717
f 714/862/723 713/860/722 712/861/721
f 709/856/719 713/860/722 716/863/724
f 715/864/725 709/856/719 716/863/724
f 716/863/724 713/860/722 714/862/723
f 717/865/726 714/862/723 718/866/727
f 719/867/728 718/866/727 714/862/723
f 719/867/728 714/862/723 712/861/721
f 721/868/729 718/866/727 719/867/728
f 710/855/718 719/869/728 712/858/721
f 721/868/729 720/870/730 718/866/727
f 710/855/718 722/871/731 719/869/728
f 722/871/731 721/872/729 719/869/728
f 723/873/732 720/870/730 721/868/729
f 722/871/731 723/874/732 721/872/729
f 723/874/732 722/871/731 737/875/733
f 722/871/731 724/876/734 725/877/735
f 724/876/734 722/871/731 710/855/718
f 710/855/718 711/857/720 724/876/734
f 711/857/720 726/878/736 724/876/734
f 725/877/735 724/876/734 727/879/737
f 728/880/738 727/879/737 724/876/734
f 726/878/736 728/880/738 724/876/734
f 726/878/736 729/881/739 728/880/738
f 729/881/739 726/878/736 730/882/740
f 726/878/736 731/883/741 730/882/740
f 731/883/741 732/884/742 730/882/740
f 733/885/743 734/886/744 732/884/742
f 733/885/743 735/887/745 734/886/744
f 735/887/745 736/888/746 734/886/744
f 739/889/747 737/875/733 735/887/745
f 736/888/746 735/887/745 725/877/735
f 737/875/733 725/877/735 735/887/745
f 736/888/746 725/877/735 738/890/748
f 738/890/748 725/877/735 727/879/737
f 725/877/735 737/875/733 722/871/731
f 103/106/90 739/889/747 735/887/745
f 733/885/743 103/106/90 735/887/745
f 731/883/741 733/885/743 732/884/742
f 731/883/741 740/891/749 733/885/743
f 561/108/92 103/106/90 733/885/743
f 740/891/749 561/108/92 733/885/743
f 741/892/750 740/891/749 731/883/741
f 85/52/45 561/108/92 740/891/749
f 85/52/45 740/891/749 698/840/707
f 698/840/707 740/891/749 741/892/750
f 726/878/736 741/892/750 731/883/741
f 711/857/720 741/892/750 726/878/736
f 701/845/711 711/857/720 705/849/715
f 711/857/720 701/845/711 741/892/750
f 701/845/711 698/840/707 741/892/750
f 87/110/94 742/893/712 707/835/670
f 87/110/94 707/835/670 564/1/1
f 700/894/709 702/895/710 742/893/712
f 43/114/50 700/894/709 742/893/712
f 87/110/94 43/114/50 742/893/712
f 743/896/751 94/133/97 93/897/96
f 93/898/96 744/899/752 743/900/751
f 744/899/752 93/898/96 92/901/99
f 743/896/751 745/902/753 94/133/97
f 744/899/752 92/901/99 746/903/754
f 92/901/99 747/904/755 746/903/754
f 92/901/99 91/905/103 747/904/755
f 91/905/103 748/906/756 747/904/755
f 91/905/103 90/907/105 748/906/756
f 746/903/754 747/904/755 717/865/726
f 747/904/755 748/906/756 717/865/726
f 748/906/756 90/907/105 716/863/724
f 716/863/724 90/907/105 89/908/106
f 716/863/724 714/862/723 748/906/756
f 748/906/756 714/862/723 717/865/726
f 716/863/724 89/908/106 715/864/725
f 89/908/106 749/909/757 715/864/725
f 665/910/671 749/909/757 89/908/106
f 89/908/106 88/911/4 665/910/671
f 665/910/671 715/864/725 749/909/757
f 715/864/725 665/910/671 709/856/719
f 707/851/670 709/856/719 665/910/671
f 717/865/726 718/866/727 746/903/754
f 750/912/758 746/903/754 718/866/727
f 750/912/758 718/866/727 720/870/730
f 744/899/752 746/903/754 750/912/758
f 744/899/752 750/912/758 743/900/751
f 750/912/758 720/870/730 723/873/732
f 743/900/751 750/912/758 723/873/732
f 745/902/753 743/896/751 723/874/732
f 737/875/733 745/902/753 723/874/732
f 739/889/747 745/902/753 737/875/733
f 745/902/753 739/889/747 103/106/90
f 745/902/753 103/106/90 94/133/97
f 752/913/759 751/914/760 754/915/761
f 751/914/760 753/916/762 754/915/761
f 754/915/761 753/916/762 755/917/763
f 756/918/764 755/917/763 753/916/762
f 756/918/764 753/916/762 757/919/765
f 759/920/766 758/921/767 761/922/768
f 759/920/766 761/922/768 760/923/769
f 760/923/769 761/922/768 762/924/770
f 761/922/768 763/925/771 762/924/770
f 764/926/772 118/149/124 117/148/123
f 764/926/772 117/148/123 765/927/773
f 121/151/126 765/153/773 117/152/123
f 767/154/774 764/926/772 765/927/773
f 766/155/775 764/926/772 767/154/774
f 764/926/772 766/155/775 768/156/776
f 768/156/776 118/149/124 764/926/772
f 769/157/777 768/156/776 766/155/775
f 768/156/776 126/158/131 118/149/124
f 768/156/776 769/157/777 126/158/131
f 770/928/778 769/157/777 766/155/775
f 126/158/131 769/157/777 771/160/779
f 772/929/780 770/928/778 766/155/775
f 773/930/781 769/157/777 770/928/778
f 769/157/777 773/930/781 771/160/779
f 772/929/780 766/155/775 774/163/782
f 774/163/782 775/164/783 772/929/780
f 770/928/778 772/929/780 776/931/784
f 772/929/780 1125/932/785 776/931/784
f 774/163/782 766/155/775 767/154/774
f 775/164/783 774/163/782 777/933/786
f 774/163/782 767/154/774 777/933/786
f 767/934/774 765/153/773 778/935/787
f 121/151/126 778/935/787 765/153/773
f 780/936/788 777/172/786 779/171/789
f 777/172/786 767/934/774 779/171/789
f 779/171/789 767/934/774 781/937/790
f 782/938/791 780/936/788 779/171/789
f 782/938/791 779/171/789 783/939/792
f 781/937/790 783/939/792 779/171/789
f 781/937/790 767/934/774 784/940/793
f 784/940/793 767/934/774 778/935/787
f 781/937/790 785/941/794 783/939/792
f 785/941/794 781/937/790 784/940/793
f 778/935/787 786/942/795 784/940/793
f 786/942/795 778/935/787 121/151/126
f 785/941/794 784/940/793 787/179/796
f 786/942/795 787/179/796 784/940/793
f 788/943/797 782/938/791 783/939/792
f 783/939/792 785/941/794 788/943/797
f 785/941/794 787/179/796 789/944/798
f 788/945/797 996/946/799 782/947/791
f 788/945/797 790/948/800 996/946/799
f 788/943/797 785/941/794 791/186/801
f 790/948/800 788/945/797 791/949/801
f 791/186/801 785/941/794 789/944/798
f 791/186/801 789/944/798 792/188/802
f 793/950/803 152/951/159 794/952/804
f 793/192/803 792/188/802 795/953/805
f 789/944/798 795/953/805 792/188/802
f 793/192/803 795/953/805 152/194/159
f 795/953/805 558/195/161 152/194/159
f 786/942/795 789/944/798 787/179/796
f 560/196/162 558/195/161 795/953/805
f 560/196/162 795/953/805 789/944/798
f 786/942/795 560/196/162 789/944/798
f 786/942/795 154/197/163 560/196/162
f 786/942/795 121/151/126 154/197/163
f 796/954/806 799/955/807 797/956/808
f 800/957/809 799/955/807 796/954/806
f 797/956/808 799/955/807 798/958/810
f 800/957/809 802/959/811 799/955/807
f 802/959/811 798/958/810 799/955/807
f 800/957/809 804/960/812 802/959/811
f 805/961/813 804/960/812 800/957/809
f 804/960/812 811/962/814 802/959/811
f 804/960/812 805/961/813 806/963/815
f 1152/964/816 806/963/815 805/961/813
f 1152/964/816 807/965/817 806/963/815
f 807/965/817 810/966/818 806/963/815
f 1152/964/816 808/967/819 807/965/817
f 1152/964/816 809/968/820 808/967/819
f 810/966/818 807/965/817 808/967/819
f 809/968/820 810/966/818 808/967/819
f 806/963/815 810/966/818 811/962/814
f 811/962/814 804/960/812 806/963/815
f 813/969/821 810/966/818 809/968/820
f 810/966/818 812/970/822 811/962/814
f 813/969/821 812/970/822 810/966/818
f 811/962/814 812/970/822 803/971/823
f 811/962/814 803/971/823 802/959/811
f 812/970/822 813/969/821 803/971/823
f 803/971/823 813/969/821 814/972/824
f 814/972/824 813/969/821 815/973/825
f 816/974/826 815/973/825 813/969/821
f 798/958/810 803/971/823 814/972/824
f 798/958/810 802/959/811 803/971/823
f 798/958/810 814/972/824 817/975/827
f 817/975/827 801/976/828 798/958/810
f 819/977/829 801/976/828 817/975/827
f 801/978/828 820/979/830 818/980/831
f 801/976/828 819/977/829 820/981/830
f 851/982/832 836/983/833 819/977/829
f 820/981/830 819/977/829 836/983/833
f 820/981/830 836/983/833 822/984/834
f 820/979/830 822/985/834 821/986/835
f 821/986/835 822/985/834 823/987/836
f 823/988/836 825/989/837 824/990/838
f 823/988/836 826/991/839 825/989/837
f 822/984/834 826/991/839 823/988/836
f 826/991/839 829/992/840 825/989/837
f 827/993/841 826/991/839 822/984/834
f 829/992/840 826/991/839 828/994/842
f 829/992/840 828/994/842 832/995/843
f 826/991/839 830/996/844 828/994/842
f 831/997/845 832/995/843 828/994/842
f 831/997/845 828/994/842 834/998/846
f 831/997/845 834/998/846 833/999/847
f 830/996/844 834/998/846 828/994/842
f 834/998/846 830/996/844 1064/1000/848
f 835/1001/849 1064/1000/848 830/996/844
f 1064/1000/848 1063/1002/850 834/998/846
f 835/1001/849 830/996/844 827/993/841
f 826/991/839 827/993/841 830/996/844
f 836/983/833 835/1001/849 827/993/841
f 827/993/841 822/984/834 836/983/833
f 837/1003/851 835/1001/849 836/983/833
f 836/983/833 838/1004/852 837/1003/851
f 838/1004/852 836/983/833 851/982/832
f 837/1003/851 839/1005/853 840/1006/854
f 838/1004/852 839/1005/853 837/1003/851
f 850/1007/855 839/1005/853 838/1004/852
f 839/1005/853 841/1008/856 840/1006/854
f 841/1008/856 839/1005/853 850/1007/855
f 842/1009/857 840/1006/854 841/1008/856
f 842/1009/857 841/1008/856 843/1010/858
f 843/1010/858 844/1011/859 842/1009/857
f 844/1011/859 843/1010/858 845/1012/860
f 845/1012/860 846/1013/861 844/1011/859
f 843/1010/858 847/1014/862 845/1012/860
f 841/1008/856 847/1014/862 843/1010/858
f 847/1014/862 841/1008/856 848/1015/863
f 846/1013/861 845/1012/860 847/1014/862
f 849/1016/864 846/1013/861 847/1014/862
f 849/1016/864 847/1014/862 850/1007/855
f 850/1007/855 847/1014/862 848/1015/863
f 841/1008/856 850/1007/855 848/1015/863
f 850/1007/855 838/1004/852 851/982/832
f 850/1007/855 852/1017/865 849/1016/864
f 851/982/832 852/1017/865 850/1007/855
f 852/1017/865 851/982/832 853/1018/866
f 851/982/832 819/977/829 853/1018/866
f 852/1017/865 853/1018/866 849/1016/864
f 854/1019/867 853/1018/866 819/977/829
f 819/977/829 817/975/827 855/1020/868
f 854/1019/867 819/977/829 855/1020/868
f 814/972/824 855/1020/868 817/975/827
f 853/1018/866 857/1021/869 849/1016/864
f 853/1018/866 858/1022/870 857/1021/869
f 858/1022/870 853/1018/866 854/1019/867
f 854/1019/867 855/1020/868 858/1022/870
f 858/1022/870 859/1023/871 857/1021/869
f 858/1022/870 860/1024/872 859/1023/871
f 859/1023/871 861/1025/873 857/1021/869
f 863/1026/874 860/1024/872 858/1022/870
f 863/1026/874 862/1027/875 860/1024/872
f 858/1022/870 855/1020/868 863/1026/874
f 863/1026/874 855/1020/868 856/1028/876
f 864/1029/877 863/1026/874 856/1028/876
f 862/1027/875 863/1026/874 864/1029/877
f 862/1027/875 864/1029/877 1076/1030/878
f 862/1027/875 859/1023/871 860/1024/872
f 1076/1030/878 865/1031/879 862/1027/875
f 1076/1030/878 866/1032/880 865/1031/879
f 865/1031/879 866/1032/880 861/1025/873
f 865/1031/879 859/1023/871 862/1027/875
f 859/1023/871 865/1031/879 861/1025/873
f 824/1033/838 1051/1034/881 867/1035/882
f 824/1033/838 867/1035/882 868/1036/883
f 823/987/836 824/1037/838 868/1038/883
f 821/986/835 869/1039/884 820/979/830
f 820/979/830 869/1039/884 818/980/831
f 801/978/828 818/980/831 870/1040/885
f 798/1041/810 801/978/828 870/1040/885
f 798/1041/810 870/1040/885 871/1042/886
f 797/1043/808 798/1041/810 871/1042/886
f 818/980/831 872/1044/887 870/1040/885
f 869/1039/884 872/1044/887 818/980/831
f 823/987/836 873/1045/888 821/986/835
f 868/1038/883 873/1045/888 823/987/836
f 873/1045/888 869/1039/884 821/986/835
f 868/1038/883 874/1046/889 873/1045/888
f 874/1046/889 875/1047/890 873/1045/888
f 875/1047/890 876/1048/891 873/1045/888
f 877/1049/892 873/1045/888 876/1048/891
f 878/1050/893 875/1051/890 949/1052/894
f 878/1050/893 949/1052/894 879/1053/895
f 876/1048/891 875/1047/890 878/1054/893
f 880/1055/896 876/1048/891 878/1054/893
f 878/1050/893 879/1053/895 881/1056/897
f 882/1057/898 880/1055/896 878/1054/893
f 881/1056/897 883/1058/899 878/1050/893
f 881/1056/897 884/1059/900 883/1058/899
f 882/1057/898 878/1054/893 883/1060/899
f 882/1057/898 885/1061/901 880/1055/896
f 886/1062/902 882/1057/898 883/1060/899
f 885/1061/901 882/1057/898 886/1062/902
f 884/1059/900 887/1063/903 883/1058/899
f 886/1062/902 883/1060/899 887/1064/903
f 887/1063/903 888/1065/904 889/1066/905
f 889/1067/905 1131/1068/906 890/312/907
f 890/1069/907 887/1064/903 889/1070/905
f 887/1064/903 890/1069/907 886/1062/902
f 890/1069/907 892/1071/908 886/1062/902
f 890/1069/907 891/1072/909 892/1071/908
f 893/1073/910 891/1072/909 890/1069/907
f 894/1074/911 893/1073/910 890/1069/907
f 885/1061/901 886/1062/902 892/1071/908
f 895/1075/912 885/1061/901 892/1071/908
f 896/1076/913 893/1073/910 894/1074/911
f 897/1077/914 896/1078/913 894/1079/911
f 898/1080/915 893/1073/910 896/1076/913
f 898/1080/915 896/1076/913 899/1081/916
f 900/1082/917 896/1078/913 897/1077/914
f 900/1082/917 897/1077/914 901/1083/918
f 1081/1084/919 900/1082/917 901/1083/918
f 1080/1085/920 900/1082/917 1081/1084/919
f 900/1082/917 902/1086/921 896/1078/913
f 899/1087/916 896/1078/913 902/1086/921
f 903/1088/922 759/920/766 760/923/769
f 904/1089/923 903/1088/922 760/923/769
f 1080/1085/920 902/1086/921 900/1082/917
f 760/923/769 905/1090/924 904/1089/923
f 906/1091/925 902/1086/921 1080/1085/920
f 906/1091/925 1080/1085/920 758/1092/767
f 905/1090/924 1171/1093/926 904/1089/923
f 904/1089/923 1171/1093/926 1173/1094/927
f 907/1095/928 903/1088/922 904/1089/923
f 903/1088/922 908/1096/929 759/920/766
f 908/1096/929 758/921/767 759/920/766
f 908/1096/929 906/1097/925 758/921/767
f 909/1098/930 907/1095/928 904/1089/923
f 904/1089/923 1173/1094/927 909/1098/930
f 909/1098/930 1173/1094/927 1175/1099/931
f 909/1100/930 1175/1101/931 910/1102/932
f 910/1102/932 907/1103/928 909/1100/930
f 1175/1101/931 911/1104/933 910/1102/932
f 912/1105/934 911/1104/933 1175/1101/931
f 910/1102/932 913/1106/935 907/1103/928
f 913/1106/935 914/1107/936 907/1103/928
f 907/1103/928 914/1107/936 903/1108/922
f 915/1109/937 912/1105/934 888/1065/904
f 915/1109/937 888/1065/904 887/1063/903
f 911/1104/933 912/1105/934 915/1109/937
f 916/1110/938 910/1102/932 911/1104/933
f 916/1110/938 913/1106/935 910/1102/932
f 917/1111/939 911/1104/933 915/1109/937
f 911/1104/933 917/1111/939 916/1110/938
f 918/1112/940 915/1109/937 887/1063/903
f 918/1112/940 887/1063/903 884/1059/900
f 917/1111/939 915/1109/937 918/1112/940
f 917/1111/939 918/1112/940 919/1113/941
f 884/1059/900 881/1056/897 918/1112/940
f 920/1114/942 917/1111/939 919/1113/941
f 917/1111/939 920/1114/942 916/1110/938
f 920/1114/942 921/1115/943 916/1110/938
f 920/1114/942 922/1116/944 921/1115/943
f 913/1106/935 916/1110/938 921/1115/943
f 913/1106/935 921/1115/943 924/1117/945
f 923/1118/946 924/1117/945 921/1115/943
f 913/1106/935 924/1117/945 914/1107/936
f 914/1107/936 924/1117/945 925/1119/947
f 923/1118/946 926/1120/948 924/1117/945
f 926/1120/948 927/1121/949 924/1117/945
f 926/1120/948 928/1122/950 927/1121/949
f 928/1122/950 926/1120/948 923/1118/946
f 928/1122/950 923/1118/946 930/1123/951
f 928/1122/950 929/1124/952 927/1121/949
f 930/1123/951 929/1124/952 928/1122/950
f 929/1124/952 930/1123/951 931/1125/953
f 893/1073/910 929/1124/952 931/1125/953
f 893/1073/910 898/1080/915 929/1124/952
f 893/1073/910 931/1125/953 891/1072/909
f 892/1071/908 891/1072/909 931/1125/953
f 927/1121/949 929/1124/952 898/1080/915
f 927/1121/949 898/1080/915 899/1081/916
f 924/1117/945 927/1121/949 925/1119/947
f 927/371/949 899/1087/916 902/1086/921
f 914/1107/936 925/1119/947 903/1108/922
f 903/1088/922 925/372/947 908/1096/929
f 927/371/949 902/1086/921 906/1091/925
f 925/372/947 927/373/949 906/1097/925
f 925/372/947 906/1097/925 908/1096/929
f 931/1125/953 895/1075/912 892/1071/908
f 930/1123/951 932/1126/954 931/1125/953
f 932/1126/954 895/1075/912 931/1125/953
f 895/1075/912 880/1055/896 885/1061/901
f 895/1075/912 933/1127/955 880/1055/896
f 932/1126/954 933/1127/955 895/1075/912
f 933/1127/955 876/1048/891 880/1055/896
f 932/1126/954 935/1128/956 933/1127/955
f 932/1126/954 934/1129/957 935/1128/956
f 933/1127/955 877/1049/892 876/1048/891
f 933/1127/955 935/1128/956 936/1130/958
f 935/1128/956 934/1129/957 937/1131/959
f 935/1128/956 937/1131/959 936/1130/958
f 933/1127/955 938/1132/960 877/1049/892
f 936/1130/958 938/1132/960 933/1127/955
f 873/1045/888 877/1049/892 938/1132/960
f 939/1133/961 938/1132/960 936/1130/958
f 940/1134/962 939/1133/961 936/1130/958
f 940/1134/962 936/1130/958 937/1131/959
f 873/1045/888 938/1132/960 869/1039/884
f 939/1133/961 869/1039/884 938/1132/960
f 939/1133/961 872/1044/887 869/1039/884
f 939/1133/961 940/1134/962 872/1044/887
f 941/1135/963 872/1044/887 940/1134/962
f 872/1044/887 941/1135/963 870/1040/885
f 941/1135/963 942/1136/964 870/1040/885
f 871/1042/886 870/1040/885 942/1136/964
f 943/1137/965 797/1043/808 871/1042/886
f 796/1138/806 797/1043/808 943/1137/965
f 796/1138/806 943/1137/965 944/1139/966
f 796/1138/806 944/1139/966 945/1140/967
f 945/1140/967 867/1035/882 1051/1034/881
f 945/1140/967 944/1139/966 867/1035/882
f 867/1035/882 944/1139/966 868/1036/883
f 944/1139/966 943/1137/965 946/1141/968
f 943/1137/965 871/1042/886 946/1141/968
f 868/1036/883 944/1139/966 947/1142/969
f 944/1139/966 946/1141/968 947/1142/969
f 868/1036/883 947/1142/969 874/1143/889
f 947/1142/969 875/1051/890 874/1143/889
f 948/1144/970 946/1141/968 871/1042/886
f 942/1136/964 948/1144/970 871/1042/886
f 947/1142/969 949/1052/894 875/1051/890
f 947/1142/969 950/1145/971 949/1052/894
f 950/1145/971 879/1053/895 949/1052/894
f 946/1141/968 950/1145/971 947/1142/969
f 946/1141/968 951/1146/972 950/1145/971
f 951/1146/972 952/1147/973 950/1145/971
f 952/1147/973 879/1053/895 950/1145/971
f 953/1148/974 946/1141/968 948/1144/970
f 953/1148/974 951/1146/972 946/1141/968
f 953/1148/974 948/1144/970 942/1136/964
f 952/1147/973 951/1146/972 954/1149/975
f 955/1150/976 953/1148/974 942/1136/964
f 955/1150/976 942/1136/964 941/1135/963
f 940/1134/962 955/1150/976 941/1135/963
f 955/1150/976 940/1134/962 937/1131/959
f 953/1148/974 954/1149/975 951/1146/972
f 955/1150/976 937/1131/959 956/1151/977
f 953/1148/974 955/1150/976 956/1151/977
f 934/1129/957 956/1151/977 937/1131/959
f 953/1148/974 956/1151/977 957/1152/978
f 953/1148/974 957/1152/978 954/1149/975
f 958/1153/979 952/1147/973 954/1149/975
f 952/1147/973 958/1153/979 879/1053/895
f 879/1053/895 918/1112/940 881/1056/897
f 958/1153/979 918/1112/940 879/1053/895
f 958/1153/979 919/1113/941 918/1112/940
f 919/1113/941 958/1153/979 954/1149/975
f 919/1113/941 954/1149/975 920/1114/942
f 957/1152/978 920/1114/942 954/1149/975
f 957/1152/978 922/1116/944 920/1114/942
f 959/1154/980 957/1152/978 956/1151/977
f 959/1154/980 922/1116/944 957/1152/978
f 934/1129/957 959/1154/980 956/1151/977
f 934/1129/957 932/1126/954 930/1123/951
f 959/1154/980 934/1129/957 930/1123/951
f 959/1154/980 930/1123/951 923/1118/946
f 922/1116/944 923/1118/946 921/1115/943
f 922/1116/944 959/1154/980 923/1118/946
f 964/1155/981 965/1156/982 967/1157/983
f 967/1157/983 965/1156/982 969/1158/984
f 964/1155/981 967/1157/983 968/1159/985
f 968/1159/985 967/1157/983 963/1160/986
f 963/1160/986 967/1157/983 970/1161/987
f 967/1157/983 969/1158/984 970/1161/987
f 963/1160/986 970/1161/987 972/1162/988
f 963/1160/986 973/1163/989 971/1164/990
f 973/1163/989 963/1160/986 972/1162/988
f 973/1163/989 962/1165/991 971/1164/990
f 974/1166/992 962/1165/991 973/1163/989
f 969/1158/984 976/1167/993 970/1161/987
f 975/1168/994 970/1161/987 976/1167/993
f 975/1168/994 972/1162/988 970/1161/987
f 975/1168/994 977/1169/995 972/1162/988
f 976/1167/993 980/1170/996 975/1168/994
f 980/1170/996 978/1171/997 975/1168/994
f 975/1168/994 978/1171/997 977/1169/995
f 979/1172/998 978/1171/997 980/1170/996
f 978/1171/997 979/1172/998 977/1169/995
f 981/1173/999 979/1172/998 980/1170/996
f 979/1172/998 982/1174/1000 977/1169/995
f 981/1173/999 983/1175/1001 979/1172/998
f 983/1175/1001 982/1174/1000 979/1172/998
f 983/1175/1001 981/1173/999 984/1176/1002
f 1050/1177/1003 977/1169/995 982/1174/1000
f 983/1175/1001 985/1178/1004 982/1174/1000
f 986/1179/1005 983/1175/1001 984/1176/1002
f 986/1179/1005 985/1178/1004 983/1175/1001
f 986/1179/1005 984/1176/1002 1000/1180/1006
f 987/1181/1007 986/1179/1005 1000/1180/1006
f 986/1179/1005 987/1181/1007 988/1182/1008
f 1000/1183/1006 794/952/804 987/1184/1007
f 794/952/804 989/1185/1009 987/1184/1007
f 990/1186/1010 987/1181/1007 989/1187/1009
f 988/1182/1008 987/1181/1007 990/1186/1010
f 991/1188/1011 988/1182/1008 990/1186/1010
f 991/1188/1011 992/1189/1012 988/1182/1008
f 991/1188/1011 993/1190/1013 992/1189/1012
f 790/948/800 791/949/801 997/1191/1014
f 997/1191/1014 791/949/801 792/1192/802
f 792/1192/802 793/950/803 998/1193/1015
f 794/952/804 998/1193/1015 793/950/803
f 999/1194/1016 792/1192/802 998/1193/1015
f 997/1191/1014 792/1192/802 999/1194/1016
f 794/952/804 1000/1183/1006 998/1193/1015
f 1001/1195/1017 998/1193/1015 1000/1183/1006
f 998/1193/1015 1001/1195/1017 999/1194/1016
f 1002/1196/1018 997/1191/1014 999/1194/1016
f 997/1191/1014 1002/1196/1018 1003/1197/1019
f 997/1191/1014 1003/1197/1019 790/948/800
f 1004/1198/1020 996/946/799 790/948/800
f 1004/1198/1020 790/948/800 1003/1197/1019
f 1003/1197/1019 1002/1196/1018 1044/1199/1021
f 1004/1198/1020 1003/1197/1019 1044/1199/1021
f 1005/1200/1022 1002/1196/1018 999/1194/1016
f 1005/1200/1022 1044/1199/1021 1002/1196/1018
f 1001/1195/1017 1006/1201/1023 999/1194/1016
f 1005/1200/1022 999/1194/1016 1006/1201/1023
f 1001/1195/1017 1000/1183/1006 984/1202/1002
f 981/1203/999 1001/1195/1017 984/1202/1002
f 981/1203/999 1007/1204/1024 1001/1195/1017
f 1007/1204/1024 981/1203/999 980/1205/996
f 1006/1201/1023 1001/1195/1017 1008/1206/1025
f 1008/1206/1025 1001/1195/1017 1007/1204/1024
f 1005/1200/1022 1006/1201/1023 1008/1206/1025
f 1005/1200/1022 1008/1206/1025 1009/1207/1026
f 1010/1208/1027 1007/1204/1024 980/1205/996
f 1008/1206/1025 1007/1204/1024 1011/1209/1028
f 1010/1208/1027 1011/1209/1028 1007/1204/1024
f 1008/1206/1025 1012/1210/1029 1009/1207/1026
f 1012/1210/1029 1008/1206/1025 1011/1209/1028
f 1013/1211/1030 1010/1208/1027 980/1205/996
f 1010/1208/1027 1014/1212/1031 1011/1209/1028
f 1013/1211/1030 1014/1212/1031 1010/1208/1027
f 1012/1210/1029 1011/1209/1028 1015/1213/1032
f 1013/1211/1030 980/1205/996 976/1214/993
f 1013/1211/1030 1016/1215/1033 1014/1212/1031
f 1014/1212/1031 1017/1216/1034 1011/1209/1028
f 1011/1209/1028 1017/1216/1034 1015/1213/1032
f 1017/1216/1034 1018/1217/1035 1015/1213/1032
f 1014/1212/1031 1018/1217/1035 1017/1216/1034
f 1019/1218/1036 1012/1210/1029 1015/1213/1032
f 1009/1207/1026 1012/1210/1029 1019/1218/1036
f 1018/1217/1035 1019/1218/1036 1015/1213/1032
f 1018/1217/1035 1020/1219/1037 1019/1218/1036
f 1019/1218/1036 1020/1219/1037 1022/1220/1038
f 1019/1218/1036 1022/1220/1038 1021/1221/1039
f 1023/1222/1040 1020/1219/1037 1018/1217/1035
f 1014/1212/1031 1023/1222/1040 1018/1217/1035
f 1023/1222/1040 1024/1223/1041 1020/1219/1037
f 1024/1223/1041 1022/1220/1038 1020/1219/1037
f 1016/1215/1033 1025/1224/1042 1014/1212/1031
f 1025/1224/1042 1023/1222/1040 1014/1212/1031
f 1016/1215/1033 1013/1211/1030 1026/1225/1043
f 1013/1211/1030 976/1214/993 969/1226/984
f 1026/1225/1043 1013/1211/1030 969/1226/984
f 1026/1225/1043 969/1226/984 965/1227/982
f 965/1227/982 1027/1228/1044 1026/1225/1043
f 966/1229/1045 1026/1225/1043 1027/1228/1044
f 966/1229/1045 1028/1230/1046 1026/1225/1043
f 1028/1230/1046 1016/1215/1033 1026/1225/1043
f 1028/1230/1046 1025/1224/1042 1016/1215/1033
f 1029/1231/1047 1025/1224/1042 1028/1230/1046
f 1029/1231/1047 1030/1232/1048 1025/1224/1042
f 960/1233/1049 1030/1232/1048 1029/1231/1047
f 1025/1224/1042 1030/1232/1048 1023/1222/1040
f 1030/1232/1048 1024/1223/1041 1023/1222/1040
f 1024/1223/1041 1031/1234/1050 1022/1220/1038
f 1030/1232/1048 960/1233/1049 1024/1223/1041
f 1031/1234/1050 1024/1223/1041 1032/1235/1051
f 960/1233/1049 1032/1235/1051 1024/1223/1041
f 960/1233/1049 1033/1236/1052 1032/1235/1051
f 961/1237/1053 1033/1236/1052 960/1233/1049
f 1034/1238/1054 1033/1239/1052 961/1240/1053
f 962/1165/991 1033/1239/1052 1034/1238/1054
f 1032/1241/1051 1033/1239/1052 1035/1242/1055
f 962/1165/991 1035/1242/1055 1033/1239/1052
f 974/1166/992 1035/1242/1055 962/1165/991
f 1036/1243/1056 1032/1241/1051 1035/1242/1055
f 1036/1243/1056 1031/1244/1050 1032/1241/1051
f 1036/1243/1056 1035/1242/1055 974/1166/992
f 974/1166/992 973/1163/989 1037/1245/1057
f 972/1162/988 1037/1245/1057 973/1163/989
f 972/1162/988 1038/1246/1058 1037/1245/1057
f 1037/1245/1057 1038/1246/1058 974/1166/992
f 972/1162/988 977/1169/995 1038/1246/1058
f 1038/1246/1058 1039/1247/1059 974/1166/992
f 1036/1243/1056 974/1166/992 1039/1247/1059
f 1031/1244/1050 1036/1243/1056 1040/1248/1060
f 1039/1247/1059 1040/1248/1060 1036/1243/1056
f 1031/1244/1050 1040/1248/1060 1022/1249/1038
f 1040/1248/1060 1021/1250/1039 1022/1249/1038
f 1050/1177/1003 1038/1246/1058 977/1169/995
f 1038/1246/1058 1050/1177/1003 1039/1247/1059
f 1050/1177/1003 1041/1251/1061 1039/1247/1059
f 1040/1248/1060 1039/1247/1059 1041/1251/1061
f 1042/1252/1062 1019/1218/1036 1021/1221/1039
f 1009/1207/1026 1019/1218/1036 1042/1252/1062
f 1040/1248/1060 1043/1253/1063 1021/1250/1039
f 1042/1252/1062 1021/1221/1039 1043/1254/1063
f 1042/1252/1062 1044/1199/1021 1009/1207/1026
f 1005/1200/1022 1009/1207/1026 1044/1199/1021
f 1045/1255/1064 1042/1252/1062 1043/1254/1063
f 1042/1252/1062 1045/1255/1064 1044/1199/1021
f 1040/1248/1060 1047/1256/1065 1043/1253/1063
f 1047/1256/1065 1040/1248/1060 1041/1251/1061
f 1004/1198/1020 1044/1199/1021 1045/1255/1064
f 1046/1257/1066 1004/1198/1020 1045/1255/1064
f 1045/1255/1064 1043/1254/1063 1046/1257/1066
f 1004/1198/1020 1046/1257/1066 995/1258/1067
f 1004/1198/1020 995/1258/1067 996/946/799
f 1046/1259/1066 994/1260/1068 995/1261/1067
f 994/1260/1068 1046/1259/1066 1047/1256/1065
f 993/1190/1013 994/1260/1068 1047/1256/1065
f 1047/1256/1065 1046/1259/1066 1043/1253/1063
f 993/1190/1013 1047/1256/1065 1048/1262/1069
f 992/1189/1012 993/1190/1013 1048/1262/1069
f 992/1189/1012 985/1178/1004 988/1182/1008
f 986/1179/1005 988/1182/1008 985/1178/1004
f 1049/1263/1070 992/1189/1012 1048/1262/1069
f 992/1189/1012 1049/1263/1070 985/1178/1004
f 1048/1262/1069 1047/1256/1065 1041/1251/1061
f 1050/1177/1003 1049/1263/1070 1048/1262/1069
f 985/1178/1004 1049/1263/1070 1050/1177/1003
f 1050/1177/1003 1048/1262/1069 1041/1251/1061
f 985/1178/1004 1050/1177/1003 982/1174/1000
f 1052/1264/1071 796/1265/806 945/1266/967
f 1052/1264/1071 800/1267/809 796/1265/806
f 1052/1264/1071 945/1266/967 1051/1268/881
f 825/1269/837 1053/1270/1072 824/1271/838
f 1053/1270/1072 1051/1268/881 824/1271/838
f 1052/1264/1071 1051/1268/881 1054/1272/1073
f 829/1273/840 1053/1270/1072 825/1269/837
f 1053/1270/1072 1054/1272/1073 1051/1268/881
f 1053/1270/1072 1055/1274/1074 1054/1272/1073
f 1056/1275/1075 1052/1264/1071 1054/1272/1073
f 1054/1272/1073 1055/1274/1074 1057/1276/1076
f 829/1273/840 1055/1274/1074 1053/1270/1072
f 1057/1276/1076 1055/1274/1074 829/1273/840
f 1057/1276/1076 829/1273/840 1059/1277/1077
f 1058/1278/1078 1059/1277/1077 829/1273/840
f 832/1279/843 1060/1280/1079 829/1273/840
f 1058/1278/1078 829/1273/840 1060/1280/1079
f 832/1279/843 1061/1281/1080 1060/1280/1079
f 1183/1282/1081 1061/1281/1080 832/1279/843
f 1063/1283/850 1061/1281/1080 1183/1282/1081
f 1062/1284/1082 1060/1280/1079 1061/1281/1080
f 1063/1283/850 1062/1284/1082 1061/1281/1080
f 1063/1283/850 1064/1285/848 1062/1284/1082
f 1062/1284/1082 1058/1278/1078 1060/1280/1079
f 1058/1278/1078 1062/1284/1082 1064/1285/848
f 1064/1000/848 835/1001/849 1058/1286/1078
f 1059/1287/1077 1058/1286/1078 835/1001/849
f 1059/1287/1077 835/1001/849 837/1003/851
f 1059/1287/1077 837/1003/851 1065/1288/1083
f 1065/1289/1083 1066/1290/1084 1059/1277/1077
f 1065/1288/1083 837/1003/851 840/1006/854
f 1066/1290/1084 1057/1276/1076 1059/1277/1077
f 1065/1289/1083 840/1291/854 1067/1292/1085
f 1066/1290/1084 1065/1289/1083 1067/1292/1085
f 840/1291/854 1068/1293/1086 1067/1292/1085
f 842/1294/857 1068/1293/1086 840/1291/854
f 1068/1293/1086 1069/1295/1087 1067/1292/1085
f 842/1294/857 1070/1296/1088 1068/1293/1086
f 1069/1295/1087 1068/1293/1086 1070/1296/1088
f 846/1297/861 849/1298/864 1069/1295/1087
f 1069/1295/1087 1070/1296/1088 846/1297/861
f 1066/1290/1084 1067/1292/1085 1069/1295/1087
f 849/1298/864 1066/1290/1084 1069/1295/1087
f 1066/1290/1084 849/1298/864 1071/1299/1089
f 1071/1299/1089 1057/1276/1076 1066/1290/1084
f 849/1298/864 1072/1300/1090 1071/1299/1089
f 849/1298/864 857/1301/869 1072/1300/1090
f 1071/1299/1089 1073/1302/1091 1057/1276/1076
f 1054/1272/1073 1057/1276/1076 1074/1303/1092
f 1056/1275/1075 1054/1272/1073 1074/1303/1092
f 1074/1303/1092 1057/1276/1076 1073/1302/1091
f 1073/1302/1091 864/1304/877 1074/1303/1092
f 1073/1302/1091 1071/1299/1089 1072/1300/1090
f 864/1304/877 1073/1302/1091 1075/1305/1093
f 1073/1302/1091 1072/1300/1090 1075/1305/1093
f 1075/1305/1093 1076/1306/878 864/1304/877
f 1077/1307/1094 1072/1300/1090 857/1301/869
f 1078/1308/1095 1075/1305/1093 1072/1300/1090
f 1075/1305/1093 1078/1308/1095 1076/1306/878
f 1077/1307/1094 1078/1308/1095 1072/1300/1090
f 861/1309/873 1077/1307/1094 857/1301/869
f 1076/1306/878 1078/1308/1095 1079/1310/1096
f 1078/1308/1095 1077/1307/1094 1079/1310/1096
f 1079/1310/1096 866/1311/880 1076/1306/878
f 866/1311/880 1079/1310/1096 1077/1307/1094
f 861/1309/873 866/1311/880 1077/1307/1094
f 842/1294/857 844/1312/859 1070/1296/1088
f 844/1312/859 846/1297/861 1070/1296/1088
f 758/1092/767 1080/1085/920 688/36/696
f 1080/1085/920 1081/1084/919 688/36/696
f 441/561/455 1082/563/1097 152/562/159
f 152/951/159 1082/1313/1097 989/1185/1009
f 152/951/159 989/1185/1009 794/952/804
f 441/561/455 1083/1314/1098 1082/563/1097
f 1083/1314/1098 989/566/1009 1082/563/1097
f 1083/1314/1098 441/561/455 444/567/458
f 1083/1314/1098 1084/568/1099 989/566/1009
f 1084/1315/1099 990/1186/1010 1185/1316/1100
f 1085/1317/1101 990/1186/1010 1084/1315/1099
f 991/1188/1011 990/1186/1010 1085/1317/1101
f 993/1190/1013 991/1188/1011 1086/1318/1102
f 994/1260/1068 993/1190/1013 1086/1318/1102
f 1085/1319/1101 1087/1320/1103 991/574/1011
f 1087/1320/1103 1086/1321/1102 991/574/1011
f 994/1260/1068 1086/1318/1102 1088/1322/1104
f 995/1261/1067 994/1260/1068 1088/1322/1104
f 995/1261/1067 1088/1322/1104 1089/1323/1105
f 1089/1324/1105 996/946/799 995/1258/1067
f 1089/1324/1105 782/947/791 996/946/799
f 1089/1325/1105 780/936/788 782/938/791
f 1089/1326/1105 1088/1327/1104 1090/1328/1106
f 1118/1329/1107 1088/1327/1104 1086/1321/1102
f 1118/1329/1107 1090/1328/1106 1088/1327/1104
f 1086/1321/1102 1091/1330/1108 1118/1329/1107
f 1086/1321/1102 1087/1320/1103 1091/1330/1108
f 1092/1331/1109 1087/1320/1103 1085/1319/1101
f 1092/1331/1109 1091/1330/1108 1087/1320/1103
f 1095/587/1110 1094/1332/1111 1093/1333/1112
f 562/590/473 1093/1333/1112 1083/1314/1098
f 1095/587/1110 1093/1333/1112 562/590/473
f 562/590/473 1083/1314/1098 444/567/458
f 1095/587/1110 1112/1334/1113 1094/1332/1111
f 1112/1334/1113 1095/587/1110 562/590/473
f 1112/1334/1113 562/590/473 478/592/475
f 1096/593/1114 457/595/478 458/594/477
f 1097/596/1115 1096/593/1114 458/594/477
f 458/594/477 1098/597/1116 1097/596/1115
f 461/598/481 1098/597/1116 458/594/477
f 461/598/481 1099/599/1117 1098/597/1116
f 1099/599/1117 1100/600/1118 1098/597/1116
f 1099/599/1117 1101/601/1119 1100/600/1118
f 1102/602/1120 1098/597/1116 1100/600/1118
f 1102/602/1120 1097/596/1115 1098/597/1116
f 1097/596/1115 1102/602/1120 1096/593/1114
f 1100/600/1118 1103/1335/1121 1102/602/1120
f 1102/602/1120 1103/1335/1121 1104/604/1122
f 1102/602/1120 1105/605/1123 1096/593/1114
f 1104/604/1122 1105/605/1123 1102/602/1120
f 1096/593/1114 1105/605/1123 457/595/478
f 1101/601/1119 1103/1335/1121 1100/600/1118
f 1101/601/1119 1106/1336/1124 1103/1335/1121
f 1103/1335/1121 1107/607/1125 1104/604/1122
f 1104/604/1122 1108/1337/1126 1105/605/1123
f 1107/607/1125 1108/1337/1126 1104/604/1122
f 1109/1338/1127 1105/605/1123 1108/1337/1126
f 1105/605/1123 1109/1338/1127 1110/1339/1128
f 457/595/478 1105/605/1123 1110/1339/1128
f 457/595/478 1110/1339/1128 476/611/494
f 1111/1340/1129 1108/1337/1126 1107/607/1125
f 1112/1334/1113 476/614/494 1110/613/1128
f 1112/1334/1113 478/592/475 476/614/494
f 1113/1341/1130 1112/616/1113 1110/1339/1128
f 1114/1342/1131 1110/1339/1128 1109/1338/1127
f 1109/1338/1127 1108/1337/1126 1114/1342/1131
f 1113/1341/1130 1110/1339/1128 1114/1342/1131
f 1111/1340/1129 1113/1341/1130 1114/1342/1131
f 1111/1340/1129 1114/1342/1131 1108/1337/1126
f 1111/1340/1129 1115/1343/1132 1113/1341/1130
f 1111/1340/1129 1116/1344/1133 1115/1343/1132
f 1112/1334/1113 1113/1345/1130 1117/1346/1134
f 1113/1345/1130 1115/622/1132 1118/1329/1107
f 1118/1329/1107 1115/622/1132 1090/1328/1106
f 1091/1330/1108 1117/1346/1134 1113/1345/1130
f 1118/1329/1107 1091/1330/1108 1113/1345/1130
f 1091/1330/1108 1092/1331/1109 1117/1346/1134
f 1089/1326/1105 1090/1328/1106 1119/1347/1135
f 1089/1325/1105 1119/624/1135 780/936/788
f 1119/625/1135 1090/1348/1106 1115/1343/1132
f 1120/1349/1136 780/628/788 1119/625/1135
f 1119/625/1135 1115/1343/1132 1120/1349/1136
f 1120/1349/1136 1121/1350/1137 780/628/788
f 780/1351/788 1121/1352/1137 777/933/786
f 1116/1344/1133 1120/1349/1136 1115/1343/1132
f 1116/1344/1133 1121/1350/1137 1120/1349/1136
f 777/933/786 1121/1352/1137 775/164/783
f 1116/1344/1133 1111/1340/1129 1122/632/1138
f 1121/1350/1137 1116/1344/1133 1123/633/1139
f 1116/1344/1133 1122/632/1138 1123/633/1139
f 1124/634/1140 775/164/783 1121/1352/1137
f 1123/633/1139 1124/1353/1140 1121/1350/1137
f 1125/932/785 775/164/783 1124/634/1140
f 1125/932/785 772/929/780 775/164/783
f 1126/1354/1141 1125/1355/785 1124/1353/1140
f 1127/1356/1142 1124/1353/1140 1123/633/1139
f 1127/1356/1142 1126/1354/1141 1124/1353/1140
f 1129/1357/1143 1125/932/785 1128/1358/1144
f 1125/1355/785 1126/1354/1141 1128/1359/1144
f 1130/1360/1145 1126/1354/1141 1127/1356/1142
f 1177/1361/1146 1129/1357/1143 1128/1358/1144
f 1177/1361/1146 1128/1358/1144 889/1362/905
f 888/645/904 1177/1361/1146 889/1362/905
f 889/1067/905 1128/1359/1144 1132/1363/1147
f 1128/1359/1144 1126/1354/1141 1132/1363/1147
f 1132/1363/1147 1131/1068/906 889/1067/905
f 1126/1354/1141 1130/1360/1145 1132/1363/1147
f 890/312/907 1131/1068/906 1133/1364/1148
f 1133/1364/1148 894/1079/911 890/312/907
f 1132/1363/1147 1133/1364/1148 1131/1068/906
f 1130/1360/1145 1127/1356/1142 1123/633/1139
f 1123/633/1139 1134/1365/1149 1130/1360/1145
f 1123/633/1139 1122/632/1138 1134/1365/1149
f 1107/607/1125 1122/632/1138 1111/1340/1129
f 1103/1335/1121 1122/632/1138 1107/607/1125
f 1134/1365/1149 1122/632/1138 1103/1335/1121
f 1134/1365/1149 1103/1335/1121 1135/1366/1150
f 1134/1365/1149 1135/1366/1150 1130/1360/1145
f 1106/1336/1124 1135/1366/1150 1103/1335/1121
f 1130/1360/1145 1135/1366/1150 1132/1363/1147
f 1136/1367/1151 1132/1363/1147 1135/1366/1150
f 1106/1336/1124 1136/1367/1151 1135/1366/1150
f 1136/1367/1151 1133/1364/1148 1132/1363/1147
f 1106/1336/1124 1101/601/1119 1137/1368/1152
f 1101/601/1119 1099/599/1117 1137/1368/1152
f 1136/1367/1151 1106/1336/1124 1137/1368/1152
f 1137/1368/1152 1138/1369/1153 1136/1367/1151
f 1139/1370/1154 1137/1368/1152 1099/599/1117
f 1137/1368/1152 1140/1371/1155 1138/1369/1153
f 1137/1368/1152 1139/1370/1154 1140/1371/1155
f 507/656/522 1099/599/1117 461/598/481
f 507/656/522 1141/657/1156 1099/599/1117
f 1099/599/1117 1141/657/1156 1139/1370/1154
f 1141/657/1156 507/656/522 1142/1372/1157
f 510/659/525 1142/1372/1157 507/656/522
f 510/659/525 1143/839/697 1142/1372/1157
f 1142/1372/1157 1139/1370/1154 1141/657/1156
f 1144/1373/1158 1139/1370/1154 1142/1372/1157
f 1144/1373/1158 1140/1371/1155 1139/1370/1154
f 1136/1367/1151 1138/1369/1153 1145/1374/1159
f 1136/1367/1151 1145/1374/1159 1133/1364/1148
f 1140/1371/1155 901/1083/918 897/1077/914
f 901/1083/918 1140/1371/1155 1144/1373/1158
f 1140/1371/1155 897/1077/914 1138/1369/1153
f 1138/1369/1153 897/1077/914 894/1079/911
f 894/1079/911 1145/1374/1159 1138/1369/1153
f 1133/1364/1148 1145/1374/1159 894/1079/911
f 901/1083/918 1143/839/697 1081/1084/919
f 688/36/696 1081/1084/919 1143/839/697
f 1144/1373/1158 1143/839/697 901/1083/918
f 1144/1373/1158 1142/1372/1157 1143/839/697
f 1052/1264/1071 1146/1375/1160 800/1267/809
f 1056/1275/1075 1146/1375/1160 1052/1264/1071
f 800/1267/809 1146/1375/1160 1147/1376/1161
f 1146/1375/1160 1056/1275/1075 1147/1376/1161
f 1148/1377/1162 1147/1376/1161 1056/1275/1075
f 800/1267/809 1147/1376/1161 1149/1378/1163
f 800/1267/809 1149/1378/1163 805/1379/813
f 1149/1378/1163 1147/1376/1161 1148/1377/1162
f 1149/1378/1163 1150/1380/1164 805/1379/813
f 805/1379/813 1150/1380/1164 1151/1381/1165
f 1151/1381/1165 1152/1382/816 805/1379/813
f 1153/1383/1166 1151/1381/1165 1150/1380/1164
f 809/1384/820 1152/1382/816 1151/1381/1165
f 809/1384/820 1151/1381/1165 1153/1383/1166
f 1153/1383/1166 1150/1380/1164 1149/1378/1163
f 1153/1383/1166 813/1385/821 809/1384/820
f 1153/1383/1166 1149/1378/1163 1154/1386/1167
f 1153/1383/1166 1154/1386/1167 813/1385/821
f 1149/1378/1163 1148/1377/1162 1154/1386/1167
f 813/1385/821 1154/1386/1167 1148/1377/1162
f 1056/1275/1075 1074/1303/1092 1148/1377/1162
f 813/1385/821 1148/1377/1162 1155/1387/1168
f 1074/1303/1092 1155/1387/1168 1148/1377/1162
f 813/1385/821 1155/1387/1168 816/1388/826
f 1074/1303/1092 1156/1389/1169 1155/1387/1168
f 864/1304/877 1156/1389/1169 1074/1303/1092
f 864/1304/877 1166/1390/1170 1156/1389/1169
f 1155/1387/1168 1157/1391/1171 816/1388/826
f 1157/1391/1171 1155/1387/1168 1156/1389/1169
f 1156/1389/1169 1158/1392/1172 1157/1391/1171
f 1158/1392/1172 1156/1389/1169 1166/1390/1170
f 816/1388/826 1157/1391/1171 1159/1393/1173
f 1160/1394/1174 1158/1392/1172 1166/1390/1170
f 1159/1393/1173 1157/1391/1171 1158/1392/1172
f 1158/1392/1172 1160/1394/1174 1159/1393/1173
f 1162/1395/1175 855/1020/868 814/972/824
f 1162/1395/1175 814/972/824 1161/1396/1176
f 856/1028/876 855/1020/868 1162/1395/1175
f 815/973/825 1161/1396/1176 814/972/824
f 1162/1395/1175 1161/1396/1176 1163/1397/1177
f 1163/1397/1177 1161/1396/1176 815/973/825
f 1163/1397/1177 1165/1398/1178 1162/1395/1175
f 1165/1398/1178 856/1028/876 1162/1395/1175
f 815/973/825 816/974/826 1164/1399/1179
f 1163/1397/1177 815/973/825 1164/1399/1179
f 1165/1398/1178 1166/1400/1170 864/1029/877
f 1165/1398/1178 864/1029/877 856/1028/876
f 1167/1401/1180 1165/1398/1178 1163/1397/1177
f 1167/1401/1180 1163/1397/1177 1164/1399/1179
f 1167/1401/1180 1166/1400/1170 1165/1398/1178
f 1167/1401/1180 1160/1402/1174 1166/1400/1170
f 1168/1403/1181 1160/1402/1174 1167/1401/1180
f 1169/1404/1182 1160/1402/1174 1168/1403/1181
f 1159/1405/1173 1160/1402/1174 1169/1404/1182
f 816/974/826 1159/1405/1173 1169/1404/1182
f 816/974/826 1169/1404/1182 1164/1399/1179
f 1169/1404/1182 1167/1401/1180 1164/1399/1179
f 1167/1401/1180 1169/1404/1182 1168/1403/1181
f 763/925/771 2/694/29 538/693/105
f 538/693/105 1170/1406/1183 763/925/771
f 763/925/771 1170/1406/1183 762/924/770
f 762/924/770 905/1090/924 760/923/769
f 540/696/552 1170/1406/1183 538/693/105
f 762/924/770 1171/1093/926 905/1090/924
f 1170/1406/1183 1171/1093/926 762/924/770
f 540/696/552 1172/1407/1184 1170/1406/1183
f 1172/1407/1184 1171/1093/926 1170/1406/1183
f 1171/1093/926 1172/1407/1184 1173/1094/927
f 1175/1099/931 1173/1094/927 1174/1408/1185
f 1172/1407/1184 1176/1409/1186 1173/1094/927
f 1173/1094/927 1176/1409/1186 1174/1408/1185
f 1175/1099/931 1177/1361/1146 912/700/934
f 1177/1361/1146 888/645/904 912/700/934
f 1178/1410/1187 1177/1361/1146 1175/1099/931
f 1178/1410/1187 1175/1099/931 1174/1408/1185
f 1129/1357/1143 1177/1361/1146 1178/1410/1187
f 1178/1410/1187 1125/932/785 1129/1357/1143
f 1179/1411/1188 1178/1410/1187 1174/1408/1185
f 1178/1410/1187 776/931/784 1125/932/785
f 1179/1411/1188 776/931/784 1178/1410/1187
f 1179/1411/1188 770/928/778 776/931/784
f 773/930/781 770/928/778 1179/1411/1188
f 1179/1411/1188 1174/1408/1185 1176/1409/1186
f 1176/1409/1186 773/930/781 1179/1411/1188
f 1180/1412/1189 1176/1409/1186 1172/1407/1184
f 1180/1412/1189 1181/1413/1190 1176/1409/1186
f 540/696/552 559/705/560 1172/1407/1184
f 1180/1412/1189 1172/1407/1184 559/705/560
f 773/930/781 1176/1409/1186 1181/1413/1190
f 1181/1413/1190 1180/1412/1189 559/705/560
f 1181/1413/1190 559/705/560 552/706/561
f 773/930/781 1181/1413/1190 771/160/779
f 1181/1413/1190 552/706/561 771/160/779
f 126/158/131 771/160/779 552/706/561
f 1182/1414/1191 832/995/843 831/997/845
f 1182/1414/1191 1183/1415/1081 832/995/843
f 1184/1416/1192 1183/1415/1081 1182/1414/1191
f 1063/1002/850 1183/1415/1081 1184/1416/1192
f 1063/1002/850 1184/1416/1192 834/998/846
f 833/999/847 1184/1416/1192 1182/1414/1191
f 833/999/847 1182/1414/1191 831/997/845
f 1184/1416/1192 833/999/847 834/998/846
f 1117/1346/1134 1094/1332/1111 1112/1334/1113
f 1094/1332/1111 1117/1346/1134 1092/1331/1109
f 1094/1332/1111 1092/1331/1109 1093/1333/1112
f 1083/1314/1098 1085/1319/1101 1084/568/1099
f 1084/1315/1099 1185/1316/1100 989/1417/1009
f 1205/1418/1193 1192/1419/1194 1214/1420/1195
f 1202/1421/1196 1201/1422/1197 1203/1423/1198
f 1204/1424/1199 1206/1425/1200 1205/1418/1193
f 1206/1425/1200 1204/1424/1199 1195/1426/1201
f 1197/1427/1202 1200/1428/1203 1196/1429/1204
f 1211/1430/1205 1194/1431/1206 1196/1432/1204
f 1211/1430/1205 1195/1433/1201 1194/1431/1206
f 1202/1421/1196 1187/1434/1207 1193/1435/1208
f 1212/1436/1209 1191/1437/1210 1213/1438/1211
f 1205/1418/1193 1214/1420/1195 1207/1439/1212
f 1208/1440/1213 1203/1441/1198 1201/1442/1214
f 1198/1443/1215 1221/1444/1216 1220/1445/1217
f 1198/1446/1215 1223/1447/1218 1197/1427/1202
f 1224/1448/1219 1207/1439/1212 1214/1420/1195
f 1189/1449/1220 1215/1450/1221 1225/1451/1222
f 1226/1452/1223 1221/1444/1216 1195/1426/1201
f 1210/1453/1224 1214/1420/1195 1219/1454/1225
f 1228/1455/1226 1224/1448/1219 1218/1456/1227
f 1224/1448/1219 1217/1457/1228 1218/1456/1227
f 1222/1458/1229 1229/1459/1230 1225/1451/1222
f 1205/1418/1193 1206/1425/1200 1193/1460/1208
f 1209/1461/1231 1225/1451/1222 1215/1450/1221
f 1188/1462/1232 1225/1451/1222 1213/1438/1211
f 1204/1424/1199 1207/1439/1212 1226/1452/1223
f 1228/1455/1226 1226/1452/1223 1207/1439/1212
f 1232/1463/1233 1235/1464/1234 1231/1465/1235
f 1235/1464/1234 1232/1463/1233 1239/1466/1236
f 1247/1467/1237 1232/1463/1233 1231/1465/1235
f 1233/1468/1238 1241/1469/1239 1240/1470/1240
f 1231/1465/1235 1235/1464/1234 1242/1471/1241
f 1233/1472/1238 1243/1473/1242 1230/1474/1243
f 1244/1475/1244 1231/1465/1235 1242/1471/1241
f 1232/1463/1233 1245/1476/1245 1239/1466/1236
f 1237/1477/1246 1244/1475/1244 1230/1478/1243
f 1244/1475/1244 1242/1471/1241 1230/1478/1243
f 1240/1470/1240 1241/1469/1239 1242/1471/1241
f 1234/1479/1247 1239/1466/1236 1238/1480/1248
f 1236/1481/1249 1237/1477/1246 1230/1478/1243
f 1243/1482/1250 1250/1483/1251 1236/1484/1252
f 1245/1485/1253 1251/1486/1254 1239/1487/1255
f 1243/1488/1250 1248/1489/1256 1250/1490/1251
f 1250/1491/1257 1253/1492/1258 1260/1493/1259
f 1248/1489/1260 1254/1494/1261 1255/1495/1262
f 1251/1486/1263 1257/1496/1264 1249/1497/1265
f 1250/1483/1257 1255/1498/1262 1258/1499/1266
f 1249/1497/1265 1256/1500/1267 1248/1501/1260
f 1226/1502/1223 1263/1503/1268 1220/1504/1217
f 1222/1505/1229 1264/1506/1269 1262/1507/1270
f 1229/1508/1230 1262/1507/1270 1212/1509/1209
f 1222/1505/1229 1262/1507/1270 1229/1508/1230
f 1261/1510/1271 1269/1511/1272 1268/1512/1273
f 1261/1510/1271 1266/1513/1274 1269/1511/1272
f 1264/1506/1275 1273/1514/1276 1272/1515/1277
f 1265/1516/1278 1268/1512/1273 1274/1517/1279
f 1264/1506/1275 1270/1518/1280 1273/1514/1276
f 1265/1516/1278 1276/1519/1281 1263/1503/1282
f 1262/1507/1283 1272/1515/1277 1275/1520/1284
f 1193/1521/1208 1280/1522/1285 1192/1523/1194
f 1189/1524/1220 1278/1525/1286 1216/1526/1287
f 1277/1527/1288 1281/1528/1289 1285/1529/1290
f 1280/1522/1291 1285/1530/1290 1284/1531/1292
f 1280/1522/1291 1284/1531/1292 1279/1532/1293
f 1278/1525/1294 1281/1533/1289 1277/1534/1288
f 687/33/695 686/31/694 761/834/768
f 1215/1450/1221 1189/1449/1220 1216/1535/1287
f 1191/1536/1210 1210/1453/1224 1190/1537/1295
f 1188/1462/1232 1191/1437/1210 1189/1449/1220
f 597/1538/1296 573/749/595 572/719/573 576/722/576
f 446/571/461 445/569/459 349/434/368
f 454/588/471 446/573/461 453/586/469
f 455/589/472 454/588/471 453/586/469
f 443/565/457 446/573/461 454/588/471
f 445/569/459 348/1539/367 556/570/460
f 583/718/572 593/746/592 570/716/570
f 578/1540/1297 574/743/574 580/712/566 579/1541/1298
f 580/712/566 581/711/565 579/1541/1298
f 582/727/581 583/718/572 584/1542/1299
f 584/1542/1299 573/749/595 582/727/581
f 575/735/575 574/1543/574 578/724/578
f 589/744/591 574/743/574 572/1544/573
f 589/744/591 572/1544/573 573/1545/595
f 580/712/566 571/745/571 565/710/564
f 590/738/588 592/756/602 591/739/589
f 583/718/572 585/728/582 593/746/592
f 586/729/583 579/725/579 581/760/565
f 573/1545/595 584/1546/1299 571/745/571 589/744/591
f 599/754/600 595/740/590 588/734/587 593/746/592
f 576/722/576 604/751/597 597/1538/1296
f 576/758/576 575/735/575 598/726/580
f 599/754/600 593/746/592 585/728/582
f 567/713/567 600/748/594 594/730/584
f 602/750/596 573/749/595 597/1538/1296
f 588/734/587 596/733/586 593/746/592
f 606/755/601 595/740/590 599/754/600
f 603/757/598 598/726/580 605/753/599
f 601/747/593 600/748/594 592/756/602
f 597/1538/1296 604/751/597 602/750/596
f 583/718/572 571/717/571 584/1542/1299
f 587/731/585 594/730/584 600/748/594
f 587/731/585 601/747/593 577/723/577 586/729/583
f 566/759/603 591/739/589 600/748/594
f 579/725/579 586/729/583 577/723/577
f 623/776/617 624/764/607 609/1547/1300 622/1548/1301
f 582/727/581 602/750/596 585/728/582
f 606/755/601 585/728/582 602/750/596
f 609/1547/1300 608/766/609 612/767/610
f 612/767/610 616/775/616 609/1547/1300
f 624/764/607 608/766/609 609/1547/1300
f 610/772/604 617/778/619 618/1549/614
f 610/761/604 607/769/612 620/762/605
f 621/765/608 619/768/611 608/766/609
f 609/1547/1300 616/775/616 622/1548/1301
f 614/777/618 607/779/612 621/765/608
f 594/730/584 581/760/565 565/1550/564 625/1551/659
f 619/768/611 607/779/612 618/1549/614
f 617/778/619 619/768/611 618/1549/614
f 611/774/615 615/773/606 616/775/616
f 623/776/617 613/780/613 614/777/618
f 630/790/629 623/781/620 622/1552/1302 629/793/628
f 620/1553/623 613/1554/622 628/1555/621
f 622/1556/1302 616/787/626 629/789/628
f 626/796/624 627/788/627 616/787/626 615/1557/625
f 620/784/623 628/798/621 626/785/624
f 637/795/634 638/800/640 630/790/639 629/793/633
f 628/782/637 638/800/640 631/1558/1303
f 626/785/635 633/799/638 632/1559/636
f 629/789/633 627/788/630 635/792/632
f 628/1555/637 636/1560/1304 633/1561/638
f 631/1562/1303 636/1560/1304 628/1555/637
f 639/1563/641 640/811/1305 592/1564/602 590/1565/588
f 627/788/630 626/796/635 634/791/631
f 642/805/642 641/808/643 604/1566/597 603/806/598
f 642/805/642 605/804/599 601/1567/593 640/811/1305
f 639/802/641 595/801/590 606/810/601 643/809/644
f 644/1568/1306 645/814/651 640/811/645 639/1563/650
f 602/807/596 604/1566/597 641/808/643
f 601/1567/593 592/1564/602 640/811/1305
f 648/1569/1307 649/816/654 641/808/653 642/805/647
f 639/802/650 646/813/649 647/1570/1308
f 639/802/650 647/1570/1308 644/1571/1306
f 656/825/660 657/1572/657 568/1573/568 567/1574/567
f 642/805/647 650/812/646 651/1575/1309
f 643/809/648 652/818/656 646/813/649
f 642/805/647 651/1575/1309 648/1569/1307
f 643/809/648 641/808/653 654/817/655
f 640/811/645 653/815/652 650/812/646
f 658/828/1310 655/830/658 565/1576/564 571/1577/571
f 571/1578/571 570/1579/570 658/1580/1310
f 658/1580/1310 570/1579/570 596/821/586 657/820/657
f 660/1581/1311 661/1582/662 657/1572/661 656/825/668
f 567/1574/567 625/824/659 656/825/660
f 655/1583/666 663/1584/665 659/1585/667
f 116/146/121 23/833/27 24/1586/28 114/142/117
f 658/1580/664 662/832/669 663/1587/665
f 658/1580/664 657/820/661 662/832/669
f 659/831/667 660/1581/1311 656/825/668
f 28/737/34 689/736/698 1143/839/697 510/659/525
f 26/1588/31 111/143/118 114/142/117
f 25/33/30 26/1589/31 114/834/117
f 594/730/584 625/1551/659 567/713/567
f 569/742/569 568/732/568 588/734/587
f 566/759/603 567/713/567 569/715/569
f 1221/1444/1216 1198/1443/1215 1194/1590/1206 1195/1426/1201
f 1092/1331/1109 1085/1319/1101 1093/1333/1112
f 1093/1333/1112 1085/1319/1101 1083/1314/1098
f 1187/1434/1207 1202/1421/1196 1203/1423/1198
f 1189/1449/1220 1191/1437/1210 1190/1591/1295
f 1192/1419/1194 1205/1418/1193 1193/1460/1208
f 1194/1590/1206 1197/1592/1202 1196/1593/1204
f 1197/1592/1202 1194/1590/1206 1198/1443/1215
f 1191/1536/1210 1212/1594/1209 1218/1456/1227 1210/1453/1224
f 1199/1595/1312 1201/1442/1214 1200/1428/1203
f 1199/1595/1312 1200/1428/1203 1223/1447/1218
f 1204/1424/1199 1205/1418/1193 1207/1439/1212
f 1208/1440/1213 1209/1461/1231 1215/1450/1221
f 1190/1537/1295 1210/1453/1224 1219/1454/1225
f 1200/1428/1203 1197/1427/1202 1223/1447/1218
f 1210/1453/1224 1218/1456/1227 1217/1457/1228
f 1200/1596/1313 1201/1422/1197 1202/1421/1196 1196/1432/1204
f 1195/1433/1201 1211/1430/1205 1193/1435/1208 1206/1597/1200
f 1196/1432/1204 1202/1421/1196 1211/1430/1205
f 1229/1459/1230 1212/1436/1209 1213/1438/1211 1225/1451/1222
f 1193/1435/1208 1211/1430/1205 1202/1421/1196
f 1219/1454/1225 1214/1420/1195 1192/1419/1194
f 1222/1458/1229 1199/1595/1312 1223/1447/1218
f 1209/1461/1231 1222/1458/1229 1225/1451/1222
f 1204/1424/1199 1226/1452/1223 1195/1426/1201
f 1220/1445/1217 1227/1598/1314 1198/1443/1215
f 1220/1445/1217 1221/1444/1216 1226/1452/1223
f 1224/1448/1219 1228/1455/1226 1207/1439/1212
f 1224/1448/1219 1214/1420/1195 1210/1453/1224 1217/1457/1228
f 1227/1599/1314 1223/1447/1218 1198/1446/1215
f 1188/1462/1232 1189/1449/1220 1225/1451/1222
f 1191/1437/1210 1188/1462/1232 1213/1438/1211
f 1208/1440/1213 1215/1450/1221 1203/1441/1198
f 1209/1461/1231 1208/1440/1213 1199/1595/1312 1222/1458/1229
f 1199/1595/1312 1208/1440/1213 1201/1442/1214
f 1246/1600/1315 1245/1476/1245 1232/1463/1233 1247/1467/1237
f 1233/1472/1238 1238/1601/1248 1243/1473/1242
f 1247/1467/1237 1231/1465/1235 1244/1475/1244
f 1230/1474/1243 1243/1473/1242 1236/1602/1249
f 1241/1603/1239 1233/1472/1238 1230/1474/1243
f 1233/1468/1238 1234/1479/1247 1238/1480/1248
f 1234/1479/1247 1235/1464/1234 1239/1466/1236
f 1215/1450/1221 1216/1535/1287 1187/1604/1207 1203/1441/1198
f 1247/1467/1237 1237/1477/1246 1246/1600/1315
f 1234/1479/1247 1240/1470/1240 1235/1464/1234
f 1234/1479/1247 1233/1468/1238 1240/1470/1240
f 1241/1469/1239 1230/1478/1243 1242/1471/1241
f 1235/1464/1234 1240/1470/1240 1242/1471/1241
f 1237/1477/1246 1247/1467/1237 1244/1475/1244
f 1237/1477/1246 1236/1481/1249 1246/1600/1315
f 1252/1605/1316 1251/1606/1254 1245/1607/1253 1246/1608/1317
f 1246/1608/1317 1236/1609/1252 1250/1491/1251
f 1243/1488/1250 1238/1610/1318 1248/1489/1256
f 1239/1487/1255 1251/1486/1254 1249/1497/1319
f 1248/1501/1256 1238/1611/1318 1239/1487/1255 1249/1497/1319
f 1246/1608/1317 1250/1491/1251 1252/1605/1316
f 1259/1612/1320 1251/1606/1263 1252/1605/1321 1260/1493/1259
f 1249/1497/1265 1257/1496/1264 1256/1500/1267
f 1250/1483/1257 1258/1499/1266 1253/1613/1258
f 1251/1606/1263 1259/1612/1320 1257/1614/1264
f 1248/1501/1260 1256/1500/1267 1254/1615/1261
f 1264/1506/1269 1227/1616/1314 1220/1504/1217 1263/1503/1268
f 1250/1490/1257 1248/1489/1260 1255/1495/1262
f 1252/1605/1321 1250/1491/1257 1260/1493/1259
f 1212/1509/1209 1262/1507/1270 1261/1617/1322
f 1218/1618/1227 1212/1619/1209 1261/1510/1322
f 1261/1510/1322 1265/1516/1323 1228/1620/1226 1218/1618/1227
f 1222/1505/1229 1223/1621/1218 1264/1506/1269
f 1266/1622/1274 1261/1617/1271 1262/1507/1283 1267/1623/1324
f 1223/1621/1218 1227/1616/1314 1264/1506/1269
f 1226/1502/1223 1265/1516/1323 1263/1503/1268
f 1226/1502/1223 1228/1620/1226 1265/1516/1323
f 1270/1518/1280 1264/1506/1275 1263/1503/1282 1271/1624/1325
f 1278/1525/1286 1189/1524/1220 1190/1625/1295 1279/1626/1326
f 1262/1507/1283 1264/1506/1275 1272/1515/1277
f 1265/1516/1278 1261/1510/1271 1268/1512/1273
f 1262/1507/1283 1275/1520/1284 1267/1623/1324
f 1263/1503/1282 1276/1519/1281 1271/1624/1325
f 1265/1516/1278 1274/1517/1279 1276/1519/1281
f 1280/1627/1285 1193/1628/1208 1187/1629/1207 1277/1630/1327
f 1190/1631/1295 1219/1632/1225 1279/1532/1326
f 1187/1633/1207 1216/1526/1287 1277/1534/1327
f 1280/1522/1285 1279/1532/1326 1219/1632/1225 1192/1523/1194
f 1282/1634/1328 1278/1525/1294 1279/1626/1293 1283/1635/1329
f 1216/1526/1287 1278/1525/1286 1277/1534/1327
f 686/1586/694 685/833/693 763/925/771 761/922/768
f 1279/1532/1293 1286/1636/1330 1283/1637/1329
f 1280/1627/1291 1277/1630/1288 1285/1638/1290
f 1278/1525/1294 1282/1634/1328 1281/1533/1289
f 1279/1532/1293 1284/1531/1292 1286/1636/1330
f 2/694/29 763/925/771 685/833/693
f 761/922/768 758/921/767 688/1588/696
f 761/834/768 688/1589/696 687/33/695
